timestamp,engine,model,cpu_cores,batch_size,target_input_tokens,target_output_tokens,repeat,walltime_sec,input_tokens,output_tokens,total_tokens,requests_per_sec,output_tokens_per_sec,total_tokens_per_sec,fairshare_cost,fairshare_cost_per_1k_output_tokens,gpu_util_avg,gpu_util_max,gpu_memory_max_mb,gpu_power_avg_w,experiment,source_file,gpu_memory_utilization,input_tokens_per_sec,fairshare_cost_per_request,gpu_memory_avg_mb,fairshare_cost_recalculated,fairshare_cost_per_1k_recalculated,fs_per_1k
2026-08-19 15:16:53,transformers,Qwen/Qwen2.5-7B-Instruct,16,1,128,256,0,3.539519501850009,142,256,398.0,0.2825242238324517,72.32620130110764,112.4446410853158,162.8178970851004,636.0074104886735,71.1875,95.0,15329.0,239.53875,initial,results/result_cpu16_105795_0.csv,,,,,162.8178970851004,636.0074104886735,636.0074104886735
2026-08-19 15:16:56,transformers,Qwen/Qwen2.5-7B-Instruct,16,1,128,256,1,2.8478275388479237,142,256,398.0,0.3511448591457001,89.89308394129924,139.75565393998866,131.00006678700447,511.7190108867362,88.07692307692308,95.0,15329.0,291.8492307692308,initial,results/result_cpu16_105795_0.csv,,,,,131.0000667870045,511.7190108867363,511.7190108867363
2026-08-19 15:16:59,transformers,Qwen/Qwen2.5-7B-Instruct,16,1,128,256,2,2.8510654605925083,142,256,398.0,0.3507460680303637,89.7909934157731,139.59693507608472,131.14901118725538,512.3008249502163,91.53846153846152,95.0,15329.0,292.44153846153847,initial,results/result_cpu16_105795_0.csv,,,,,131.14901118725538,512.3008249502163,512.3008249502163
2026-08-19 15:17:45,transformers,Qwen/Qwen2.5-7B-Instruct,16,4,128,256,0,3.422975627705455,568,1024,1592.0,1.1685739061721996,299.1549199800831,465.0924146565354,157.45687887445092,153.76648327583098,78.75,95.0,15473.0,249.37625,initial,results/result_cpu16_105795_1.csv,,,,,157.45687887445092,153.76648327583098,153.76648327583098
2026-08-19 15:17:49,transformers,Qwen/Qwen2.5-7B-Instruct,16,4,128,256,1,3.5878687128424644,568,1024,1592.0,1.114867995498929,285.40620684772574,443.7174622085736,165.04196079075336,161.17378983472008,72.8125,81.0,15473.0,261.66,initial,results/result_cpu16_105795_1.csv,,,,,165.04196079075336,161.17378983472008,161.17378983472008
2026-08-19 15:17:53,transformers,Qwen/Qwen2.5-7B-Instruct,16,4,128,256,2,3.521242655813694,568,1024,1592.0,1.1359626106414056,290.8064283241998,452.1131190352794,161.97716216742992,158.1808224291308,79.1875,82.0,15473.0,270.1925,initial,results/result_cpu16_105795_1.csv,,,,,161.97716216742992,158.18082242913079,158.18082242913079
2026-08-19 16:01:58,transformers,Qwen/Qwen2.5-7B-Instruct,16,1,2048,256,0,2.9782927855849266,2062,256,2318.0,0.335762825213171,85.95528325457178,778.2982288441304,137.00146813690662,535.1619849097915,86.23076923076923,95.0,15731.0,278.9623076923077,initial,results/result_cpu16_105795_10.csv,,,,,137.00146813690662,535.1619849097915,535.1619849097915
2026-08-19 16:02:01,transformers,Qwen/Qwen2.5-7B-Instruct,16,1,2048,256,1,2.960460292175412,2062,256,2318.0,0.337785310832586,86.47303957314202,782.9863505099344,136.18117344006896,531.9577087502694,92.3846153846154,95.0,15731.0,307.14153846153846,initial,results/result_cpu16_105795_10.csv,,,,,136.18117344006896,531.9577087502694,531.9577087502694
2026-08-19 16:02:05,transformers,Qwen/Qwen2.5-7B-Instruct,16,1,2048,256,2,3.558427384123206,2062,256,2318.0,0.2810230172074733,71.94189240511317,651.4113538869232,163.68765966966748,639.4049205846386,76.6875,95.0,15731.0,283.445625,initial,results/result_cpu16_105795_10.csv,,,,,163.68765966966748,639.4049205846386,639.4049205846386
2026-08-19 16:03:08,transformers,Qwen/Qwen2.5-7B-Instruct,16,4,2048,256,0,3.592699846252799,8248,1024,9272.0,1.1133688232185657,285.0224187439528,2580.7889322206347,165.26419292762876,161.39081340588746,83.875,96.0,17319.0,294.905,initial,results/result_cpu16_105795_11.csv,,,,,165.26419292762876,161.39081340588746,161.39081340588746
2026-08-19 16:03:12,transformers,Qwen/Qwen2.5-7B-Instruct,16,4,2048,256,1,3.762134762480855,8248,1024,9272.0,1.0632261342393514,272.185890365274,2464.5581791668164,173.05819907411933,169.00214753331966,81.6470588235294,100.0,17319.0,309.2182352941177,initial,results/result_cpu16_105795_11.csv,,,,,173.05819907411933,169.00214753331966,169.00214753331966
2026-08-19 16:03:15,transformers,Qwen/Qwen2.5-7B-Instruct,16,4,2048,256,2,3.3881684597581625,8248,1024,9272.0,1.1805788429674209,302.22818379965975,2736.5817579984814,155.85574914887547,152.2028800281987,92.125,96.0,17319.0,324.98625,initial,results/result_cpu16_105795_11.csv,,,,,155.85574914887547,152.2028800281987,152.2028800281987
2026-08-19 16:04:18,transformers,Qwen/Qwen2.5-7B-Instruct,16,8,2048,256,0,4.00598257035017,16496,2048,18544.0,1.9970131820370616,511.23537460148776,4629.0765559619085,184.27519823610783,89.97812413872452,82.72222222222223,100.0,19355.0,321.2933333333333,initial,results/result_cpu16_105795_12.csv,,,,,184.27519823610783,89.97812413872452,89.97812413872452
2026-08-19 16:04:22,transformers,Qwen/Qwen2.5-7B-Instruct,16,8,2048,256,1,4.142603686079383,16496,2048,18544.0,1.9311526291744576,494.3750730686612,4476.411794426393,190.5597695596516,93.04676248029864,78.10526315789474,100.0,19355.0,331.93052631578945,initial,results/result_cpu16_105795_12.csv,,,,,190.5597695596516,93.04676248029864,93.04676248029864
2026-08-19 16:04:26,transformers,Qwen/Qwen2.5-7B-Instruct,16,8,2048,256,2,3.723631260916591,16496,2048,18544.0,2.1484404441353733,550.0007536986556,4980.084949505796,171.28703800216317,83.63624902449374,84.88235294117646,100.0,19355.0,353.76941176470586,initial,results/result_cpu16_105795_12.csv,,,,,171.2870380021632,83.63624902449375,83.63624902449375
2026-08-19 16:05:38,transformers,Qwen/Qwen2.5-7B-Instruct,16,16,2048,256,0,9.794608052819967,32998,4096,37094.0,1.6335518393095307,418.1892708632399,3787.1857454592337,450.5519704297185,109.998039655693,96.23255813953487,100.0,23679.0,463.01093023255817,initial,results/result_cpu16_105795_13.csv,,,,,450.5519704297185,109.99803965569299,109.99803965569299
2026-08-19 16:05:48,transformers,Qwen/Qwen2.5-7B-Instruct,16,16,2048,256,1,9.827880822122095,32998,4096,37094.0,1.6280213699768065,416.77347071406246,3774.364043619979,452.08251781761646,110.37170845156652,96.27272727272728,100.0,23679.0,470.74,initial,results/result_cpu16_105795_13.csv,,,,,452.0825178176164,110.3717084515665,110.3717084515665
2026-08-19 16:05:58,transformers,Qwen/Qwen2.5-7B-Instruct,16,16,2048,256,2,9.812726464122534,32998,4096,37094.0,1.6305356170376792,417.4171179616459,3780.1930111497295,451.38541734963655,110.20151790762613,96.52272727272728,100.0,23679.0,471.2845454545455,initial,results/result_cpu16_105795_13.csv,,,,,451.38541734963655,110.20151790762611,110.20151790762611
2026-08-19 16:07:08,transformers,Qwen/Qwen2.5-7B-Instruct,16,32,2048,256,0,16.336673084646463,66006,8192,74198.0,1.9587831521262584,501.4484869443221,4541.806010045753,751.4869618937373,91.7342482780441,97.48611111111111,100.0,32029.0,519.6693055555555,initial,results/result_cpu16_105795_14.csv,,,,,751.4869618937373,91.7342482780441,91.7342482780441
2026-08-19 16:07:24,transformers,Qwen/Qwen2.5-7B-Instruct,16,32,2048,256,1,16.33401083946228,66006,8192,74198.0,1.9591024099659191,501.5302169512753,4542.546269207853,751.3644986152649,91.7192991473712,99.0,100.0,32029.0,528.8220833333334,initial,results/result_cpu16_105795_14.csv,,,,,751.3644986152649,91.7192991473712,91.7192991473712
2026-08-19 16:07:41,transformers,Qwen/Qwen2.5-7B-Instruct,16,32,2048,256,2,16.317858258262277,66006,8192,74198.0,1.961041669411323,502.0266673692987,4547.042805843167,750.6214798800647,91.62859861817196,97.68493150684932,100.0,32029.0,533.1504109589041,initial,results/result_cpu16_105795_14.csv,,,,,750.6214798800647,91.62859861817196,91.62859861817196
2026-08-19 16:08:47,vllm,Qwen/Qwen2.5-7B-Instruct,16,1,128,256,0,1.958852184936404,142,256,398.0,0.5105030423888088,130.68877885153506,203.18021087074592,90.1072005070746,351.98125198076013,99.44444444444444,100.0,86731.0,376.15777777777777,initial,results/result_cpu16_105795_15.csv,,,,,90.10720050707458,351.9812519807601,351.9812519807601
2026-08-19 16:08:49,vllm,Qwen/Qwen2.5-7B-Instruct,16,1,128,256,1,1.958652270957828,142,256,398.0,0.5105551479594569,130.70211787762096,203.20094888786383,90.09800446406008,351.94532993773464,100.0,100.0,86731.0,360.2522222222222,initial,results/result_cpu16_105795_15.csv,,,,,90.09800446406008,351.9453299377347,351.9453299377347
2026-08-19 16:08:51,vllm,Qwen/Qwen2.5-7B-Instruct,16,1,128,256,2,1.9585203379392624,142,256,398.0,0.5105895408021094,130.71092244534,203.21463723923952,90.09193554520608,351.9216232234612,96.11111111111111,100.0,86731.0,361.5944444444444,initial,results/result_cpu16_105795_15.csv,,,,,90.09193554520607,351.9216232234612,351.9216232234612
2026-08-19 16:10:24,vllm,Qwen/Qwen2.5-7B-Instruct,16,4,128,256,0,1.9942085780203345,568,1024,1592.0,2.005808240966865,513.4869096875175,798.3116799048123,91.73359458893538,89.5835884657572,97.77777777777776,100.0,86731.0,374.9244444444444,initial,results/result_cpu16_105795_16.csv,,,,,91.73359458893539,89.58358846575722,89.58358846575722
2026-08-19 16:10:27,vllm,Qwen/Qwen2.5-7B-Instruct,16,4,128,256,1,2.0042104721069336,568,1024,1592.0,1.9957983733090596,510.9243835671192,794.3277525770056,92.19368171691896,90.03289230167866,96.44444444444444,100.0,86731.0,362.22222222222223,initial,results/result_cpu16_105795_16.csv,,,,,92.19368171691895,90.03289230167866,90.03289230167866
2026-08-19 16:10:29,vllm,Qwen/Qwen2.5-7B-Instruct,16,4,128,256,2,2.000186074525118,568,1024,1592.0,1.999813942785136,511.9523693529948,795.9259492284841,92.00855942815542,89.85210881655803,88.88888888888889,100.0,86731.0,361.99,initial,results/result_cpu16_105795_16.csv,,,,,92.00855942815542,89.85210881655803,89.85210881655803
2026-08-19 16:11:58,vllm,Qwen/Qwen2.5-7B-Instruct,16,8,128,256,0,2.023231884464621,1136,2048,3184.0,3.954069754153229,1012.2418570632266,1573.7197621529851,93.0686666853726,45.443684904967085,97.33333333333331,100.0,86731.0,380.9966666666666,initial,results/result_cpu16_105795_17.csv,,,,,93.06866668537258,45.44368490496708,45.44368490496708
2026-08-19 16:12:00,vllm,Qwen/Qwen2.5-7B-Instruct,16,8,128,256,1,2.0224415846168995,1136,2048,3184.0,3.955614867123788,1012.6374059836896,1574.3347171152675,93.03231289237738,45.42593402948114,98.88888888888889,100.0,86731.0,372.6122222222222,initial,results/result_cpu16_105795_17.csv,,,,,93.03231289237738,45.42593402948114,45.42593402948114
2026-08-19 16:12:02,vllm,Qwen/Qwen2.5-7B-Instruct,16,8,128,256,2,2.0210412554442883,1136,2048,3184.0,3.958355614191235,1013.339037232956,1575.4255344481114,92.96789775043726,45.39448132345569,100.0,100.0,86731.0,374.16777777777776,initial,results/result_cpu16_105795_17.csv,,,,,92.96789775043726,45.39448132345569,45.39448132345569
2026-08-19 16:13:39,vllm,Qwen/Qwen2.5-7B-Instruct,16,16,128,256,0,2.067337673157453,2278,4096,6374.0,7.739422643792454,1981.2921968108683,3083.192495720819,95.09753296524286,23.217171134092496,96.88888888888889,100.0,86731.0,384.7766666666666,initial,results/result_cpu16_105795_18.csv,,,,,95.09753296524285,23.217171134092492,23.217171134092492
2026-08-19 16:13:41,vllm,Qwen/Qwen2.5-7B-Instruct,16,16,128,256,1,2.0686393063515425,2278,4096,6374.0,7.734552829424472,1980.0455243326649,3081.252483421974,95.15740809217095,23.231789085002674,98.77777777777776,100.0,86731.0,381.4877777777778,initial,results/result_cpu16_105795_18.csv,,,,,95.15740809217095,23.231789085002674,23.231789085002674
2026-08-19 16:13:43,vllm,Qwen/Qwen2.5-7B-Instruct,16,16,128,256,2,2.067573819309473,2278,4096,6374.0,7.738538692342153,1981.065905239591,3082.840351561805,95.10839568823576,23.219823166073184,100.0,100.0,86731.0,380.31,initial,results/result_cpu16_105795_18.csv,,,,,95.10839568823576,23.219823166073184,23.219823166073184
2026-08-19 16:15:15,vllm,Qwen/Qwen2.5-7B-Instruct,16,32,128,256,0,2.14179390668869,4566,8192,12758.0,14.940746586338664,3824.831126102698,5956.688904640896,98.52251970767976,12.026674769003876,94.7,100.0,86731.0,404.772,initial,results/result_cpu16_105795_19.csv,,,,,98.52251970767975,12.026674769003876,12.026674769003876
2026-08-19 16:15:17,vllm,Qwen/Qwen2.5-7B-Instruct,16,32,128,256,1,2.13072145357728,4566,8192,12758.0,15.018387291438318,3844.707146608209,5987.643283255314,98.01318686455488,11.96450034967711,87.1,100.0,86731.0,385.606,initial,results/result_cpu16_105795_19.csv,,,,,98.01318686455488,11.96450034967711,11.96450034967711
2026-08-19 16:15:20,vllm,Qwen/Qwen2.5-7B-Instruct,16,32,128,256,2,2.132067369297147,4566,8192,12758.0,15.008906594986753,3842.280088316608,5983.86344808878,98.07509898766877,11.972057981893158,100.0,100.0,86731.0,390.157,initial,results/result_cpu16_105795_19.csv,,,,,98.07509898766875,11.972057981893158,11.972057981893158
2026-08-19 15:18:51,transformers,Qwen/Qwen2.5-7B-Instruct,16,8,128,256,0,3.865448482334614,1136,2048,3184.0,2.0696175454311687,529.8220916303792,823.7077830816052,177.81063018739223,86.82159677118761,71.44444444444444,80.0,15567.0,248.72,initial,results/result_cpu16_105795_2.csv,,,,,177.81063018739223,86.82159677118761,86.82159677118761
2026-08-19 15:18:54,transformers,Qwen/Qwen2.5-7B-Instruct,16,8,128,256,1,3.07593852840364,1136,2048,3184.0,2.6008322097879715,665.8130457057207,1035.1312194956126,141.49317230656743,69.08846304031613,86.64285714285714,96.0,15567.0,283.69357142857143,initial,results/result_cpu16_105795_2.csv,,,,,141.49317230656743,69.08846304031613,69.08846304031613
2026-08-19 15:18:58,transformers,Qwen/Qwen2.5-7B-Instruct,16,8,128,256,2,3.648043615743518,1136,2048,3184.0,2.1929562370019795,561.3967966725068,872.7965823267879,167.81000632420182,81.93847965048917,80.52941176470588,96.0,15567.0,273.1329411764706,initial,results/result_cpu16_105795_2.csv,,,,,167.81000632420182,81.93847965048917,81.93847965048917
2026-08-19 16:16:54,vllm,Qwen/Qwen2.5-7B-Instruct,16,1,512,256,0,1.9618836771696808,526,256,782.0,0.5097142158003242,130.486839244883,398.5965167558535,90.24664914980532,352.525973241427,100.0,100.0,86731.0,367.52,initial,results/result_cpu16_105795_20.csv,,,,,90.24664914980532,352.52597324142704,352.52597324142704
2026-08-19 16:16:56,vllm,Qwen/Qwen2.5-7B-Instruct,16,1,512,256,1,1.962102510035038,526,256,782.0,0.5096573674849142,130.47228607613803,398.55206137320295,90.25671546161176,352.5652947719209,93.11111111111111,100.0,86731.0,350.16777777777776,initial,results/result_cpu16_105795_20.csv,,,,,90.25671546161175,352.5652947719209,352.5652947719209
2026-08-19 16:16:58,vllm,Qwen/Qwen2.5-7B-Instruct,16,1,512,256,2,1.963573470711708,526,256,782.0,0.5092755707468102,130.3745461111834,398.2534963240056,90.32437965273856,352.82960801851004,90.55555555555556,100.0,86731.0,351.81444444444446,initial,results/result_cpu16_105795_20.csv,,,,,90.32437965273857,352.82960801851004,352.82960801851004
2026-08-19 16:18:28,vllm,Qwen/Qwen2.5-7B-Instruct,16,4,512,256,0,2.016865422949195,2104,1024,3128.0,1.9832756090145736,507.7185559077308,1550.9215262493965,92.77580945566297,90.60137642154588,96.11111111111111,100.0,86731.0,366.8455555555556,initial,results/result_cpu16_105795_21.csv,,,,,92.77580945566297,90.60137642154587,90.60137642154587
2026-08-19 16:18:31,vllm,Qwen/Qwen2.5-7B-Instruct,16,4,512,256,1,2.011858820915222,2104,1024,3128.0,1.9882110804277733,508.98203658951,1554.7810648945187,92.54550576210022,90.376470470801,93.88888888888889,100.0,86731.0,355.1722222222222,initial,results/result_cpu16_105795_21.csv,,,,,92.54550576210022,90.376470470801,90.376470470801
2026-08-19 16:18:33,vllm,Qwen/Qwen2.5-7B-Instruct,16,4,512,256,2,2.0115999802947044,2104,1024,3128.0,1.9884669115049356,509.04752934526346,1554.9811247968596,92.5335990935564,90.36484286480118,91.22222222222224,100.0,86731.0,360.83,initial,results/result_cpu16_105795_21.csv,,,,,92.5335990935564,90.36484286480118,90.36484286480118
2026-08-19 16:20:05,vllm,Qwen/Qwen2.5-7B-Instruct,16,8,512,256,0,2.063611662015319,4208,2048,6256.0,3.876698386258981,992.4347868822992,3031.578138054523,94.92613645270468,46.3506525647972,100.0,100.0,86731.0,373.2388888888889,initial,results/result_cpu16_105795_22.csv,,,,,94.92613645270467,46.3506525647972,46.3506525647972
2026-08-19 16:20:08,vllm,Qwen/Qwen2.5-7B-Instruct,16,8,512,256,1,2.063471395522356,4208,2048,6256.0,3.87696190863593,992.502248610798,3031.784212553297,94.91968419402838,46.34750204786542,96.6,100.0,86731.0,369.117,initial,results/result_cpu16_105795_22.csv,,,,,94.91968419402838,46.34750204786542,46.34750204786542
2026-08-19 16:20:10,vllm,Qwen/Qwen2.5-7B-Instruct,16,8,512,256,2,2.068374253809452,4208,2048,6256.0,3.8677719882008335,990.1496289794134,3024.597694773052,95.1452156752348,46.45762484142324,90.0,100.0,86731.0,349.012,initial,results/result_cpu16_105795_22.csv,,,,,95.1452156752348,46.45762484142324,46.45762484142324
2026-08-19 16:21:44,vllm,Qwen/Qwen2.5-7B-Instruct,16,16,512,256,0,2.125569254159928,8422,4096,12518.0,7.527395293607387,1927.013195163491,5889.245892836079,97.77618569135666,23.871139084803872,96.2,100.0,86731.0,382.598,initial,results/result_cpu16_105795_23.csv,,,,,97.77618569135667,23.871139084803875,23.871139084803875
2026-08-19 16:21:46,vllm,Qwen/Qwen2.5-7B-Instruct,16,16,512,256,1,2.1300485879182816,8422,4096,12518.0,7.511565741153804,1922.9608297353736,5876.861246735208,97.98223504424097,23.92144410259789,89.1,100.0,86731.0,362.313,initial,results/result_cpu16_105795_23.csv,,,,,97.98223504424095,23.92144410259789,23.92144410259789
2026-08-19 16:21:48,vllm,Qwen/Qwen2.5-7B-Instruct,16,16,512,256,2,2.1275598127394915,8422,4096,12518.0,7.520352614386929,1925.2102692830535,5883.735876680974,97.8677513860166,23.89349399072671,90.0,100.0,86731.0,366.686,initial,results/result_cpu16_105795_23.csv,,,,,97.86775138601661,23.89349399072671,23.89349399072671
2026-08-19 16:23:15,vllm,Qwen/Qwen2.5-7B-Instruct,16,32,512,256,0,2.2480536568909883,16854,8192,25046.0,14.2345356846399,3644.041135267815,11141.193148671591,103.41046821698546,12.623348171018732,92.9090909090909,100.0,87913.0,402.64181818181817,initial,results/result_cpu16_105795_24.csv,,,,,103.41046821698546,12.623348171018733,12.623348171018733
2026-08-19 16:23:18,vllm,Qwen/Qwen2.5-7B-Instruct,16,32,512,256,1,2.2542345374822617,16854,8192,25046.0,14.195506043368749,3634.0495471024,11110.645136319175,103.69478872418404,12.658055264182622,81.9090909090909,100.0,87913.0,358.7454545454545,initial,results/result_cpu16_105795_24.csv,,,,,103.69478872418404,12.658055264182622,12.658055264182622
2026-08-19 16:23:21,vllm,Qwen/Qwen2.5-7B-Instruct,16,32,512,256,2,2.2621016036719084,16854,8192,25046.0,14.146137356543438,3621.41116327512,11072.004882249592,104.0566737689078,12.702230684681126,82.54545454545455,100.0,87913.0,374.1518181818182,initial,results/result_cpu16_105795_24.csv,,,,,104.05667376890779,12.702230684681126,12.702230684681126
2026-08-19 16:24:50,vllm,Qwen/Qwen2.5-7B-Instruct,16,1,2048,256,0,1.9830674715340135,2062,256,2318.0,0.5042692769431814,129.09293489745443,1168.8961839542944,91.22110369056465,356.3324362912681,98.55555555555556,100.0,86731.0,366.2955555555556,initial,results/result_cpu16_105795_25.csv,,,,,91.22110369056462,356.33243629126804,356.33243629126804
2026-08-19 16:24:53,vllm,Qwen/Qwen2.5-7B-Instruct,16,1,2048,256,1,1.9816845804452896,2062,256,2318.0,0.5046211742613941,129.18302061091688,1169.7118819379114,91.15749070048332,356.083948048763,88.88888888888889,100.0,86731.0,344.8533333333333,initial,results/result_cpu16_105795_25.csv,,,,,91.15749070048332,356.083948048763,356.083948048763
2026-08-19 16:24:55,vllm,Qwen/Qwen2.5-7B-Instruct,16,1,2048,256,2,1.9823527541011567,2062,256,2318.0,0.5044510861808862,129.13947806230686,1169.3176177672942,91.18822668865324,356.2040105025517,91.33333333333331,100.0,86731.0,354.2055555555556,initial,results/result_cpu16_105795_25.csv,,,,,91.18822668865322,356.2040105025516,356.2040105025516
2026-08-19 16:26:26,vllm,Qwen/Qwen2.5-7B-Instruct,16,4,2048,256,0,2.0788430776447058,8248,1024,9272.0,1.924147158106774,492.5816724753341,4460.173112491501,95.62678157165648,93.38552887857075,92.8,100.0,86731.0,367.113,initial,results/result_cpu16_105795_26.csv,,,,,95.62678157165647,93.38552887857077,93.38552887857077
2026-08-19 16:26:28,vllm,Qwen/Qwen2.5-7B-Instruct,16,4,2048,256,1,2.0719057079404597,8248,1024,9272.0,1.9305897873007591,494.2309855489944,4475.107126963159,95.30766256526113,93.07388922388782,84.9,100.0,86731.0,344.30400000000003,initial,results/result_cpu16_105795_26.csv,,,,,95.30766256526114,93.07388922388783,93.07388922388783
2026-08-19 16:26:30,vllm,Qwen/Qwen2.5-7B-Instruct,16,4,2048,256,2,2.072067206725478,8248,1024,9272.0,1.9304393153932808,494.1924647406799,4474.758333081625,95.315091509372,93.08114405212108,90.0,100.0,86731.0,346.76300000000003,initial,results/result_cpu16_105795_26.csv,,,,,95.315091509372,93.08114405212109,93.08114405212109
2026-08-19 16:28:01,vllm,Qwen/Qwen2.5-7B-Instruct,16,8,2048,256,0,2.1592086367309093,16496,2048,18544.0,3.705061133931078,948.495650286356,8588.331708452239,99.32359728962184,48.49785023907316,91.3,100.0,87775.0,370.348,initial,results/result_cpu16_105795_27.csv,,,,,99.32359728962183,48.49785023907316,48.49785023907316
2026-08-19 16:28:03,vllm,Qwen/Qwen2.5-7B-Instruct,16,8,2048,256,1,2.157039005309344,16496,2048,18544.0,3.708787824563567,949.4496830882732,8596.970177338348,99.2237942442298,48.44911828331533,88.2,100.0,87775.0,358.56100000000004,initial,results/result_cpu16_105795_27.csv,,,,,99.22379424422981,48.449118283315336,48.449118283315336
2026-08-19 16:28:06,vllm,Qwen/Qwen2.5-7B-Instruct,16,8,2048,256,2,2.1511533334851265,16496,2048,18544.0,3.718935268570112,952.0474287539486,8620.491952545519,98.95305334031582,48.31692057632608,90.0,100.0,87775.0,365.067,initial,results/result_cpu16_105795_27.csv,,,,,98.95305334031582,48.31692057632608,48.31692057632608
2026-08-19 16:29:41,vllm,Qwen/Qwen2.5-7B-Instruct,16,16,2048,256,0,2.336081886664033,32998,4096,37094.0,6.8490749794941,1753.3631947504896,15878.724205584636,107.45976678654552,26.235294625621464,90.72727272727272,100.0,87915.0,383.69545454545454,initial,results/result_cpu16_105795_28.csv,,,,,107.45976678654552,26.235294625621464,26.235294625621464
2026-08-19 16:29:44,vllm,Qwen/Qwen2.5-7B-Instruct,16,16,2048,256,1,2.3257269654423,32998,4096,37094.0,6.879569372390696,1761.1697593320182,15949.42164371628,106.9834404103458,26.11900400643208,85.0,100.0,87915.0,372.5790909090909,initial,results/result_cpu16_105795_28.csv,,,,,106.98344041034579,26.11900400643208,26.11900400643208
2026-08-19 16:29:46,vllm,Qwen/Qwen2.5-7B-Instruct,16,16,2048,256,2,2.323330279439688,32998,4096,37094.0,6.886666154008324,1762.986535426131,15965.874644799049,106.87319285422564,26.09208809917618,94.0,100.0,87915.0,378.78090909090906,initial,results/result_cpu16_105795_28.csv,,,,,106.87319285422565,26.092088099176184,26.092088099176184
2026-08-19 16:31:23,vllm,Qwen/Qwen2.5-7B-Instruct,16,32,2048,256,0,2.62206706404686,66006,8192,74198.0,12.20411195380017,3124.252660172844,28297.52183587704,120.61508494615556,14.723521111591252,90.23076923076924,100.0,87915.0,418.63461538461536,initial,results/result_cpu16_105795_29.csv,,,,,120.61508494615556,14.723521111591255,14.723521111591255
2026-08-19 16:31:26,vllm,Qwen/Qwen2.5-7B-Instruct,16,32,2048,256,1,2.61930225417018,66006,8192,74198.0,12.216994029250708,3127.5504714881813,28327.39134319825,120.48790369182824,14.707996056131378,81.6923076923077,100.0,87915.0,388.9092307692308,initial,results/result_cpu16_105795_29.csv,,,,,120.48790369182827,14.70799605613138,14.70799605613138
2026-08-19 16:31:29,vllm,Qwen/Qwen2.5-7B-Instruct,16,32,2048,256,2,2.624253047630191,66006,8192,74198.0,12.19394601785728,3121.650180571464,28273.950207280453,120.71564019098878,14.73579592175156,84.84615384615384,100.0,87915.0,394.22769230769234,initial,results/result_cpu16_105795_29.csv,,,,,120.71564019098878,14.73579592175156,14.73579592175156
2026-08-19 15:20:10,transformers,Qwen/Qwen2.5-7B-Instruct,16,16,128,256,0,4.067043505609036,2278,4096,6374.0,3.934061678448659,1007.1197896828568,1567.2318211519846,187.08400125801563,45.67480499463272,89.15789473684211,97.0,15869.0,311.3184210526316,initial,results/result_cpu16_105795_3.csv,,,,,187.08400125801566,45.67480499463273,45.67480499463273
2026-08-19 15:20:15,transformers,Qwen/Qwen2.5-7B-Instruct,16,16,128,256,1,4.546710832044482,2278,4096,6374.0,3.519027400474776,900.8710145215426,1401.8925406641388,209.14869827404615,51.061693914562056,78.3,97.0,15869.0,299.923,initial,results/result_cpu16_105795_3.csv,,,,,209.14869827404618,51.061693914562056,51.061693914562056
2026-08-19 15:20:19,transformers,Qwen/Qwen2.5-7B-Instruct,16,16,128,256,2,3.941629709675908,2278,4096,6374.0,4.059234676642308,1039.164077220431,1617.0976143073794,181.31496664509177,44.26634927858686,95.77777777777776,97.0,15869.0,341.0472222222222,initial,results/result_cpu16_105795_3.csv,,,,,181.31496664509177,44.26634927858686,44.26634927858686
2026-08-19 15:21:34,transformers,Qwen/Qwen2.5-7B-Instruct,16,32,128,256,0,5.080234440043569,4566,8192,12758.0,6.298921905605121,1612.524007834911,2511.301427240942,233.69078424200416,28.526707060791523,89.56521739130434,98.0,16589.0,335.61,initial,results/result_cpu16_105795_4.csv,,,,,233.69078424200416,28.526707060791523,28.526707060791523
2026-08-19 15:21:39,transformers,Qwen/Qwen2.5-7B-Instruct,16,32,128,256,1,4.900284629315138,4566,8192,12758.0,6.530232919240103,1671.7396273254665,2603.5222369895387,225.41309294849637,27.51624669781449,95.6818181818182,97.0,16589.0,353.7559090909091,initial,results/result_cpu16_105795_4.csv,,,,,225.41309294849634,27.516246697814495,27.516246697814495
2026-08-19 15:21:44,transformers,Qwen/Qwen2.5-7B-Instruct,16,32,128,256,2,4.838810933753848,4566,8192,12758.0,6.613194943571616,1692.9779055543338,2636.5981590652086,222.585302952677,27.171057489340456,93.4090909090909,98.0,16589.0,366.0986363636364,initial,results/result_cpu16_105795_4.csv,,,,,222.585302952677,27.171057489340456,27.171057489340456
2026-08-19 15:22:55,transformers,Qwen/Qwen2.5-7B-Instruct,16,1,512,256,0,2.909906215965748,526,256,782.0,0.3436536870203279,87.97534387720395,268.7371832498965,133.8556859344244,522.8737731813453,86.07692307692308,95.0,15425.0,266.8969230769231,initial,results/result_cpu16_105795_5.csv,,,,,133.8556859344244,522.8737731813453,522.8737731813453
2026-08-19 15:22:58,transformers,Qwen/Qwen2.5-7B-Instruct,16,1,512,256,1,2.902269611135125,526,256,782.0,0.3445579267216609,88.20682924074521,269.4442986963389,133.50440211221576,521.5015707508428,90.76923076923076,95.0,15425.0,292.1553846153846,initial,results/result_cpu16_105795_5.csv,,,,,133.50440211221576,521.5015707508428,521.5015707508428
2026-08-19 15:23:01,transformers,Qwen/Qwen2.5-7B-Instruct,16,1,512,256,2,2.9000316690653563,526,256,782.0,0.3448238206040996,88.2748980746495,269.6522277124059,133.4014567770064,521.0994405351812,94.53846153846152,95.0,15425.0,294.75,initial,results/result_cpu16_105795_5.csv,,,,,133.4014567770064,521.0994405351812,521.0994405351812
2026-08-19 15:56:52,transformers,Qwen/Qwen2.5-7B-Instruct,16,4,512,256,0,3.0254036355763674,2104,1024,3128.0,1.3221376324676637,338.46723391172185,1033.9116285897128,139.1685672365129,135.90680394190713,90.71428571428572,96.0,15737.0,280.7364285714286,initial,results/result_cpu16_105795_6.csv,,,,,139.1685672365129,135.90680394190713,135.90680394190713
2026-08-19 15:56:56,transformers,Qwen/Qwen2.5-7B-Instruct,16,4,512,256,1,3.509336207062006,2104,1024,3128.0,1.139816695804354,291.79307412591464,891.3366561190048,161.42946552485228,157.64596242661355,76.125,84.0,15737.0,276.7275,initial,results/result_cpu16_105795_6.csv,,,,,161.42946552485228,157.64596242661355,157.64596242661355
2026-08-19 15:56:59,transformers,Qwen/Qwen2.5-7B-Instruct,16,4,512,256,2,3.507908385246992,2104,1024,3128.0,1.1402806347003158,291.91184248328085,891.6994563356469,161.36378572136164,157.58182199351722,79.875,83.0,15737.0,278.254375,initial,results/result_cpu16_105795_6.csv,,,,,161.36378572136164,157.58182199351722,157.58182199351722
2026-08-19 15:58:01,transformers,Qwen/Qwen2.5-7B-Instruct,16,8,512,256,0,3.785012876614928,4208,2048,6256.0,2.1135991503296245,541.0813824843839,1652.8345355577662,174.1105923242867,85.01493765834311,77.3529411764706,85.0,16153.0,271.1241176470588,initial,results/result_cpu16_105795_7.csv,,,,,174.11059232428667,85.0149376583431,85.0149376583431
2026-08-19 15:58:05,transformers,Qwen/Qwen2.5-7B-Instruct,16,8,512,256,1,3.763302238658071,4208,2048,6256.0,2.125792586580201,544.2029021645315,1662.3698027057171,173.11190297827125,84.527296376109,78.94117647058823,82.0,16153.0,283.7494117647059,initial,results/result_cpu16_105795_7.csv,,,,,173.11190297827127,84.52729637610902,84.52729637610902
2026-08-19 15:58:09,transformers,Qwen/Qwen2.5-7B-Instruct,16,8,512,256,2,3.788510479032993,4208,2048,6256.0,2.111647847953684,540.581849076143,1651.3086170997808,174.2714820355177,85.09349708765512,77.82352941176471,92.0,16153.0,285.2394117647059,initial,results/result_cpu16_105795_7.csv,,,,,174.27148203551766,85.09349708765511,85.09349708765511
2026-08-19 15:59:18,transformers,Qwen/Qwen2.5-7B-Instruct,16,16,512,256,0,5.171386282891035,8422,4096,12518.0,3.0939479522027287,792.0506757638985,2420.62752910461,237.8837690129876,58.07709204418643,94.43478260869566,100.0,17075.0,356.06304347826085,initial,results/result_cpu16_105795_8.csv,,,,,237.8837690129876,58.07709204418643,58.07709204418643
2026-08-19 15:59:24,transformers,Qwen/Qwen2.5-7B-Instruct,16,16,512,256,1,5.166541630402207,8422,4096,12518.0,3.09684913905444,792.7933795979367,2422.897345167717,237.66091499850157,58.02268432580604,96.0,98.0,17075.0,373.3591304347826,initial,results/result_cpu16_105795_8.csv,,,,,237.66091499850154,58.02268432580604,58.02268432580604
2026-08-19 15:59:29,transformers,Qwen/Qwen2.5-7B-Instruct,16,16,512,256,2,5.199746875092387,8422,4096,12518.0,3.07707286226615,787.7306527401344,2407.4248806154787,239.1883562542498,58.39559478863521,94.1304347826087,99.0,17075.0,375.9504347826087,initial,results/result_cpu16_105795_8.csv,,,,,239.1883562542498,58.39559478863521,58.39559478863521
2026-08-19 16:00:40,transformers,Qwen/Qwen2.5-7B-Instruct,16,32,512,256,0,7.133722921833396,16854,8192,25046.0,4.485736318978852,1148.3484976585862,3510.9297451607604,328.1512544043362,40.05752617240432,95.84375,100.0,19211.0,415.0625,initial,results/result_cpu16_105795_9.csv,,,,,328.1512544043362,40.05752617240432,40.05752617240432
2026-08-19 16:00:47,transformers,Qwen/Qwen2.5-7B-Instruct,16,32,512,256,1,7.173071783035994,16854,8192,25046.0,4.461129202091442,1142.0490757354091,3491.6700623619454,329.9613020196557,40.27847925044625,92.8125,100.0,19211.0,421.3875,initial,results/result_cpu16_105795_9.csv,,,,,329.9613020196557,40.27847925044625,40.27847925044625
2026-08-19 16:00:55,transformers,Qwen/Qwen2.5-7B-Instruct,16,32,512,256,2,7.191387733444572,16854,8192,25046.0,4.449767024962296,1139.1403583903475,3482.7770283501773,330.8038357384503,40.381327604791295,94.9375,100.0,19211.0,425.5471875,initial,results/result_cpu16_105795_9.csv,,,,,330.80383573845035,40.3813276047913,40.3813276047913
2026-08-19 14:21:35,transformers,Qwen/Qwen2.5-7B-Instruct,1,1,128,256,0,4.852756332140416,142,256,398.0,0.2060684550297475,52.75352448761537,82.01524510183953,150.4354462963529,587.6384620951285,45.77272727272727,52.0,15327.0,174.84454545454545,initial,results/result_cpu1_105791_0.csv,,,,,150.4354462963529,587.6384620951285,587.6384620951285
2026-08-19 14:21:38,transformers,Qwen/Qwen2.5-7B-Instruct,1,1,128,256,1,3.4258660660125315,142,256,398.0,0.2918969920980974,74.72562997711294,116.17500285504278,106.20184804638848,414.850968931205,61.125,89.0,15327.0,204.16125,initial,results/result_cpu1_105791_0.csv,,,,,106.20184804638848,414.850968931205,414.850968931205
2026-08-19 14:21:41,transformers,Qwen/Qwen2.5-7B-Instruct,1,1,128,256,2,2.588223352096975,142,256,398.0,0.3863654190392036,98.90954727403611,153.77343677760305,80.23492391500622,313.41767154299305,79.25,89.0,15327.0,250.21666666666667,initial,results/result_cpu1_105791_0.csv,,,,,80.23492391500622,313.41767154299305,313.41767154299305
2026-08-19 14:23:06,transformers,Qwen/Qwen2.5-7B-Instruct,1,4,128,256,0,4.983853599987924,568,1024,1592.0,0.8025917936292696,205.463499169093,319.43153386444925,154.49946159962565,150.87838046838442,46.36363636363637,51.0,15471.0,177.40863636363636,initial,results/result_cpu1_105791_1.csv,,,,,154.49946159962565,150.87838046838442,150.87838046838442
2026-08-19 14:23:09,transformers,Qwen/Qwen2.5-7B-Instruct,1,4,128,256,1,2.978748046793044,568,1024,1592.0,1.342846033690714,343.7685846248228,534.4527214089042,92.34118945058437,90.17694282283628,73.14285714285714,88.0,15471.0,228.8142857142857,initial,results/result_cpu1_105791_1.csv,,,,,92.34118945058437,90.1769428228363,90.1769428228363
2026-08-19 14:23:12,transformers,Qwen/Qwen2.5-7B-Instruct,1,4,128,256,2,2.7907609110698104,568,1024,1592.0,1.4333008550225967,366.9250188857848,570.4537402989935,86.51358824316412,84.48592601871496,80.23076923076923,88.0,15471.0,249.0030769230769,initial,results/result_cpu1_105791_1.csv,,,,,86.51358824316412,84.48592601871496,84.48592601871496
2026-08-19 14:38:39,transformers,Qwen/Qwen2.5-7B-Instruct,1,1,2048,256,0,5.726811171043664,2062,256,2318.0,0.1746172468644113,44.7020151972893,404.7627782317055,177.5311463023536,693.4810402435687,43.32,83.0,15729.0,169.4416,initial,results/result_cpu1_105791_10.csv,,,,,177.5311463023536,693.4810402435687,693.4810402435687
2026-08-19 14:38:44,transformers,Qwen/Qwen2.5-7B-Instruct,1,1,2048,256,1,4.686591619160026,2062,256,2318.0,0.2133746827676931,54.62391878852944,494.6025146555127,145.28434019396082,567.5169538826594,48.0,88.0,15729.0,180.93142857142857,initial,results/result_cpu1_105791_10.csv,,,,,145.28434019396082,567.5169538826594,567.5169538826594
2026-08-19 14:38:47,transformers,Qwen/Qwen2.5-7B-Instruct,1,1,2048,256,2,2.784372924361378,2062,256,2318.0,0.359147293543432,91.9417071471186,832.5034264336754,86.31556065520272,337.1701588093856,77.3076923076923,95.0,15729.0,249.07538461538465,initial,results/result_cpu1_105791_10.csv,,,,,86.31556065520272,337.1701588093856,337.1701588093856
2026-08-19 14:40:35,transformers,Qwen/Qwen2.5-7B-Instruct,1,4,2048,256,0,5.919737749733031,8248,1024,9272.0,0.6757056087797796,172.98063584762355,1566.2856011515291,183.51187024172395,179.21081078293355,42.96153846153846,49.0,17317.0,181.5946153846154,initial,results/result_cpu1_105791_11.csv,,,,,183.51187024172395,179.21081078293355,179.21081078293355
2026-08-19 14:40:39,transformers,Qwen/Qwen2.5-7B-Instruct,1,4,2048,256,1,3.590538574848324,8248,1024,9272.0,1.114038999057119,285.1939837586224,2582.342399814401,111.30669582029805,108.6979451370098,71.0,96.0,17317.0,231.285625,initial,results/result_cpu1_105791_11.csv,,,,,111.30669582029805,108.69794513700981,108.69794513700981
2026-08-19 14:40:42,transformers,Qwen/Qwen2.5-7B-Instruct,1,4,2048,256,2,2.969841162674129,8248,1024,9272.0,1.3468733783722922,344.7995848633068,3122.052491066973,92.065076042898,89.90730082314258,87.21428571428571,100.0,17317.0,279.4742857142857,initial,results/result_cpu1_105791_11.csv,,,,,92.065076042898,89.90730082314258,89.90730082314258
2026-08-19 14:42:36,transformers,Qwen/Qwen2.5-7B-Instruct,1,8,2048,256,0,5.359010744839907,16496,2048,18544.0,1.4928128307454978,382.1600846708474,3460.340141668064,166.1293330900371,81.11783842286968,58.91666666666666,100.0,19353.0,209.89625,initial,results/result_cpu1_105791_12.csv,,,,,166.1293330900371,81.11783842286968,81.11783842286968
2026-08-19 14:42:40,transformers,Qwen/Qwen2.5-7B-Instruct,1,8,2048,256,1,3.343306763097644,16496,2048,18544.0,2.392840551845692,612.5671812724971,5546.6043991783135,103.64250965602696,50.60669416798192,87.13333333333334,100.0,19353.0,292.19866666666667,initial,results/result_cpu1_105791_12.csv,,,,,103.64250965602696,50.606694167981914,50.606694167981914
2026-08-19 14:42:43,transformers,Qwen/Qwen2.5-7B-Instruct,1,8,2048,256,2,3.338773044291884,16496,2048,18544.0,2.3960897892347486,613.3989860440956,5554.136131446147,103.5019643730484,50.53806854152754,93.4375,100.0,19353.0,302.948125,initial,results/result_cpu1_105791_12.csv,,,,,103.50196437304841,50.538068541527544,50.538068541527544
2026-08-19 14:44:41,transformers,Qwen/Qwen2.5-7B-Instruct,1,16,2048,256,0,9.384342588949949,32998,4096,37094.0,1.7049675934508166,436.47170392340905,3952.754244466537,290.9146202574484,71.02407721129111,93.54761904761904,100.0,23677.0,378.5966666666667,initial,results/result_cpu1_105791_13.csv,,,,,290.9146202574484,71.02407721129111,71.02407721129111
2026-08-19 14:44:50,transformers,Qwen/Qwen2.5-7B-Instruct,1,16,2048,256,1,9.341021706815807,32998,4096,37094.0,1.7128747263616113,438.4959299485725,3971.0859437286,289.5716729112901,70.69620920685793,95.42857142857144,100.0,23677.0,389.25166666666667,initial,results/result_cpu1_105791_13.csv,,,,,289.57167291129,70.69620920685792,70.69620920685792
2026-08-19 14:45:00,transformers,Qwen/Qwen2.5-7B-Instruct,1,16,2048,256,2,9.335269703064114,32998,4096,37094.0,1.7139301283120212,438.7661128478774,3973.532761225382,289.3933607949876,70.65267597533875,98.5,100.0,23677.0,392.81119047619046,initial,results/result_cpu1_105791_13.csv,,,,,289.39336079498753,70.65267597533875,70.65267597533875
2026-08-19 14:47:00,transformers,Qwen/Qwen2.5-7B-Instruct,1,32,2048,256,0,16.523287652991712,66006,8192,74198.0,1.9366605891053448,495.78511081096826,4490.510699701199,512.2219172427431,62.52708950717079,98.64864864864865,100.0,32027.0,391.8336486486487,initial,results/result_cpu1_105791_14.csv,,,,,512.2219172427431,62.527089507170786,62.527089507170786
2026-08-19 14:47:17,transformers,Qwen/Qwen2.5-7B-Instruct,1,32,2048,256,1,16.78317707311362,66006,8192,74198.0,1.906671177965672,488.107821559212,4420.974626959278,520.2784892665222,63.51055777179226,97.81333333333332,100.0,32027.0,393.2590666666667,initial,results/result_cpu1_105791_14.csv,,,,,520.2784892665222,63.510557771792264,63.510557771792264
2026-08-19 14:47:34,transformers,Qwen/Qwen2.5-7B-Instruct,1,32,2048,256,2,16.972754050046206,66006,8192,74198.0,1.8853746366467197,482.6559069815602,4371.594602809791,526.1553755514324,64.22795111711821,98.71052631578948,100.0,32027.0,394.5565789473685,initial,results/result_cpu1_105791_14.csv,,,,,526.1553755514324,64.22795111711821,64.22795111711821
2026-08-19 14:51:58,vllm,Qwen/Qwen2.5-7B-Instruct,1,1,128,256,0,1.4095023958943784,142,256,398.0,0.7094702378036506,181.62438087773452,282.369154645853,43.69457427272573,170.6819307528349,100.0,100.0,86727.0,377.8566666666667,initial,results/result_cpu1_105791_15.csv,,,,,43.69457427272573,170.6819307528349,170.6819307528349
2026-08-19 14:52:00,vllm,Qwen/Qwen2.5-7B-Instruct,1,1,128,256,1,1.4088221518322823,142,256,398.0,0.709812802630497,181.7120774734072,282.5054954469378,43.67348670680076,170.59955744844046,98.66666666666669,100.0,86727.0,373.44666666666666,initial,results/result_cpu1_105791_15.csv,,,,,43.67348670680075,170.59955744844044,170.59955744844044
2026-08-19 14:52:01,vllm,Qwen/Qwen2.5-7B-Instruct,1,1,128,256,2,1.409352792892605,142,256,398.0,0.7095455481714873,181.64366033190075,282.39912817225195,43.68993657967076,170.6638147643389,100.0,100.0,86727.0,380.10833333333335,initial,results/result_cpu1_105791_15.csv,,,,,43.68993657967076,170.6638147643389,170.6638147643389
2026-08-19 14:55:01,vllm,Qwen/Qwen2.5-7B-Instruct,1,4,128,256,0,1.4312773449346423,568,1024,1592.0,2.7947064306971585,715.4448462584726,1112.293159417469,44.36959769297391,43.32968524704484,100.0,100.0,86729.0,373.65,initial,results/result_cpu1_105791_16.csv,,,,,44.36959769297391,43.329685247044836,43.329685247044836
2026-08-19 14:55:03,vllm,Qwen/Qwen2.5-7B-Instruct,1,4,128,256,1,1.428395370952785,568,1024,1592.0,2.8003451154646863,716.8883495589597,1114.537355954945,44.280256499536335,43.24243798782845,85.71428571428571,100.0,86729.0,344.13714285714286,initial,results/result_cpu1_105791_16.csv,,,,,44.280256499536335,43.24243798782845,43.24243798782845
2026-08-19 14:55:05,vllm,Qwen/Qwen2.5-7B-Instruct,1,4,128,256,2,1.4273767760023477,568,1024,1592.0,2.802343478785465,717.3999305690791,1115.3327045566152,44.24868005607277,43.211601617258566,85.71428571428571,100.0,86729.0,348.5414285714286,initial,results/result_cpu1_105791_16.csv,,,,,44.24868005607278,43.21160161725857,43.21160161725857
2026-08-19 14:57:52,vllm,Qwen/Qwen2.5-7B-Instruct,1,8,128,256,0,1.448256797157228,1136,2048,3184.0,5.523882239464118,1414.1138533028145,2198.5051313067192,44.89596071187407,21.92185581634476,95.28571428571428,100.0,86729.0,382.2442857142857,initial,results/result_cpu1_105791_17.csv,,,,,44.89596071187407,21.92185581634476,21.92185581634476
2026-08-19 14:57:53,vllm,Qwen/Qwen2.5-7B-Instruct,1,8,128,256,1,1.4591630236245692,1136,2048,3184.0,5.482595070239619,1403.5443379813426,2182.0728379553684,45.234053732361645,22.08694029900471,100.0,100.0,86729.0,348.8428571428572,initial,results/result_cpu1_105791_17.csv,,,,,45.234053732361645,22.08694029900471,22.08694029900471
2026-08-19 14:57:55,vllm,Qwen/Qwen2.5-7B-Instruct,1,8,128,256,2,1.4470285894349215,1136,2048,3184.0,5.528570795635818,1415.3141236827694,2200.3711766630554,44.857886272482574,21.903264781485632,84.42857142857143,100.0,86729.0,350.8314285714286,initial,results/result_cpu1_105791_17.csv,,,,,44.85788627248257,21.90326478148563,21.90326478148563
2026-08-19 15:00:02,vllm,Qwen/Qwen2.5-7B-Instruct,1,16,128,256,0,1.472121199127287,2278,4096,6374.0,10.868670330598617,2782.379604633246,4329.806542952224,45.63575717294589,11.141542278551242,100.0,100.0,86729.0,390.5228571428572,initial,results/result_cpu1_105791_18.csv,,,,,45.635757172945894,11.141542278551244,11.141542278551244
2026-08-19 15:00:04,vllm,Qwen/Qwen2.5-7B-Instruct,1,16,128,256,1,1.4727150611579418,2278,4096,6374.0,10.86428761543308,2781.257629550869,4328.060578798154,45.6541668958962,11.146036839818407,84.14285714285714,100.0,86729.0,358.6985714285714,initial,results/result_cpu1_105791_18.csv,,,,,45.654166895896196,11.146036839818407,11.146036839818407
2026-08-19 15:00:05,vllm,Qwen/Qwen2.5-7B-Instruct,1,16,128,256,2,1.4830223037861288,2278,4096,6374.0,10.788779075778088,2761.9274433991905,4297.979864313095,45.97369141736999,11.224045756193846,84.57142857142857,100.0,86729.0,363.9628571428572,initial,results/result_cpu1_105791_18.csv,,,,,45.97369141736999,11.224045756193846,11.224045756193846
2026-08-19 15:02:40,vllm,Qwen/Qwen2.5-7B-Instruct,1,32,128,256,0,1.5347623652778566,4566,8192,12758.0,20.850133365243583,5337.634141502358,8312.687546055551,47.577633323613554,5.80781656782392,100.0,100.0,86729.0,390.0757142857143,initial,results/result_cpu1_105791_19.csv,,,,,47.577633323613554,5.80781656782392,5.80781656782392
2026-08-19 15:02:42,vllm,Qwen/Qwen2.5-7B-Instruct,1,32,128,256,1,1.5362324388697743,4566,8192,12758.0,20.830181156402872,5332.526376039135,8304.73284979337,47.623205604963005,5.8133795904495855,83.57142857142857,100.0,86729.0,360.6385714285714,initial,results/result_cpu1_105791_19.csv,,,,,47.623205604963005,5.8133795904495855,5.8133795904495855
2026-08-19 15:02:43,vllm,Qwen/Qwen2.5-7B-Instruct,1,32,128,256,2,1.5511811203323305,4566,8192,12758.0,20.62944138537749,5281.136994656637,8224.700412332688,48.08661473030224,5.869948087195098,97.57142857142856,100.0,86729.0,367.9542857142857,initial,results/result_cpu1_105791_19.csv,,,,,48.086614730302244,5.869948087195098,5.869948087195098
2026-08-19 14:24:49,transformers,Qwen/Qwen2.5-7B-Instruct,1,8,128,256,0,5.506129276938736,1136,2048,3184.0,1.4529262931595732,371.9491310488508,578.2646646775102,170.69000758510083,83.34473026616251,43.875,57.0,15565.0,175.22,initial,results/result_cpu1_105791_2.csv,,,,,170.69000758510083,83.34473026616251,83.34473026616251
2026-08-19 14:24:54,transformers,Qwen/Qwen2.5-7B-Instruct,1,8,128,256,1,5.27137160114944,1136,2048,3184.0,1.517631577757784,388.5136839059927,604.017367947598,163.41251963563263,79.79126935333625,46.47826086956522,54.0,15565.0,183.35130434782607,initial,results/result_cpu1_105791_2.csv,,,,,163.41251963563263,79.79126935333625,79.79126935333625
2026-08-19 14:24:59,transformers,Qwen/Qwen2.5-7B-Instruct,1,8,128,256,2,4.474979861173779,1136,2048,3184.0,1.787717542465457,457.655690871157,711.5115819012519,138.72437569638714,67.73651157050153,52.4,80.0,15565.0,195.8685,initial,results/result_cpu1_105791_2.csv,,,,,138.72437569638714,67.73651157050153,67.73651157050153
2026-08-19 15:05:15,vllm,Qwen/Qwen2.5-7B-Instruct,1,1,512,256,0,1.4052671543322504,526,256,782.0,0.7116084631432066,182.17176656466089,556.4778181779876,43.56328178429976,170.16906946992094,98.0,100.0,86729.0,380.21,initial,results/result_cpu1_105791_20.csv,,,,,43.56328178429976,170.16906946992094,170.16906946992094
2026-08-19 15:05:16,vllm,Qwen/Qwen2.5-7B-Instruct,1,1,512,256,1,1.4053790937177837,526,256,782.0,0.7115517830527879,182.1572564615137,556.4334943472801,43.566751905251294,170.18262462988787,100.0,100.0,86729.0,377.2533333333333,initial,results/result_cpu1_105791_20.csv,,,,,43.566751905251294,170.18262462988787,170.18262462988787
2026-08-19 15:05:17,vllm,Qwen/Qwen2.5-7B-Instruct,1,1,512,256,2,1.406668818090111,526,256,782.0,0.7108993866500424,181.99024298241085,555.9233203603332,43.60673336079344,170.33880219059938,100.0,100.0,86729.0,380.4983333333333,initial,results/result_cpu1_105791_20.csv,,,,,43.60673336079344,170.33880219059938,170.33880219059938
2026-08-19 15:08:06,vllm,Qwen/Qwen2.5-7B-Instruct,1,4,512,256,0,1.453902019187808,2104,1024,3128.0,2.7512170333421206,704.3115605355829,2151.451720073538,45.07096259482205,44.01461190900591,96.14285714285714,100.0,86729.0,379.4257142857143,initial,results/result_cpu1_105791_21.csv,,,,,45.07096259482205,44.01461190900591,44.01461190900591
2026-08-19 15:08:07,vllm,Qwen/Qwen2.5-7B-Instruct,1,4,512,256,1,1.443127437029034,2104,1024,3128.0,2.771757987108054,709.5700446996618,2167.514745918498,44.73695054790005,43.68842826943364,81.85714285714286,100.0,86729.0,348.3728571428572,initial,results/result_cpu1_105791_21.csv,,,,,44.73695054790005,43.68842826943364,43.68842826943364
2026-08-19 15:08:09,vllm,Qwen/Qwen2.5-7B-Instruct,1,4,512,256,2,1.4430772340856493,2104,1024,3128.0,2.771854413277088,709.5947297989345,2167.590151182683,44.73539425665513,43.68690845376477,99.71428571428572,100.0,86729.0,357.76714285714286,initial,results/result_cpu1_105791_21.csv,,,,,44.73539425665513,43.68690845376477,43.68690845376477
2026-08-19 15:11:04,vllm,Qwen/Qwen2.5-7B-Instruct,1,8,512,256,0,1.4767792033962903,4208,2048,6256.0,5.417194379228549,1386.8017610825086,4236.246004556726,45.78015530528501,22.35359145765869,97.42857142857144,100.0,86729.0,385.33,initial,results/result_cpu1_105791_22.csv,,,,,45.780155305285,22.35359145765869,22.35359145765869
2026-08-19 15:11:06,vllm,Qwen/Qwen2.5-7B-Instruct,1,8,512,256,1,1.4857492088340225,4208,2048,6256.0,5.384488817112138,1378.4291371807074,4210.670254981692,46.05822547385469,22.48936790715561,83.85714285714286,100.0,86729.0,360.2442857142857,initial,results/result_cpu1_105791_22.csv,,,,,46.0582254738547,22.489367907155614,22.489367907155614
2026-08-19 15:11:08,vllm,Qwen/Qwen2.5-7B-Instruct,1,8,512,256,2,1.4822847708128393,4208,2048,6256.0,5.397073597142232,1381.6508408684117,4220.511552965226,45.95082789519802,22.43692768320216,85.71428571428571,100.0,86729.0,356.5928571428572,initial,results/result_cpu1_105791_22.csv,,,,,45.95082789519802,22.436927683202157,22.436927683202157
2026-08-19 15:13:11,vllm,Qwen/Qwen2.5-7B-Instruct,1,16,512,256,0,1.5273189479485154,8422,4096,12518.0,10.475873439199516,2681.823600435076,8196.061481993722,47.34688738640398,11.559298678321284,90.0,100.0,86729.0,389.55285714285714,initial,results/result_cpu1_105791_23.csv,,,,,47.34688738640398,11.559298678321284,11.559298678321284
2026-08-19 15:13:12,vllm,Qwen/Qwen2.5-7B-Instruct,1,16,512,256,1,1.5283193071372807,8422,4096,12518.0,10.469016471413854,2680.0682166819465,8190.696761822413,47.3778985212557,11.566869756165945,100.0,100.0,86729.0,374.4742857142857,initial,results/result_cpu1_105791_23.csv,,,,,47.3778985212557,11.566869756165943,11.566869756165943
2026-08-19 15:13:14,vllm,Qwen/Qwen2.5-7B-Instruct,1,16,512,256,2,1.5238005719147625,8422,4096,12518.0,10.500061684512218,2688.015791235128,8214.985760420246,47.23781772935763,11.532670344081453,89.0,100.0,86729.0,371.6571428571429,initial,results/result_cpu1_105791_23.csv,,,,,47.23781772935764,11.532670344081454,11.532670344081454
2026-08-19 15:15:50,vllm,Qwen/Qwen2.5-7B-Instruct,1,32,512,256,0,1.647010768763721,16854,8192,25046.0,19.42913829520364,4973.859403572132,15206.9436794272,51.05733383167535,6.2325846962494325,91.875,100.0,87911.0,384.03875,initial,results/result_cpu1_105791_24.csv,,,,,51.05733383167535,6.2325846962494325,6.2325846962494325
2026-08-19 15:15:52,vllm,Qwen/Qwen2.5-7B-Instruct,1,32,512,256,1,1.6488653919659555,16854,8192,25046.0,19.407284643075773,4968.264868627398,15189.839099077368,51.11482715094462,6.239602923699295,87.5,100.0,87911.0,356.875,initial,results/result_cpu1_105791_24.csv,,,,,51.11482715094462,6.2396029236992945,6.2396029236992945
2026-08-19 15:15:54,vllm,Qwen/Qwen2.5-7B-Instruct,1,32,512,256,2,1.650126758031547,16854,8192,25046.0,19.392449606824822,4964.467099347155,15178.227901641709,51.15392949897796,6.244376159543208,80.75,100.0,87911.0,357.295,initial,results/result_cpu1_105791_24.csv,,,,,51.15392949897796,6.244376159543208,6.244376159543208
2026-08-19 15:18:26,vllm,Qwen/Qwen2.5-7B-Instruct,1,1,2048,256,0,1.414744907990098,2062,256,2318.0,0.7068412081586366,180.95134928861097,1638.4579205117195,43.85709214769304,171.31676620192593,97.33333333333331,100.0,86729.0,378.53,initial,results/result_cpu1_105791_25.csv,,,,,43.85709214769304,171.31676620192593,171.31676620192593
2026-08-19 15:18:27,vllm,Qwen/Qwen2.5-7B-Instruct,1,1,2048,256,1,1.4172626100480556,2062,256,2318.0,0.7055855371546792,180.62989751159787,1635.5472751245463,43.935140911489725,171.62164418550674,87.16666666666667,100.0,86729.0,372.3733333333333,initial,results/result_cpu1_105791_25.csv,,,,,43.935140911489725,171.62164418550674,171.62164418550674
2026-08-19 15:18:28,vllm,Qwen/Qwen2.5-7B-Instruct,1,1,2048,256,2,1.4173299800604582,2062,256,2318.0,0.7055519985242559,180.6213116222095,1635.4695325792252,43.93722938187421,171.6298022729461,100.0,100.0,86729.0,385.08333333333337,initial,results/result_cpu1_105791_25.csv,,,,,43.937229381874204,171.6298022729461,171.6298022729461
2026-08-19 15:20:35,vllm,Qwen/Qwen2.5-7B-Instruct,1,4,2048,256,0,1.493447687942535,8248,1024,9272.0,2.6783663279901324,685.6617799654739,6208.453148281127,46.296878326218575,45.21179524044783,91.0,100.0,86729.0,371.7728571428572,initial,results/result_cpu1_105791_26.csv,,,,,46.29687832621858,45.211795240447834,45.211795240447834
2026-08-19 15:20:37,vllm,Qwen/Qwen2.5-7B-Instruct,1,4,2048,256,1,1.49483989411965,8248,1024,9272.0,2.6758718547284315,685.0231948104785,6202.670959260504,46.340036717709154,45.253942107137846,82.85714285714286,100.0,86729.0,342.9514285714285,initial,results/result_cpu1_105791_26.csv,,,,,46.34003671770915,45.25394210713784,45.25394210713784
2026-08-19 15:20:38,vllm,Qwen/Qwen2.5-7B-Instruct,1,4,2048,256,2,1.5009699859656394,8248,1024,9272.0,2.664943361560042,682.2255005593707,6177.338712096177,46.53006956493482,45.43952105950666,83.28571428571429,100.0,86729.0,353.8314285714286,initial,results/result_cpu1_105791_26.csv,,,,,46.53006956493482,45.43952105950666,45.43952105950666
2026-08-19 15:23:22,vllm,Qwen/Qwen2.5-7B-Instruct,1,8,2048,256,0,1.5732069090008736,16496,2048,18544.0,5.0851543774879,1301.7995206369023,11787.387847016951,48.76941417902708,23.813190517103067,88.28571428571429,100.0,87773.0,380.62142857142857,initial,results/result_cpu1_105791_27.csv,,,,,48.76941417902708,23.813190517103067,23.813190517103067
2026-08-19 15:23:24,vllm,Qwen/Qwen2.5-7B-Instruct,1,8,2048,256,1,1.5736178420484066,16496,2048,18544.0,5.083826445171883,1301.459569964002,11784.309699908425,48.782153103500605,23.81941069506865,90.71428571428572,100.0,87773.0,377.6871428571429,initial,results/result_cpu1_105791_27.csv,,,,,48.782153103500605,23.819410695068655,23.819410695068655
2026-08-19 15:23:25,vllm,Qwen/Qwen2.5-7B-Instruct,1,8,2048,256,2,1.5724229249171913,16496,2048,18544.0,5.087689751420601,1302.448576363674,11793.264843792957,48.74511067243293,23.80132357052389,96.14285714285714,100.0,87773.0,378.5142857142857,initial,results/result_cpu1_105791_27.csv,,,,,48.74511067243293,23.80132357052389,23.80132357052389
2026-08-19 15:25:25,vllm,Qwen/Qwen2.5-7B-Instruct,1,16,2048,256,0,1.7302348399534822,32998,4096,37094.0,9.247299632707756,2367.3087059731856,21438.70828597885,53.63728003855795,13.09503907191356,90.625,100.0,87913.0,373.97875,initial,results/result_cpu1_105791_28.csv,,,,,53.63728003855795,13.095039071913561,13.095039071913561
2026-08-19 15:25:27,vllm,Qwen/Qwen2.5-7B-Instruct,1,16,2048,256,1,1.7446511890739202,32998,4096,37094.0,9.17088762510343,2347.7472320264783,21261.556597849165,54.08418686129153,13.204147182932502,83.25,100.0,87913.0,363.46,initial,results/result_cpu1_105791_28.csv,,,,,54.08418686129153,13.204147182932502,13.204147182932502
2026-08-19 15:25:29,vllm,Qwen/Qwen2.5-7B-Instruct,1,16,2048,256,2,1.740618331823498,32998,4096,37094.0,9.192135752837991,2353.186752726526,21310.81772598578,53.95916828652844,13.173625069953232,92.75,100.0,87913.0,369.68375,initial,results/result_cpu1_105791_28.csv,,,,,53.95916828652844,13.173625069953232,13.173625069953232
2026-08-19 15:27:58,vllm,Qwen/Qwen2.5-7B-Instruct,1,32,2048,256,0,2.107712662313133,66006,8192,74198.0,15.18233513143164,3886.6777936465,35203.0906900614,65.33909253170714,7.975963443811906,80.1,100.0,87913.0,361.585,initial,results/result_cpu1_105791_29.csv,,,,,65.33909253170712,7.975963443811905,7.975963443811905
2026-08-19 15:28:00,vllm,Qwen/Qwen2.5-7B-Instruct,1,32,2048,256,1,2.083670460153371,66006,8192,74198.0,15.357514833533036,3931.523797384457,35609.27767557763,64.5937842647545,7.884983430756165,74.9,100.0,87913.0,347.841,initial,results/result_cpu1_105791_29.csv,,,,,64.5937842647545,7.884983430756165,7.884983430756165
2026-08-19 15:28:02,vllm,Qwen/Qwen2.5-7B-Instruct,1,32,2048,256,2,2.0841777161695063,66006,8192,74198.0,15.353777056407909,3930.5669264404246,35600.61093847981,64.6095092012547,7.886902978668786,82.4,100.0,87913.0,352.496,initial,results/result_cpu1_105791_29.csv,,,,,64.6095092012547,7.886902978668786,7.886902978668786
2026-08-19 14:26:39,transformers,Qwen/Qwen2.5-7B-Instruct,1,16,128,256,0,5.715406987816095,2278,4096,6374.0,2.7994506837585216,716.6593750421815,1115.231166142301,177.17761662229896,43.256254058178456,57.8,68.0,15867.0,212.1408,initial,results/result_cpu1_105791_3.csv,,,,,177.17761662229896,43.256254058178456,43.256254058178456
2026-08-19 14:26:43,transformers,Qwen/Qwen2.5-7B-Instruct,1,16,128,256,1,4.511345795821399,2278,4096,6374.0,3.546613521583711,907.93306152543,1412.882161660911,139.85171967046335,34.14348624767172,71.85,96.0,15867.0,245.4455,initial,results/result_cpu1_105791_3.csv,,,,,139.85171967046338,34.143486247671724,34.143486247671724
2026-08-19 14:26:47,transformers,Qwen/Qwen2.5-7B-Instruct,1,16,128,256,2,3.5211970121599734,2278,4096,6374.0,4.543909342404354,1163.2407916555146,1810.1798842803344,109.15710737695916,26.649684418202924,93.5625,99.0,15867.0,299.205625,initial,results/result_cpu1_105791_3.csv,,,,,109.15710737695917,26.649684418202924,26.649684418202924
2026-08-19 14:28:28,transformers,Qwen/Qwen2.5-7B-Instruct,1,32,128,256,0,5.629716832656413,4566,8192,12758.0,5.684122479194149,1455.135354673702,2266.188580923717,174.5212218123488,21.30386008451524,71.56,87.0,16587.0,267.7672,initial,results/result_cpu1_105791_4.csv,,,,,174.5212218123488,21.303860084515236,21.303860084515236
2026-08-19 14:28:33,transformers,Qwen/Qwen2.5-7B-Instruct,1,32,128,256,1,5.472496246919036,4566,8192,12758.0,5.847422922951423,1496.9402682755642,2331.294426594196,169.6473836544901,20.708909137511,75.16666666666667,97.0,16587.0,282.13666666666666,initial,results/result_cpu1_105791_4.csv,,,,,169.6473836544901,20.708909137511,20.708909137511
2026-08-19 14:28:38,transformers,Qwen/Qwen2.5-7B-Instruct,1,32,128,256,2,4.347892422694713,4566,8192,12758.0,7.359887708575645,1884.131253395365,2934.2952308127524,134.7846651035361,16.453206189396496,94.45,98.0,16587.0,341.5375,initial,results/result_cpu1_105791_4.csv,,,,,134.7846651035361,16.453206189396496,16.453206189396496
2026-08-19 14:29:59,transformers,Qwen/Qwen2.5-7B-Instruct,1,1,512,256,0,5.569377863314003,526,256,782.0,0.1795532687029714,45.96563678796068,140.41065612572365,172.65071376273409,674.41685063568,41.54166666666666,48.0,15423.0,171.37958333333333,initial,results/result_cpu1_105791_5.csv,,,,,172.65071376273409,674.41685063568,674.41685063568
2026-08-19 14:30:04,transformers,Qwen/Qwen2.5-7B-Instruct,1,1,512,256,1,5.328114252071828,526,256,782.0,0.1876836630541756,48.04701774186896,146.76862450836535,165.17154181422666,645.2013352118229,45.04166666666666,50.0,15423.0,180.29,initial,results/result_cpu1_105791_5.csv,,,,,165.17154181422666,645.2013352118229,645.2013352118229
2026-08-19 14:30:08,transformers,Qwen/Qwen2.5-7B-Instruct,1,1,512,256,2,3.5383050651289523,526,256,782.0,0.2826211933660829,72.35102550171722,221.0097732122768,109.68745701899752,428.4666289804591,60.8125,86.0,15423.0,204.658125,initial,results/result_cpu1_105791_5.csv,,,,,109.68745701899752,428.46662898045906,428.46662898045906
2026-08-19 14:31:26,transformers,Qwen/Qwen2.5-7B-Instruct,1,4,512,256,0,4.120310377795249,2104,1024,3128.0,0.970800651707305,248.52496683707008,759.1661096351125,127.72962171165273,124.73595870278588,54.55555555555556,89.0,15735.0,192.53944444444448,initial,results/result_cpu1_105791_6.csv,,,,,127.72962171165273,124.73595870278587,124.73595870278587
2026-08-19 14:31:29,transformers,Qwen/Qwen2.5-7B-Instruct,1,4,512,256,1,2.733994501177221,2104,1024,3128.0,1.4630607333985688,374.5435477500336,1144.1134935176808,84.75382953649387,82.76741165673229,84.23076923076923,92.0,15735.0,265.9438461538461,initial,results/result_cpu1_105791_6.csv,,,,,84.75382953649385,82.76741165673228,82.76741165673228
2026-08-19 14:31:32,transformers,Qwen/Qwen2.5-7B-Instruct,1,4,512,256,2,2.693329795263708,2104,1024,3128.0,1.485150465804116,380.1985192458537,1161.3876642588189,83.49322365317494,81.53635122380365,81.38461538461539,95.0,15735.0,262.7838461538461,initial,results/result_cpu1_105791_6.csv,,,,,83.49322365317495,81.53635122380366,81.53635122380366
2026-08-19 14:32:55,transformers,Qwen/Qwen2.5-7B-Instruct,1,8,512,256,0,5.023457244038582,4208,2048,6256.0,1.592528732974433,407.6873556414549,1245.3574691860067,155.72717456519604,76.03865945566213,51.90909090909091,100.0,16151.0,192.89636363636365,initial,results/result_cpu1_105791_7.csv,,,,,155.72717456519604,76.03865945566213,76.03865945566213
2026-08-19 14:32:59,transformers,Qwen/Qwen2.5-7B-Instruct,1,8,512,256,1,3.258263606578112,4208,2048,6256.0,2.455295508886633,628.555650274978,1920.0410879493468,101.00617180392146,49.319419826133526,72.66666666666667,92.0,16151.0,240.71466666666663,initial,results/result_cpu1_105791_7.csv,,,,,101.00617180392148,49.31941982613353,49.31941982613353
2026-08-19 14:33:02,transformers,Qwen/Qwen2.5-7B-Instruct,1,8,512,256,2,2.848020018078387,4208,2048,6256.0,2.8089690203082744,719.0960691989183,2196.6137738810708,88.28862056042999,43.109678008022456,84.07692307692308,95.0,16151.0,267.40846153846155,initial,results/result_cpu1_105791_7.csv,,,,,88.28862056042999,43.109678008022456,43.109678008022456
2026-08-19 14:34:41,transformers,Qwen/Qwen2.5-7B-Instruct,1,16,512,256,0,5.6102271429263055,8422,4096,12518.0,2.8519344390848262,730.0952164057155,2231.2822067789907,173.91704143071547,42.46021519304577,78.4,100.0,17073.0,277.802,initial,results/result_cpu1_105791_8.csv,,,,,173.91704143071547,42.46021519304577,42.46021519304577
2026-08-19 14:34:46,transformers,Qwen/Qwen2.5-7B-Instruct,1,16,512,256,1,4.643066541291773,8422,4096,12518.0,3.4459984274850712,882.1755974361782,2696.063019703633,143.93506278004497,35.14039618653442,93.14285714285714,100.0,17073.0,333.6504761904762,initial,results/result_cpu1_105791_8.csv,,,,,143.93506278004497,35.14039618653442,35.14039618653442
2026-08-19 14:34:50,transformers,Qwen/Qwen2.5-7B-Instruct,1,16,512,256,2,4.646413182839751,8422,4096,12518.0,3.4435164007995667,881.5401986046891,2694.121144075561,144.0388086680323,35.16572477246882,94.85714285714286,100.0,17073.0,340.75428571428574,initial,results/result_cpu1_105791_8.csv,,,,,144.0388086680323,35.16572477246882,35.16572477246882
2026-08-19 14:36:38,transformers,Qwen/Qwen2.5-7B-Instruct,1,32,512,256,0,6.548130260780454,16854,8192,25046.0,4.8868911774192485,1251.0441414193276,3824.908638426328,202.9920380841941,24.77930152394947,94.56666666666666,100.0,19209.0,358.836,initial,results/result_cpu1_105791_9.csv,,,,,202.99203808419406,24.77930152394947,24.77930152394947
2026-08-19 14:36:45,transformers,Qwen/Qwen2.5-7B-Instruct,1,32,512,256,1,6.552919195964932,16854,8192,25046.0,4.883319791232055,1250.129866555406,3822.1133590999393,203.1404950749129,24.79742371519933,94.5,100.0,19209.0,373.6666666666667,initial,results/result_cpu1_105791_9.csv,,,,,203.1404950749129,24.79742371519933,24.79742371519933
2026-08-19 14:36:52,transformers,Qwen/Qwen2.5-7B-Instruct,1,32,512,256,2,6.562267392873764,16854,8192,25046.0,4.876363318378357,1248.3490095048594,3816.668614753261,203.43028917908669,24.83279897205648,97.7,100.0,19209.0,376.53566666666666,initial,results/result_cpu1_105791_9.csv,,,,,203.43028917908669,24.83279897205648,24.83279897205648
2026-08-19 15:10:16,transformers,Qwen/Qwen2.5-7B-Instruct,2,1,128,256,0,3.873978847637773,142,256,398.0,0.2581325400394914,66.08193025010979,102.73675093571757,123.96732312440872,484.2473559547216,67.70588235294117,78.0,15329.0,234.53176470588235,initial,results/result_cpu2_105792_0.csv,,,,,123.96732312440874,484.2473559547216,484.2473559547216
2026-08-19 15:10:21,transformers,Qwen/Qwen2.5-7B-Instruct,2,1,128,256,1,4.29310929402709,142,256,398.0,0.2329314097340308,59.630440891911896,92.70670107414428,137.37949740886688,536.6386617533863,60.73684210526316,94.0,15329.0,229.8678947368421,initial,results/result_cpu2_105792_0.csv,,,,,137.37949740886688,536.6386617533863,536.6386617533863
2026-08-19 15:10:24,transformers,Qwen/Qwen2.5-7B-Instruct,2,1,128,256,2,2.976932018995285,142,256,398.0,0.3359163036371587,85.99457373111262,133.69468884758916,95.26182460784912,372.1165023744106,82.15384615384616,95.0,15329.0,275.5992307692308,initial,results/result_cpu2_105792_0.csv,,,,,95.26182460784912,372.11650237441063,372.11650237441063
2026-08-19 15:12:08,transformers,Qwen/Qwen2.5-7B-Instruct,2,4,128,256,0,5.118050262331963,568,1024,1592.0,0.7815476196940395,200.0761906416741,311.0559526382277,163.7776083946228,159.93907069787383,54.95454545454545,62.0,15473.0,210.40272727272728,initial,results/result_cpu2_105792_1.csv,,,,,163.7776083946228,159.93907069787383,159.93907069787383
2026-08-19 15:12:13,transformers,Qwen/Qwen2.5-7B-Instruct,2,4,128,256,1,5.143979761749506,568,1024,1592.0,0.7776080360470878,199.0676572280545,309.48799834674094,164.6073523759842,160.74936755467206,54.31818181818182,61.0,15473.0,216.2440909090909,initial,results/result_cpu2_105792_1.csv,,,,,164.6073523759842,160.74936755467206,160.74936755467206
2026-08-19 15:12:18,transformers,Qwen/Qwen2.5-7B-Instruct,2,4,128,256,2,5.197566946968436,568,1024,1592.0,0.7695908568013855,197.0152593411547,306.2971610069514,166.32214230298996,162.42396709276363,53.40909090909091,62.0,15473.0,215.6740909090909,initial,results/result_cpu2_105792_1.csv,,,,,166.32214230298996,162.42396709276363,162.42396709276363
2026-08-19 15:24:29,transformers,Qwen/Qwen2.5-7B-Instruct,2,1,2048,256,0,4.844060428440571,2062,256,2318.0,0.2064383825868014,52.84822594222118,478.5241708362058,155.00993371009827,605.5075535550714,56.85714285714285,75.0,15731.0,219.0547619047619,initial,results/result_cpu2_105792_10.csv,,,,,155.00993371009827,605.5075535550714,605.5075535550714
2026-08-19 15:24:33,transformers,Qwen/Qwen2.5-7B-Instruct,2,1,2048,256,1,3.965463481843472,2062,256,2318.0,0.2521773317491549,64.55739692778366,584.5470549945411,126.89483141899107,495.68293523043394,70.0,75.0,15731.0,251.67388888888888,initial,results/result_cpu2_105792_10.csv,,,,,126.8948314189911,495.682935230434,495.682935230434
2026-08-19 15:24:37,transformers,Qwen/Qwen2.5-7B-Instruct,2,1,2048,256,2,3.93455002643168,2062,256,2318.0,0.2541586695510692,65.06461940507373,589.1397960193785,125.90560084581377,491.81875330396,67.94444444444444,75.0,15731.0,251.6861111111111,initial,results/result_cpu2_105792_10.csv,,,,,125.90560084581377,491.81875330396,491.81875330396
2026-08-19 15:25:41,transformers,Qwen/Qwen2.5-7B-Instruct,2,4,2048,256,0,4.187352608889341,8248,1024,9272.0,0.9552575036332956,244.54592093012369,2214.286893421979,133.99528348445892,130.85476902779192,72.89473684210526,87.0,17319.0,269.16736842105263,initial,results/result_cpu2_105792_11.csv,,,,,133.99528348445892,130.85476902779192,130.85476902779192
2026-08-19 15:25:46,transformers,Qwen/Qwen2.5-7B-Instruct,2,4,2048,256,1,4.131142172962427,8248,1024,9272.0,0.9682552264066996,247.8733379601151,2244.41561481073,132.19654953479767,129.09819290507585,72.16666666666667,80.0,17319.0,281.3516666666667,initial,results/result_cpu2_105792_11.csv,,,,,132.19654953479767,129.09819290507585,129.09819290507585
2026-08-19 15:25:50,transformers,Qwen/Qwen2.5-7B-Instruct,2,4,2048,256,2,4.121120313182473,8248,1024,9272.0,0.9706098575198014,248.4761235250692,2249.8736497309,131.87585002183914,128.7850097869523,75.88888888888889,100.0,17319.0,283.795,initial,results/result_cpu2_105792_11.csv,,,,,131.87585002183914,128.7850097869523,128.7850097869523
2026-08-19 15:27:00,transformers,Qwen/Qwen2.5-7B-Instruct,2,8,2048,256,0,4.516412109136581,16496,2048,18544.0,1.7713175429266548,453.4572909892236,4105.914064503986,144.5251874923706,70.56893920525908,75.7,100.0,19355.0,302.561,initial,results/result_cpu2_105792_12.csv,,,,,144.5251874923706,70.56893920525908,70.56893920525908
2026-08-19 15:27:05,transformers,Qwen/Qwen2.5-7B-Instruct,2,8,2048,256,1,4.448793064802885,16496,2048,18544.0,1.7982405302896372,460.3495757541471,4168.321549211379,142.36137807369232,69.51239163754508,79.1,100.0,19355.0,314.4255,initial,results/result_cpu2_105792_12.csv,,,,,142.36137807369232,69.51239163754508,69.51239163754508
2026-08-19 15:27:09,transformers,Qwen/Qwen2.5-7B-Instruct,2,8,2048,256,2,4.475312793627381,16496,2048,18544.0,1.7875845485910158,457.6216444393,4143.620983633975,143.2100093960762,69.92676240042783,77.6,100.0,19355.0,312.1705,initial,results/result_cpu2_105792_12.csv,,,,,143.2100093960762,69.92676240042783,69.92676240042783
2026-08-19 15:28:28,transformers,Qwen/Qwen2.5-7B-Instruct,2,16,2048,256,0,9.735006937757134,32998,4096,37094.0,1.6435530146305442,420.7495717454193,3810.372220294088,311.5202220082283,76.05474170122761,95.88372093023256,100.0,23679.0,453.76116279069765,initial,results/result_cpu2_105792_13.csv,,,,,311.5202220082283,76.05474170122761,76.05474170122761
2026-08-19 15:28:38,transformers,Qwen/Qwen2.5-7B-Instruct,2,16,2048,256,1,9.7254701834172,32998,4096,37094.0,1.6451646756659062,421.162156970472,3814.108654946945,311.21504586935043,75.98023580794688,95.88372093023256,100.0,23679.0,462.4925581395349,initial,results/result_cpu2_105792_13.csv,,,,,311.2150458693504,75.98023580794687,75.98023580794687
2026-08-19 15:28:47,transformers,Qwen/Qwen2.5-7B-Instruct,2,16,2048,256,2,9.701492419466376,32998,4096,37094.0,1.6492307892644902,422.2030820517095,3823.5354310610624,310.44775742292404,75.79290952708106,97.23255813953487,100.0,23679.0,471.91372093023256,initial,results/result_cpu2_105792_13.csv,,,,,310.44775742292404,75.79290952708106,75.79290952708106
2026-08-19 15:30:19,transformers,Qwen/Qwen2.5-7B-Instruct,2,32,2048,256,0,16.25234456732869,66006,8192,74198.0,1.968946687503049,504.05035200078055,4565.372072479726,520.0750261545181,63.4857209661277,98.45833333333331,100.0,32029.0,510.5802777777778,initial,results/result_cpu2_105792_14.csv,,,,,520.0750261545181,63.4857209661277,63.4857209661277
2026-08-19 15:30:36,transformers,Qwen/Qwen2.5-7B-Instruct,2,32,2048,256,1,16.24433987773955,66006,8192,74198.0,1.9699169212687575,504.298731844802,4567.621741384352,519.8188760876656,63.45445264742011,96.83333333333331,100.0,32029.0,511.88652777777776,initial,results/result_cpu2_105792_14.csv,,,,,519.8188760876656,63.45445264742011,63.45445264742011
2026-08-19 15:30:52,transformers,Qwen/Qwen2.5-7B-Instruct,2,32,2048,256,2,16.282331271097064,66006,8192,74198.0,1.9653205347076763,503.12205688516514,4556.964157320005,521.034600675106,63.602856527722906,96.51388888888889,100.0,32029.0,510.3801388888889,initial,results/result_cpu2_105792_14.csv,,,,,521.034600675106,63.602856527722906,63.602856527722906
2026-08-19 15:32:30,vllm,Qwen/Qwen2.5-7B-Instruct,2,1,128,256,0,1.9567156583070755,142,256,398.0,0.5110604577392643,130.83147718125167,203.4020621802272,62.614901065826416,244.58945728838444,99.44444444444444,100.0,87251.0,366.9611111111111,initial,results/result_cpu2_105792_15.csv,,,,,62.614901065826416,244.58945728838444,244.58945728838444
2026-08-19 15:32:33,vllm,Qwen/Qwen2.5-7B-Instruct,2,1,128,256,1,1.9573794174939396,142,256,398.0,0.5108871540502424,130.78711143686206,203.33308731199648,62.63614135980606,244.6724271867424,86.88888888888889,100.0,87251.0,321.3566666666667,initial,results/result_cpu2_105792_15.csv,,,,,62.63614135980607,244.67242718674245,244.67242718674245
2026-08-19 15:32:35,vllm,Qwen/Qwen2.5-7B-Instruct,2,1,128,256,2,1.957076404243708,142,256,398.0,0.5109662544761199,130.8073611458867,203.3645692814957,62.626444935798645,244.63455053046343,88.88888888888889,100.0,87251.0,344.6688888888889,initial,results/result_cpu2_105792_15.csv,,,,,62.62644493579866,244.6345505304635,244.6345505304635
2026-08-19 15:34:09,vllm,Qwen/Qwen2.5-7B-Instruct,2,4,128,256,0,1.9934333134442568,568,1024,1592.0,2.006588318266235,513.6866094761561,798.6221506699616,63.78986603021622,62.294791045133024,98.88888888888889,100.0,86731.0,367.7033333333333,initial,results/result_cpu2_105792_16.csv,,,,,63.78986603021622,62.294791045133024,62.294791045133024
2026-08-19 15:34:11,vllm,Qwen/Qwen2.5-7B-Instruct,2,4,128,256,1,1.992921782657504,568,1024,1592.0,2.007103356894476,513.8184593649859,798.8271360440015,63.77349704504013,62.278805708047,88.44444444444444,100.0,86731.0,344.9377777777778,initial,results/result_cpu2_105792_16.csv,,,,,63.77349704504013,62.278805708047,62.278805708047
2026-08-19 15:34:13,vllm,Qwen/Qwen2.5-7B-Instruct,2,4,128,256,2,1.992253925651312,568,1024,1592.0,2.007776191828716,513.9907051081511,799.0949243478289,63.75212562084198,62.257935176603496,88.88888888888889,100.0,86731.0,353.16777777777776,initial,results/result_cpu2_105792_16.csv,,,,,63.75212562084199,62.2579351766035,62.2579351766035
2026-08-19 15:35:48,vllm,Qwen/Qwen2.5-7B-Instruct,2,8,128,256,0,2.012265605852008,1136,2048,3184.0,3.975618316356772,1017.7582889873336,1582.296089909995,64.39249938726425,31.441650091437623,100.0,100.0,86731.0,373.93555555555554,initial,results/result_cpu2_105792_17.csv,,,,,64.39249938726425,31.441650091437623,31.441650091437623
2026-08-19 15:35:50,vllm,Qwen/Qwen2.5-7B-Instruct,2,8,128,256,1,2.012900611385703,1136,2048,3184.0,3.974364136385607,1017.4372189147152,1581.7969262814715,64.4128195643425,31.45157205290161,98.44444444444444,100.0,86731.0,365.4,initial,results/result_cpu2_105792_17.csv,,,,,64.4128195643425,31.45157205290161,31.45157205290161
2026-08-19 15:35:52,vllm,Qwen/Qwen2.5-7B-Instruct,2,8,128,256,2,2.0201162565499544,1136,2048,3184.0,3.960168121048024,1013.803038988294,1576.146912177113,64.64372020959854,31.56431650859304,100.0,100.0,86731.0,367.1188888888889,initial,results/result_cpu2_105792_17.csv,,,,,64.64372020959854,31.564316508593038,31.564316508593038
2026-08-19 15:37:24,vllm,Qwen/Qwen2.5-7B-Instruct,2,16,128,256,0,2.0546848755329847,2278,4096,6374.0,7.787082189841692,1993.4930405994733,3102.1788673781843,65.74991601705551,16.052225590101443,98.0,100.0,86731.0,387.19666666666666,initial,results/result_cpu2_105792_18.csv,,,,,65.74991601705551,16.052225590101443,16.052225590101443
2026-08-19 15:37:26,vllm,Qwen/Qwen2.5-7B-Instruct,2,16,128,256,1,2.0578294545412064,2278,4096,6374.0,7.775182712392074,1990.446774372371,3097.4384130491926,65.8505425453186,16.076792613603175,99.44444444444444,100.0,86731.0,377.81666666666666,initial,results/result_cpu2_105792_18.csv,,,,,65.8505425453186,16.076792613603175,16.076792613603175
2026-08-19 15:37:28,vllm,Qwen/Qwen2.5-7B-Instruct,2,16,128,256,2,2.0606181118637323,2278,4096,6374.0,7.764660471478022,1987.7530806983737,3093.246615325057,65.93977957963943,16.09857899893541,93.88888888888889,100.0,86731.0,380.0788888888889,initial,results/result_cpu2_105792_18.csv,,,,,65.93977957963943,16.09857899893541,16.09857899893541
2026-08-19 15:39:01,vllm,Qwen/Qwen2.5-7B-Instruct,2,32,128,256,0,2.148172097280621,4566,8192,12758.0,14.89638564829555,3813.4747259636606,5939.002753154831,68.74150711297989,8.391297255002428,94.7,100.0,86731.0,411.723,initial,results/result_cpu2_105792_19.csv,,,,,68.74150711297987,8.391297255002426,8.391297255002426
2026-08-19 15:39:03,vllm,Qwen/Qwen2.5-7B-Instruct,2,32,128,256,1,2.1300709787756205,4566,8192,12758.0,15.022973562314728,3845.88123195257,5989.471772125353,68.16227132081985,8.320589760842267,88.6,100.0,86731.0,391.248,initial,results/result_cpu2_105792_19.csv,,,,,68.16227132081985,8.320589760842267,8.320589760842267
2026-08-19 15:39:05,vllm,Qwen/Qwen2.5-7B-Instruct,2,32,128,256,2,2.133545871824026,4566,8192,12758.0,14.99850573760682,3839.617468827346,5979.716756262119,68.27346789836884,8.334163561812602,90.0,100.0,86731.0,383.656,initial,results/result_cpu2_105792_19.csv,,,,,68.27346789836884,8.334163561812602,8.334163561812602
2026-08-19 15:13:35,transformers,Qwen/Qwen2.5-7B-Instruct,2,8,128,256,0,5.126501597464085,1136,2048,3184.0,1.5605183862533745,399.4927068808639,621.086317728843,164.0480511188507,80.10158746037632,54.68181818181818,62.0,15567.0,216.3990909090909,initial,results/result_cpu2_105792_2.csv,,,,,164.0480511188507,80.10158746037632,80.10158746037632
2026-08-19 15:13:38,transformers,Qwen/Qwen2.5-7B-Instruct,2,8,128,256,1,3.178065365180373,1136,2048,3184.0,2.517254707108881,644.4172050198736,1001.8673734293347,101.69809168577194,49.65727133094333,86.0,95.0,15567.0,274.7057142857143,initial,results/result_cpu2_105792_2.csv,,,,,101.69809168577194,49.65727133094333,49.65727133094333
2026-08-19 15:13:41,transformers,Qwen/Qwen2.5-7B-Instruct,2,8,128,256,2,3.1307195983827114,1136,2048,3184.0,2.5553230650655188,654.1627046567728,1017.0185798960764,100.18302714824677,48.917493724729866,89.78571428571429,95.0,15567.0,293.3328571428572,initial,results/result_cpu2_105792_2.csv,,,,,100.18302714824677,48.917493724729866,48.917493724729866
2026-08-19 15:40:40,vllm,Qwen/Qwen2.5-7B-Instruct,2,1,512,256,0,1.957756293937564,526,256,782.0,0.5107888060922723,130.7619343596217,399.43684636415696,62.648201406002045,244.7195367421955,100.0,100.0,86731.0,367.6544444444445,initial,results/result_cpu2_105792_20.csv,,,,,62.648201406002045,244.7195367421955,244.7195367421955
2026-08-19 15:40:42,vllm,Qwen/Qwen2.5-7B-Instruct,2,1,512,256,1,1.9572686199098823,526,256,782.0,0.5109160744865171,130.79451506854838,399.5363702484564,62.63259583711624,244.6585774887353,92.11111111111111,100.0,86731.0,347.58666666666664,initial,results/result_cpu2_105792_20.csv,,,,,62.632595837116234,244.6585774887353,244.6585774887353
2026-08-19 15:40:44,vllm,Qwen/Qwen2.5-7B-Instruct,2,1,512,256,2,1.9572695512324567,526,256,782.0,0.5109158313786255,130.79445283292813,399.5361801380851,62.63262563943863,244.65869390405717,91.66666666666669,100.0,86731.0,353.24111111111114,initial,results/result_cpu2_105792_20.csv,,,,,62.632625639438615,244.6586939040571,244.6586939040571
2026-08-19 15:42:16,vllm,Qwen/Qwen2.5-7B-Instruct,2,4,512,256,0,2.008432311937213,2104,1024,3128.0,1.9916030907418736,509.8503912299197,1557.4336169601452,64.26983398199081,62.76350974803791,100.0,100.0,86731.0,368.6877777777778,initial,results/result_cpu2_105792_21.csv,,,,,64.26983398199081,62.763509748037905,62.763509748037905
2026-08-19 15:42:18,vllm,Qwen/Qwen2.5-7B-Instruct,2,4,512,256,1,2.010040320456028,2104,1024,3128.0,1.9900098317890955,509.44251693800845,1556.187688459073,64.3212902545929,62.81376001425088,88.88888888888889,100.0,86731.0,353.24555555555554,initial,results/result_cpu2_105792_21.csv,,,,,64.3212902545929,62.813760014250875,62.813760014250875
2026-08-19 15:42:20,vllm,Qwen/Qwen2.5-7B-Instruct,2,4,512,256,2,2.0092615466564894,2104,1024,3128.0,1.9907811437770249,509.6399728069184,1556.7908544336335,64.29636949300766,62.78942333301529,88.88888888888889,100.0,86731.0,348.8066666666667,initial,results/result_cpu2_105792_21.csv,,,,,64.29636949300766,62.78942333301529,62.78942333301529
2026-08-19 15:43:56,vllm,Qwen/Qwen2.5-7B-Instruct,2,8,512,256,0,2.064185932278633,4208,2048,6256.0,3.875619862968877,992.1586849200326,3030.7347328416618,66.05394983291626,32.25290519185364,95.77777777777776,100.0,86731.0,373.0133333333333,initial,results/result_cpu2_105792_22.csv,,,,,66.05394983291626,32.25290519185364,32.25290519185364
2026-08-19 15:43:58,vllm,Qwen/Qwen2.5-7B-Instruct,2,8,512,256,1,2.057353764772415,4208,2048,6256.0,3.8884902232091134,995.4534971415331,3040.7993545495274,65.83532047271729,32.14615257456899,89.55555555555556,100.0,86731.0,354.20444444444445,initial,results/result_cpu2_105792_22.csv,,,,,65.83532047271729,32.14615257456899,32.14615257456899
2026-08-19 15:44:00,vllm,Qwen/Qwen2.5-7B-Instruct,2,8,512,256,2,2.0621087551116943,4208,2048,6256.0,3.8795238030821895,993.1580935890404,3033.787614010272,65.98748016357422,32.220449298620224,98.88888888888889,100.0,86731.0,369.8177777777778,initial,results/result_cpu2_105792_22.csv,,,,,65.98748016357422,32.220449298620224,32.220449298620224
2026-08-19 15:45:36,vllm,Qwen/Qwen2.5-7B-Instruct,2,16,512,256,0,2.129076277837157,8422,4096,12518.0,7.514996135438489,1923.8390106722527,5879.545101463688,68.13044089078903,16.63340842060279,98.6,100.0,86731.0,388.835,initial,results/result_cpu2_105792_23.csv,,,,,68.13044089078902,16.633408420602787,16.633408420602787
2026-08-19 15:45:38,vllm,Qwen/Qwen2.5-7B-Instruct,2,16,512,256,1,2.1216800194233656,8422,4096,12518.0,7.5411937019365025,1930.5455876957449,5900.041422552571,67.8937606215477,16.575625151745044,90.0,100.0,86731.0,365.317,initial,results/result_cpu2_105792_23.csv,,,,,67.8937606215477,16.575625151745044,16.575625151745044
2026-08-19 15:45:41,vllm,Qwen/Qwen2.5-7B-Instruct,2,16,512,256,2,2.125817034393549,8422,4096,12518.0,7.526517918116347,1926.7885870377847,5888.559456186276,68.02614510059357,16.6079455811996,88.3,100.0,86731.0,370.147,initial,results/result_cpu2_105792_23.csv,,,,,68.02614510059357,16.6079455811996,16.6079455811996
2026-08-19 15:47:14,vllm,Qwen/Qwen2.5-7B-Instruct,2,32,512,256,0,2.2562578823417425,16854,8192,25046.0,14.182775936404749,3630.7906397196152,11100.681440724791,72.20025223493576,8.813507352897432,93.9,100.0,87913.0,408.804,initial,results/result_cpu2_105792_24.csv,,,,,72.20025223493576,8.813507352897432,8.813507352897432
2026-08-19 15:47:17,vllm,Qwen/Qwen2.5-7B-Instruct,2,32,512,256,1,2.254322012886405,16854,8192,25046.0,14.194955209183984,3633.9085335511,11110.21400528819,72.13830441236496,8.80594536283752,92.5,100.0,87913.0,406.736,initial,results/result_cpu2_105792_24.csv,,,,,72.13830441236496,8.80594536283752,8.80594536283752
2026-08-19 15:47:19,vllm,Qwen/Qwen2.5-7B-Instruct,2,32,512,256,2,2.2555696554481983,16854,8192,25046.0,14.18710343203361,3631.898478600604,11104.068517459806,72.17822897434235,8.810818966594525,94.5,100.0,87913.0,407.238,initial,results/result_cpu2_105792_24.csv,,,,,72.17822897434235,8.810818966594525,8.810818966594525
2026-08-19 15:48:53,vllm,Qwen/Qwen2.5-7B-Instruct,2,1,2048,256,0,1.974834579974413,2062,256,2318.0,0.5063715260712908,129.63111067425044,1173.769197433252,63.19470655918121,246.8543224968016,100.0,100.0,86731.0,367.7466666666666,initial,results/result_cpu2_105792_25.csv,,,,,63.19470655918121,246.85432249680161,246.85432249680161
2026-08-19 15:48:55,vllm,Qwen/Qwen2.5-7B-Instruct,2,1,2048,256,1,1.974870853126049,2062,256,2318.0,0.5063622253663256,129.62872969377935,1173.7476383991425,63.19586730003357,246.85885664075613,90.0,100.0,86731.0,348.68111111111114,initial,results/result_cpu2_105792_25.csv,,,,,63.19586730003357,246.85885664075613,246.85885664075613
2026-08-19 15:48:57,vllm,Qwen/Qwen2.5-7B-Instruct,2,1,2048,256,2,1.9750548880547285,2062,256,2318.0,0.5063150427099877,129.61665093375686,1173.6382690017515,63.20175641775131,246.88186100684104,93.44444444444444,100.0,86731.0,350.69,initial,results/result_cpu2_105792_25.csv,,,,,63.20175641775131,246.88186100684106,246.88186100684106
2026-08-19 15:50:28,vllm,Qwen/Qwen2.5-7B-Instruct,2,4,2048,256,0,2.074748208746314,8248,1024,9272.0,1.9279447901859077,493.5538662875923,4468.976023650934,66.39194267988205,64.83588152332231,100.0,100.0,86731.0,368.8088888888889,initial,results/result_cpu2_105792_26.csv,,,,,66.39194267988205,64.83588152332231,64.83588152332231
2026-08-19 15:50:30,vllm,Qwen/Qwen2.5-7B-Instruct,2,4,2048,256,1,2.06612147949636,8248,1024,9272.0,1.935994586811539,495.6146142237539,4487.635452229147,66.11588734388351,64.56629623426124,94.8,100.0,86731.0,366.972,initial,results/result_cpu2_105792_26.csv,,,,,66.11588734388351,64.56629623426124,64.56629623426124
2026-08-19 15:50:33,vllm,Qwen/Qwen2.5-7B-Instruct,2,4,2048,256,2,2.066070875152945,8248,1024,9272.0,1.9360420051920488,495.6267533291645,4487.745368035169,66.11426800489426,64.56471484852955,90.0,100.0,86731.0,347.272,initial,results/result_cpu2_105792_26.csv,,,,,66.11426800489424,64.56471484852953,64.56471484852953
2026-08-19 15:52:06,vllm,Qwen/Qwen2.5-7B-Instruct,2,8,2048,256,0,2.1652735080569983,16496,2048,18544.0,3.694683359969049,945.8389401520766,8564.276028408256,69.28875225782394,33.8323985633906,98.1,100.0,87775.0,374.589,initial,results/result_cpu2_105792_27.csv,,,,,69.28875225782394,33.8323985633906,33.8323985633906
2026-08-19 15:52:08,vllm,Qwen/Qwen2.5-7B-Instruct,2,8,2048,256,1,2.167298825457692,16496,2048,18544.0,3.691230718177754,944.9550638535052,8556.272804736034,69.35356241464615,33.86404414777644,90.0,100.0,87775.0,361.416,initial,results/result_cpu2_105792_27.csv,,,,,69.35356241464615,33.86404414777644,33.86404414777644
2026-08-19 15:52:10,vllm,Qwen/Qwen2.5-7B-Instruct,2,8,2048,256,2,2.1654076892882586,16496,2048,18544.0,3.694454415939336,945.78033048047,8563.74533614738,69.29304605722427,33.83449514512904,90.6,100.0,87775.0,362.582,initial,results/result_cpu2_105792_27.csv,,,,,69.29304605722427,33.83449514512904,33.83449514512904
2026-08-19 15:53:49,vllm,Qwen/Qwen2.5-7B-Instruct,2,16,2048,256,0,2.355299171060324,32998,4096,37094.0,6.793192218038703,1739.057207817908,15749.16700849548,75.36957347393036,18.40077477390878,91.54545454545456,100.0,87915.0,391.53636363636366,initial,results/result_cpu2_105792_28.csv,,,,,75.36957347393037,18.400774773908783,18.400774773908783
2026-08-19 15:53:52,vllm,Qwen/Qwen2.5-7B-Instruct,2,16,2048,256,1,2.3608467523008585,32998,4096,37094.0,6.777229392126598,1734.970724384409,15712.1591919715,75.54709607362747,18.444115252350457,87.0,100.0,87915.0,374.9790909090909,initial,results/result_cpu2_105792_28.csv,,,,,75.54709607362747,18.444115252350457,18.444115252350457
2026-08-19 15:53:54,vllm,Qwen/Qwen2.5-7B-Instruct,2,16,2048,256,2,2.3511102721095085,32998,4096,37094.0,6.805295434162759,1742.1556311456663,15777.226802177089,75.23552870750427,18.36804900085553,85.54545454545455,100.0,87915.0,373.3236363636364,initial,results/result_cpu2_105792_28.csv,,,,,75.23552870750427,18.368049000855535,18.368049000855535
2026-08-19 15:55:36,vllm,Qwen/Qwen2.5-7B-Instruct,2,32,2048,256,0,2.725058076903224,66006,8192,74198.0,11.742868994691312,3006.174462640976,27228.04355212831,87.20185846090317,10.64475811290322,98.46153846153848,100.0,87915.0,420.4684615384616,initial,results/result_cpu2_105792_29.csv,,,,,87.20185846090317,10.644758112903219,10.644758112903219
2026-08-19 15:55:39,vllm,Qwen/Qwen2.5-7B-Instruct,2,32,2048,256,1,2.7189870923757558,66006,8192,74198.0,11.769088602785358,3012.886682313052,27288.838629670878,87.00758695602417,10.621043329592794,81.25,100.0,87915.0,398.07916666666665,initial,results/result_cpu2_105792_29.csv,,,,,87.00758695602418,10.621043329592796,10.621043329592796
2026-08-19 15:55:42,vllm,Qwen/Qwen2.5-7B-Instruct,2,32,2048,256,2,2.729190543293953,66006,8192,74198.0,11.725088260557326,3001.6225947026755,27186.815586151017,87.3340973854065,10.660900559742004,91.76923076923076,100.0,87915.0,420.8769230769231,initial,results/result_cpu2_105792_29.csv,,,,,87.3340973854065,10.660900559742004,10.660900559742004
2026-08-19 15:14:59,transformers,Qwen/Qwen2.5-7B-Instruct,2,16,128,256,0,5.966029094532132,2278,4096,6374.0,2.6818508167625272,686.553809091207,1068.3823191277718,190.91293102502823,46.60960230103228,62.36,71.0,15869.0,252.3232,initial,results/result_cpu2_105792_3.csv,,,,,190.91293102502823,46.60960230103228,46.60960230103228
2026-08-19 15:15:05,transformers,Qwen/Qwen2.5-7B-Instruct,2,16,128,256,1,5.369842786341906,2278,4096,6374.0,2.979603060390464,762.7783834599588,1186.9993691830512,171.83496916294098,41.95189676829614,69.43478260869566,96.0,15869.0,268.375652173913,initial,results/result_cpu2_105792_3.csv,,,,,171.83496916294098,41.95189676829614,41.95189676829614
2026-08-19 15:15:09,transformers,Qwen/Qwen2.5-7B-Instruct,2,16,128,256,2,4.036854254081845,2278,4096,6374.0,3.963482204942544,1014.6514444652912,1578.9522233939858,129.17933613061905,31.537923860014416,92.83333333333331,96.0,15869.0,330.37166666666667,initial,results/result_cpu2_105792_3.csv,,,,,129.17933613061905,31.537923860014416,31.537923860014416
2026-08-19 15:16:20,transformers,Qwen/Qwen2.5-7B-Instruct,2,32,128,256,0,5.036273293197155,4566,8192,12758.0,6.3539045911635945,1626.5995753378802,2533.2223366895355,161.16074538230896,19.672942551551387,88.81818181818181,96.0,16589.0,335.28272727272724,initial,results/result_cpu2_105792_4.csv,,,,,161.16074538230896,19.672942551551387,19.672942551551387
2026-08-19 15:16:25,transformers,Qwen/Qwen2.5-7B-Instruct,2,32,128,256,1,5.037674471735954,4566,8192,12758.0,6.3521373164417625,1626.1471530090912,2532.517746348876,161.20558309555054,19.67841590521857,92.22727272727272,96.0,16589.0,353.9086363636364,initial,results/result_cpu2_105792_4.csv,,,,,161.20558309555054,19.67841590521857,19.67841590521857
2026-08-19 15:16:31,transformers,Qwen/Qwen2.5-7B-Instruct,2,32,128,256,2,5.046518698334694,4566,8192,12758.0,6.341004940803988,1623.2972648458208,2528.0794073367897,161.4885983467102,19.712963665369895,89.5909090909091,100.0,16589.0,347.84909090909093,initial,results/result_cpu2_105792_4.csv,,,,,161.4885983467102,19.712963665369898,19.712963665369898
2026-08-19 15:17:38,transformers,Qwen/Qwen2.5-7B-Instruct,2,1,512,256,0,4.426630137488246,526,256,782.0,0.2259054786464312,57.8318025334864,176.65808430150923,141.65216439962387,553.3287671860307,60.21052631578947,67.0,15425.0,220.4784210526316,initial,results/result_cpu2_105792_5.csv,,,,,141.65216439962387,553.3287671860307,553.3287671860307
2026-08-19 15:17:41,transformers,Qwen/Qwen2.5-7B-Instruct,2,1,512,256,1,3.605720454826951,526,256,782.0,0.2773370849260673,70.99829374107323,216.8776004121846,115.38305455446245,450.7150568533689,72.6875,88.0,15425.0,254.6025,initial,results/result_cpu2_105792_5.csv,,,,,115.38305455446243,450.7150568533689,450.7150568533689
2026-08-19 15:17:44,transformers,Qwen/Qwen2.5-7B-Instruct,2,1,512,256,2,2.938237877562642,526,256,782.0,0.3403400410961724,87.12705052062013,266.14591213720684,94.02361208200456,367.2797346953303,88.92857142857143,95.0,15425.0,288.0735714285714,initial,results/result_cpu2_105792_5.csv,,,,,94.02361208200455,367.27973469533026,367.27973469533026
2026-08-19 15:18:51,transformers,Qwen/Qwen2.5-7B-Instruct,2,4,512,256,0,3.899014171212912,2104,1024,3128.0,1.025900349255636,262.6304894094428,802.2540731179073,124.76845347881316,121.84419285040347,70.17647058823529,82.0,15737.0,243.08882352941177,initial,results/result_cpu2_105792_6.csv,,,,,124.76845347881319,121.8441928504035,121.8441928504035
2026-08-19 15:18:55,transformers,Qwen/Qwen2.5-7B-Instruct,2,4,512,256,1,3.473285045474768,2104,1024,3128.0,1.151647488653853,294.8217570953864,900.5883361273131,111.14512145519257,108.54015767108648,81.8125,95.0,15737.0,275.44375,initial,results/result_cpu2_105792_6.csv,,,,,111.14512145519258,108.5401576710865,108.5401576710865
2026-08-19 15:18:58,transformers,Qwen/Qwen2.5-7B-Instruct,2,4,512,256,2,3.0687816999852657,2104,1024,3128.0,1.3034488572514642,333.68290745637483,1019.2970063706448,98.2010143995285,95.89942812453955,86.42857142857143,96.0,15737.0,291.3435714285714,initial,results/result_cpu2_105792_6.csv,,,,,98.2010143995285,95.89942812453955,95.89942812453955
2026-08-19 15:20:08,transformers,Qwen/Qwen2.5-7B-Instruct,2,8,512,256,0,3.7294758800417194,4208,2048,6256.0,2.145073532399548,549.1388242942842,1677.4475023364462,119.343228161335,58.27306062565185,74.52941176470588,86.0,16153.0,265.21588235294115,initial,results/result_cpu2_105792_7.csv,,,,,119.34322816133502,58.273060625651866,58.273060625651866
2026-08-19 15:20:12,transformers,Qwen/Qwen2.5-7B-Instruct,2,8,512,256,1,4.079520849511027,4208,2048,6256.0,1.961014613017331,502.0197409324367,1533.5134273795527,130.54466718435287,63.7425132736098,71.83333333333333,90.0,16153.0,269.42055555555555,initial,results/result_cpu2_105792_7.csv,,,,,130.54466718435287,63.7425132736098,63.7425132736098
2026-08-19 15:20:16,transformers,Qwen/Qwen2.5-7B-Instruct,2,8,512,256,2,3.838483130559325,4208,2048,6256.0,2.0841566128842874,533.5440928983776,1629.810471275513,122.8314601778984,59.97629891498946,78.23529411764706,86.0,16153.0,275.17823529411766,initial,results/result_cpu2_105792_7.csv,,,,,122.8314601778984,59.97629891498946,59.97629891498946
2026-08-19 15:21:34,transformers,Qwen/Qwen2.5-7B-Instruct,2,16,512,256,0,5.42399313673377,8422,4096,12518.0,2.9498562399794825,755.1631974347475,2307.893775753948,173.56778037548065,42.37494638073258,89.29166666666667,96.0,17075.0,338.6404166666667,initial,results/result_cpu2_105792_8.csv,,,,,173.56778037548065,42.37494638073258,42.37494638073258
2026-08-19 15:21:39,transformers,Qwen/Qwen2.5-7B-Instruct,2,16,512,256,1,5.263391913846135,8422,4096,12518.0,3.039864836572329,778.2053981625162,2378.314251513276,168.42854124307632,41.12024932692293,92.75,100.0,17075.0,358.28000000000003,initial,results/result_cpu2_105792_8.csv,,,,,168.42854124307632,41.12024932692293,41.12024932692293
2026-08-19 15:21:45,transformers,Qwen/Qwen2.5-7B-Instruct,2,16,512,256,2,5.270445022732019,8422,4096,12518.0,3.0357967744640555,777.1639742627982,2375.1315014213155,168.65424072742462,41.1753517400939,89.20833333333333,96.0,17075.0,354.51375,initial,results/result_cpu2_105792_8.csv,,,,,168.65424072742462,41.1753517400939,41.1753517400939
2026-08-19 15:23:03,transformers,Qwen/Qwen2.5-7B-Instruct,2,32,512,256,0,7.109971908852458,16854,8192,25046.0,4.500721016936446,1152.1845803357303,3522.6580809434445,227.51910108327863,27.773327768954918,93.3125,100.0,19211.0,403.2178125,initial,results/result_cpu2_105792_9.csv,,,,,227.51910108327866,27.773327768954914,27.773327768954914
2026-08-19 15:23:11,transformers,Qwen/Qwen2.5-7B-Instruct,2,32,512,256,1,7.073098743334413,16854,8192,25046.0,4.524183976670246,1158.191098027583,3541.022246240093,226.3391597867012,27.62929196615005,94.8125,100.0,19211.0,407.323125,initial,results/result_cpu2_105792_9.csv,,,,,226.3391597867012,27.62929196615005,27.62929196615005
2026-08-19 15:23:18,transformers,Qwen/Qwen2.5-7B-Instruct,2,32,512,256,2,7.077448545023799,16854,8192,25046.0,4.52140341203885,1157.4792734819457,3538.8459330601577,226.4783534407616,27.64628337899921,95.125,100.0,19211.0,414.1896875,initial,results/result_cpu2_105792_9.csv,,,,,226.47835344076157,27.646283378999215,27.646283378999215
2026-08-19 15:10:15,transformers,Qwen/Qwen2.5-7B-Instruct,4,1,128,256,0,2.866016929969192,142,256,398.0,0.3489162919950893,89.32257075074287,138.86868421404557,97.44457561895253,380.64287351153325,89.23076923076923,95.0,15329.0,269.04,initial,results/result_cpu4_105793_0.csv,,,,,97.44457561895253,380.6428735115333,380.6428735115333
2026-08-19 15:10:19,transformers,Qwen/Qwen2.5-7B-Instruct,4,1,128,256,1,3.9425292257219553,142,256,398.0,0.2536442833386682,64.93293653469907,100.95042476878996,134.04599367454648,523.6171627911972,71.88888888888889,95.0,15329.0,256.755,initial,results/result_cpu4_105793_0.csv,,,,,134.04599367454648,523.6171627911972,523.6171627911972
2026-08-19 15:10:23,transformers,Qwen/Qwen2.5-7B-Instruct,4,1,128,256,2,3.400075627490878,142,256,398.0,0.2941111050338491,75.29244288866536,117.05621980347192,115.60257133468986,451.57254427613225,73.6,95.0,15329.0,253.738,initial,results/result_cpu4_105793_0.csv,,,,,115.60257133468986,451.57254427613225,451.57254427613225
2026-08-19 15:12:07,transformers,Qwen/Qwen2.5-7B-Instruct,4,4,128,256,0,4.841246258467436,568,1024,1592.0,0.8262335329470011,211.51578443443228,328.84094611290647,164.60237278789282,160.74450467567658,59.04761904761905,64.0,15473.0,222.10666666666663,initial,results/result_cpu4_105793_1.csv,,,,,164.60237278789282,160.74450467567658,160.74450467567658
2026-08-19 15:12:12,transformers,Qwen/Qwen2.5-7B-Instruct,4,4,128,256,1,4.710570113733411,568,1024,1592.0,0.8491541158337115,217.3834536534301,337.9633381018172,160.15938386693597,156.40564830755466,60.38095238095238,64.0,15473.0,233.31666666666663,initial,results/result_cpu4_105793_1.csv,,,,,160.15938386693597,156.40564830755466,156.40564830755466
2026-08-19 15:12:17,transformers,Qwen/Qwen2.5-7B-Instruct,4,4,128,256,2,4.573022218421102,568,1024,1592.0,0.8746950723062646,223.92193851040372,348.1286387778933,155.48275542631745,151.83862834601314,63.4,65.0,15473.0,233.6735,initial,results/result_cpu4_105793_1.csv,,,,,155.48275542631745,151.83862834601314,151.83862834601314
2026-08-19 15:24:28,transformers,Qwen/Qwen2.5-7B-Instruct,4,1,2048,256,0,4.29444594681263,2062,256,2318.0,0.2328589094810257,59.611880827142585,539.7669521770176,146.0111621916294,570.3561023110524,61.89473684210526,94.0,15731.0,231.53578947368425,initial,results/result_cpu4_105793_10.csv,,,,,146.0111621916294,570.3561023110524,570.3561023110524
2026-08-19 15:24:31,transformers,Qwen/Qwen2.5-7B-Instruct,4,1,2048,256,1,2.963862324133516,2062,256,2318.0,0.3373975882271622,86.37378258615354,782.0876095105622,100.77131902053952,393.6379649239825,90.85714285714286,95.0,15731.0,295.9242857142857,initial,results/result_cpu4_105793_10.csv,,,,,100.77131902053954,393.63796492398257,393.63796492398257
2026-08-19 15:24:35,transformers,Qwen/Qwen2.5-7B-Instruct,4,1,2048,256,2,2.9745786152780056,2062,256,2318.0,0.3361820712566843,86.0626102417112,779.2700411729944,101.1356729194522,395.0612223416101,87.5,95.0,15731.0,295.14714285714285,initial,results/result_cpu4_105793_10.csv,,,,,101.13567291945219,395.0612223416101,395.0612223416101
2026-08-19 15:25:42,transformers,Qwen/Qwen2.5-7B-Instruct,4,4,2048,256,0,4.0521184373646975,8248,1024,9272.0,0.9871379777836424,252.70732231261243,2288.1858325024828,137.7720268703997,134.54299499062472,75.77777777777777,84.0,17319.0,276.40666666666664,initial,results/result_cpu4_105793_11.csv,,,,,137.7720268703997,134.54299499062472,134.54299499062472
2026-08-19 15:25:47,transformers,Qwen/Qwen2.5-7B-Instruct,4,4,2048,256,1,3.9011906813830137,8248,1024,9272.0,1.025327990013028,262.48396544333514,2376.7102808501986,132.64048316702247,129.53172184279538,82.55555555555556,100.0,17319.0,301.16,initial,results/result_cpu4_105793_11.csv,,,,,132.64048316702247,129.53172184279538,129.53172184279538
2026-08-19 15:25:51,transformers,Qwen/Qwen2.5-7B-Instruct,4,4,2048,256,2,3.944674480706453,8248,1024,9272.0,1.0140253700436237,259.5904947311676,2350.5108077611194,134.1189323440194,130.97551986720646,77.16666666666667,100.0,17319.0,295.3805555555556,initial,results/result_cpu4_105793_11.csv,,,,,134.11893234401938,130.97551986720643,130.97551986720643
2026-08-19 15:27:00,transformers,Qwen/Qwen2.5-7B-Instruct,4,8,2048,256,0,4.122600216418505,16496,2048,18544.0,1.9405228690716885,496.7738544823522,4498.132010508173,140.16840735822916,68.44160515538533,82.47368421052632,100.0,19355.0,319.6663157894737,initial,results/result_cpu4_105793_12.csv,,,,,140.16840735822916,68.44160515538533,68.44160515538533
2026-08-19 15:27:04,transformers,Qwen/Qwen2.5-7B-Instruct,4,8,2048,256,1,4.09621374681592,16496,2048,18544.0,1.9530230828941928,499.97390922091336,4527.107506148739,139.27126739174128,68.00354853112367,83.0,100.0,19355.0,331.7221052631579,initial,results/result_cpu4_105793_12.csv,,,,,139.27126739174128,68.00354853112367,68.00354853112367
2026-08-19 15:27:09,transformers,Qwen/Qwen2.5-7B-Instruct,4,8,2048,256,2,4.080626219511032,16496,2048,18544.0,1.9604834085878649,501.8837525984933,4544.40054110667,138.7412914633751,67.74477122235112,82.57894736842105,100.0,19355.0,333.5421052631579,initial,results/result_cpu4_105793_12.csv,,,,,138.7412914633751,67.74477122235112,67.74477122235112
2026-08-19 15:28:29,transformers,Qwen/Qwen2.5-7B-Instruct,4,16,2048,256,0,9.784192897379398,32998,4096,37094.0,1.6352907355583153,418.6344283029287,3791.217159050009,332.66255851089954,81.21644494895008,96.6590909090909,100.0,23679.0,466.3836363636364,initial,results/result_cpu4_105793_13.csv,,,,,332.66255851089954,81.21644494895008,81.21644494895008
2026-08-19 15:28:38,transformers,Qwen/Qwen2.5-7B-Instruct,4,16,2048,256,1,9.707624215632675,32998,4096,37094.0,1.6481890568275597,421.9363985478553,3821.120304622593,330.059223331511,80.58086507116968,98.18604651162792,100.0,23679.0,485.18976744186045,initial,results/result_cpu4_105793_13.csv,,,,,330.05922333151096,80.58086507116967,80.58086507116967
2026-08-19 15:28:48,transformers,Qwen/Qwen2.5-7B-Instruct,4,16,2048,256,2,9.787089871242642,32998,4096,37094.0,1.6348066902923537,418.5105127148425,3790.094960606535,332.76105562224984,81.24049209527584,96.79545454545456,100.0,23679.0,476.6322727272727,initial,results/result_cpu4_105793_13.csv,,,,,332.76105562224984,81.24049209527584,81.24049209527584
2026-08-19 15:30:21,transformers,Qwen/Qwen2.5-7B-Instruct,4,32,2048,256,0,16.292175510898232,66006,8192,74198.0,1.964133026838216,502.8180548705832,4554.210697666936,553.9339673705399,67.61889250128661,98.04166666666669,100.0,32029.0,528.97875,initial,results/result_cpu4_105793_14.csv,,,,,553.9339673705399,67.61889250128661,67.61889250128661
2026-08-19 15:30:37,transformers,Qwen/Qwen2.5-7B-Instruct,4,32,2048,256,1,16.360985258594155,66006,8192,74198.0,1.9558724303104504,500.70334215947526,4535.056955755462,556.2734987922013,67.90447983303238,97.72602739726028,100.0,32029.0,532.4543835616438,initial,results/result_cpu4_105793_14.csv,,,,,556.2734987922013,67.90447983303238,67.90447983303238
2026-08-19 15:30:54,transformers,Qwen/Qwen2.5-7B-Instruct,4,32,2048,256,2,16.36683477833867,66006,8192,74198.0,1.9551733999509575,500.5243903874452,4533.4361227987865,556.4723824635148,67.92875762494077,97.76712328767124,100.0,32029.0,529.787397260274,initial,results/result_cpu4_105793_14.csv,,,,,556.4723824635148,67.92875762494077,67.92875762494077
2026-08-19 15:32:30,vllm,Qwen/Qwen2.5-7B-Instruct,4,1,128,256,0,1.9601075015962124,142,256,398.0,0.5101760996198681,130.60508150268623,203.0500876487075,66.64365505427122,260.32677755574696,100.0,100.0,87251.0,375.4711111111111,initial,results/result_cpu4_105793_15.csv,,,,,66.64365505427122,260.32677755574696,260.32677755574696
2026-08-19 15:32:33,vllm,Qwen/Qwen2.5-7B-Instruct,4,1,128,256,1,1.9603133834898472,142,256,398.0,0.5101225183800716,130.59136470529833,203.02876231526847,66.6506550386548,260.35412124474533,88.88888888888889,100.0,87251.0,330.3977777777778,initial,results/result_cpu4_105793_15.csv,,,,,66.6506550386548,260.35412124474533,260.35412124474533
2026-08-19 15:32:35,vllm,Qwen/Qwen2.5-7B-Instruct,4,1,128,256,2,1.9603394623845816,142,256,398.0,0.5101157320903938,130.58962741514082,203.0260613719768,66.65154172107577,260.35758484795224,92.0,100.0,87251.0,355.4611111111111,initial,results/result_cpu4_105793_15.csv,,,,,66.65154172107577,260.35758484795224,260.35758484795224
2026-08-19 15:34:09,vllm,Qwen/Qwen2.5-7B-Instruct,4,4,128,256,0,1.990900227800012,568,1024,1592.0,2.009141364366655,514.3401892778637,799.6382630179288,67.6906077452004,66.10410912617226,98.22222222222224,100.0,86731.0,375.9277777777778,initial,results/result_cpu4_105793_16.csv,,,,,67.69060774520041,66.10410912617228,66.10410912617228
2026-08-19 15:34:11,vllm,Qwen/Qwen2.5-7B-Instruct,4,4,128,256,1,1.9940500501543283,568,1024,1592.0,2.005967703614271,513.5277321252534,798.3751460384799,67.79770170524716,66.20869307153043,87.77777777777777,100.0,86731.0,352.1166666666667,initial,results/result_cpu4_105793_16.csv,,,,,67.79770170524716,66.20869307153043,66.20869307153043
2026-08-19 15:34:13,vllm,Qwen/Qwen2.5-7B-Instruct,4,4,128,256,2,1.9989818409085276,568,1024,1592.0,2.001018677679443,512.2607814859374,796.4054337164183,67.96538259088993,66.37244393641595,91.33333333333331,100.0,86731.0,365.1322222222222,initial,results/result_cpu4_105793_16.csv,,,,,67.96538259088994,66.37244393641596,66.37244393641596
2026-08-19 15:35:48,vllm,Qwen/Qwen2.5-7B-Instruct,4,8,128,256,0,2.0153502449393272,1136,2048,3184.0,3.9695333454264383,1016.2005364291682,1579.8742714797224,68.52190832793713,33.45796305075055,97.88888888888889,100.0,86731.0,380.9977777777778,initial,results/result_cpu4_105793_17.csv,,,,,68.52190832793713,33.45796305075055,33.45796305075055
2026-08-19 15:35:50,vllm,Qwen/Qwen2.5-7B-Instruct,4,8,128,256,1,2.019101452082396,1136,2048,3184.0,3.962158509543549,1014.3125784431486,1576.9390867983325,68.64944937080145,33.520238950586645,95.88888888888889,100.0,86731.0,368.19555555555553,initial,results/result_cpu4_105793_17.csv,,,,,68.64944937080146,33.52023895058665,33.52023895058665
2026-08-19 15:35:52,vllm,Qwen/Qwen2.5-7B-Instruct,4,8,128,256,2,2.023514661937952,1136,2048,3184.0,3.9535171899067305,1012.100400616123,1573.4998415828788,68.79949850589037,33.59350512982928,91.55555555555556,100.0,86731.0,372.8855555555555,initial,results/result_cpu4_105793_17.csv,,,,,68.79949850589037,33.59350512982928,33.59350512982928
2026-08-19 15:37:24,vllm,Qwen/Qwen2.5-7B-Instruct,4,16,128,256,0,2.066649977117777,2278,4096,6374.0,7.741998005058488,1981.951489294973,3084.218455265176,70.26609922200441,17.15480938037217,98.11111111111111,100.0,86731.0,392.7411111111112,initial,results/result_cpu4_105793_18.csv,,,,,70.26609922200441,17.15480938037217,17.15480938037217
2026-08-19 15:37:26,vllm,Qwen/Qwen2.5-7B-Instruct,4,16,128,256,1,2.068270916119218,2278,4096,6374.0,7.735930469892919,1980.3982002925875,3081.801300943592,70.32121114805341,17.168264440442726,95.44444444444444,100.0,86731.0,389.44,initial,results/result_cpu4_105793_18.csv,,,,,70.32121114805341,17.168264440442726,17.168264440442726
2026-08-19 15:37:28,vllm,Qwen/Qwen2.5-7B-Instruct,4,16,128,256,2,2.064912300556898,2278,4096,6374.0,7.748513094568165,1983.6193522094504,3086.813904048593,70.20701821893454,17.140385307357064,99.55555555555556,100.0,86731.0,393.7155555555556,initial,results/result_cpu4_105793_18.csv,,,,,70.20701821893454,17.140385307357064,17.140385307357064
2026-08-19 15:39:00,vllm,Qwen/Qwen2.5-7B-Instruct,4,32,128,256,0,2.143761007115245,4566,8192,12758.0,14.927037059537176,3821.321487241517,5951.223087674228,72.88787424191833,8.89744558617167,97.0,100.0,86731.0,416.593,initial,results/result_cpu4_105793_19.csv,,,,,72.88787424191833,8.89744558617167,8.89744558617167
2026-08-19 15:39:02,vllm,Qwen/Qwen2.5-7B-Instruct,4,32,128,256,1,2.142082868143916,4566,8192,12758.0,14.938731118151155,3824.315166246696,5955.885362667889,72.83081751689315,8.89048065391762,90.0,100.0,86731.0,396.339,initial,results/result_cpu4_105793_19.csv,,,,,72.83081751689315,8.89048065391762,8.89048065391762
2026-08-19 15:39:05,vllm,Qwen/Qwen2.5-7B-Instruct,4,32,128,256,2,2.135015031322837,4566,8192,12758.0,14.98818487482642,3836.975327955563,5975.601957282359,72.59051106497645,8.861146370236384,90.0,100.0,86731.0,402.271,initial,results/result_cpu4_105793_19.csv,,,,,72.59051106497645,8.861146370236384,8.861146370236384
2026-08-19 15:13:35,transformers,Qwen/Qwen2.5-7B-Instruct,4,8,128,256,0,4.4418114721775055,1136,2048,3184.0,1.8010669858705568,461.07314838286254,716.8246603764816,151.0215900540352,73.74101076857187,63.25,80.0,15567.0,232.4635,initial,results/result_cpu4_105793_2.csv,,,,,151.0215900540352,73.74101076857187,73.74101076857187
2026-08-19 15:13:38,transformers,Qwen/Qwen2.5-7B-Instruct,4,8,128,256,1,3.053229430690408,1136,2048,3184.0,2.6201764988853165,670.765183714641,1042.830246556356,103.80980064347386,50.68837922044622,86.14285714285714,95.0,15567.0,288.0621428571429,initial,results/result_cpu4_105793_2.csv,,,,,103.80980064347388,50.68837922044623,50.68837922044623
2026-08-19 15:13:42,transformers,Qwen/Qwen2.5-7B-Instruct,4,8,128,256,2,3.121945939958096,1136,2048,3184.0,2.562504333469458,656.0011093681812,1019.8767247208442,106.14616195857523,51.82918064383557,89.57142857142857,96.0,15567.0,294.5128571428572,initial,results/result_cpu4_105793_2.csv,,,,,106.14616195857526,51.82918064383558,51.82918064383558
2026-08-19 15:40:40,vllm,Qwen/Qwen2.5-7B-Instruct,4,1,512,256,0,1.9630693215876815,526,256,782.0,0.5094063612543366,130.40802848111016,398.3557745008912,66.74435693398118,260.720144273364,100.0,100.0,86731.0,373.1411111111111,initial,results/result_cpu4_105793_20.csv,,,,,66.74435693398117,260.7201442733639,260.7201442733639
2026-08-19 15:40:42,vllm,Qwen/Qwen2.5-7B-Instruct,4,1,512,256,1,1.9630482960492373,526,256,782.0,0.5094118173315273,130.409425236871,398.3600411532544,66.74364206567407,260.7173518190393,100.0,100.0,86731.0,357.00444444444446,initial,results/result_cpu4_105793_20.csv,,,,,66.74364206567407,260.7173518190393,260.7173518190393
2026-08-19 15:40:44,vllm,Qwen/Qwen2.5-7B-Instruct,4,1,512,256,2,1.9638943038880825,526,256,782.0,0.5091923725325839,130.35324736834147,398.1884353204806,66.7724063321948,260.829712235136,90.88888888888889,100.0,86731.0,356.11333333333334,initial,results/result_cpu4_105793_20.csv,,,,,66.7724063321948,260.82971223513596,260.82971223513596
2026-08-19 15:42:16,vllm,Qwen/Qwen2.5-7B-Instruct,4,4,512,256,0,2.0039197634905577,2104,1024,3128.0,1.9960879037554575,510.9985033613972,1560.940740736768,68.13327195867896,66.53639839714742,96.88888888888889,100.0,86731.0,377.12444444444446,initial,results/result_cpu4_105793_21.csv,,,,,68.13327195867896,66.53639839714742,66.53639839714742
2026-08-19 15:42:18,vllm,Qwen/Qwen2.5-7B-Instruct,4,4,512,256,1,2.01427692361176,2104,1024,3128.0,1.9858242693004091,508.3710129409048,1552.9145785929202,68.48541540279984,66.88028847929672,95.77777777777776,100.0,86731.0,363.86,initial,results/result_cpu4_105793_21.csv,,,,,68.48541540279984,66.88028847929672,66.88028847929672
2026-08-19 15:42:20,vllm,Qwen/Qwen2.5-7B-Instruct,4,4,512,256,2,2.013004766777158,2104,1024,3128.0,1.9870792489001616,508.69228771844143,1553.8959726399264,68.44216207042336,66.83804889689782,88.88888888888889,100.0,86731.0,367.8455555555556,initial,results/result_cpu4_105793_21.csv,,,,,68.44216207042336,66.83804889689782,66.83804889689782
2026-08-19 15:43:55,vllm,Qwen/Qwen2.5-7B-Instruct,4,8,512,256,0,2.050185015425086,4208,2048,6256.0,3.902086855483761,998.9342350038428,3051.431920988301,69.70629052445292,34.03627467014303,96.22222222222224,100.0,86731.0,381.54,initial,results/result_cpu4_105793_22.csv,,,,,69.70629052445292,34.03627467014303,34.03627467014303
2026-08-19 15:43:58,vllm,Qwen/Qwen2.5-7B-Instruct,4,8,512,256,1,2.0702269580215216,4208,2048,6256.0,3.864310610487584,989.2635162848215,3021.8908974012907,70.38771657273173,34.36900223277917,99.0,100.0,86731.0,376.08,initial,results/result_cpu4_105793_22.csv,,,,,70.38771657273173,34.36900223277917,34.36900223277917
2026-08-19 15:44:00,vllm,Qwen/Qwen2.5-7B-Instruct,4,8,512,256,2,2.0497445352375507,4208,2048,6256.0,3.9029253950775176,999.1489011398444,3052.087658950619,69.69131419807673,34.02896201077965,97.0,100.0,86731.0,358.47222222222223,initial,results/result_cpu4_105793_22.csv,,,,,69.69131419807673,34.02896201077965,34.02896201077965
2026-08-19 15:45:35,vllm,Qwen/Qwen2.5-7B-Instruct,4,16,512,256,0,2.131687568500638,8422,4096,12518.0,7.505790358975493,1921.4823318977265,5872.342732103451,72.47737732902169,17.694672199468187,93.2,100.0,86731.0,391.6,initial,results/result_cpu4_105793_23.csv,,,,,72.47737732902169,17.694672199468187,17.694672199468187
2026-08-19 15:45:38,vllm,Qwen/Qwen2.5-7B-Instruct,4,16,512,256,1,2.1303040366619825,8422,4096,12518.0,7.510665015248589,1922.730243903639,5876.156541305115,72.4303372465074,17.683187804323097,100.0,100.0,86731.0,379.447,initial,results/result_cpu4_105793_23.csv,,,,,72.4303372465074,17.683187804323097,17.683187804323097
2026-08-19 15:45:40,vllm,Qwen/Qwen2.5-7B-Instruct,4,16,512,256,2,2.126878160983324,8422,4096,12518.0,7.522762842514066,1925.8272876836008,5885.621578911942,72.31385747343302,17.654750359724858,90.0,100.0,86731.0,372.857,initial,results/result_cpu4_105793_23.csv,,,,,72.31385747343302,17.654750359724858,17.654750359724858
2026-08-19 15:47:15,vllm,Qwen/Qwen2.5-7B-Instruct,4,32,512,256,0,2.251363944262266,16854,8192,25046.0,14.21360597052906,3638.683128455439,11124.811723058465,76.54637410491705,9.344039807729132,94.0909090909091,100.0,87913.0,414.5772727272727,initial,results/result_cpu4_105793_24.csv,,,,,76.54637410491705,9.344039807729132,9.344039807729132
2026-08-19 15:47:17,vllm,Qwen/Qwen2.5-7B-Instruct,4,32,512,256,1,2.2421481981873512,16854,8192,25046.0,14.272027168351393,3653.638955097957,11170.53726432903,76.23303873836994,9.305790861617425,96.54545454545456,100.0,87913.0,397.1481818181818,initial,results/result_cpu4_105793_24.csv,,,,,76.23303873836994,9.305790861617425,9.305790861617425
2026-08-19 15:47:20,vllm,Qwen/Qwen2.5-7B-Instruct,4,32,512,256,2,2.241717057302594,16854,8192,25046.0,14.274772052858829,3654.34164553186,11172.685651121945,76.2183799482882,9.304001458531276,81.81818181818181,100.0,87913.0,391.08454545454543,initial,results/result_cpu4_105793_24.csv,,,,,76.2183799482882,9.304001458531275,9.304001458531275
2026-08-19 15:48:53,vllm,Qwen/Qwen2.5-7B-Instruct,4,1,2048,256,0,1.9745130855590105,2062,256,2318.0,0.5064539745589414,129.652217487089,1173.9603130276262,67.13344490900636,262.2400191758061,100.0,100.0,86731.0,376.32444444444445,initial,results/result_cpu4_105793_25.csv,,,,,67.13344490900636,262.2400191758061,262.2400191758061
2026-08-19 15:48:55,vllm,Qwen/Qwen2.5-7B-Instruct,4,1,2048,256,1,1.982058534398675,2062,256,2318.0,0.5045259676467547,129.1586477175692,1169.4911930051776,67.38999016955495,263.242149099824,88.88888888888889,100.0,86731.0,353.63222222222225,initial,results/result_cpu4_105793_25.csv,,,,,67.38999016955495,263.242149099824,263.242149099824
2026-08-19 15:48:57,vllm,Qwen/Qwen2.5-7B-Instruct,4,1,2048,256,2,1.981000812724233,2062,256,2318.0,0.5047953507019616,129.22760977970216,1170.1156229271471,67.35402763262391,263.10167043993715,97.55555555555556,100.0,86731.0,363.5633333333333,initial,results/result_cpu4_105793_25.csv,,,,,67.35402763262393,263.1016704399372,263.1016704399372
2026-08-19 15:50:28,vllm,Qwen/Qwen2.5-7B-Instruct,4,4,2048,256,0,2.068824976682663,8248,1024,9272.0,1.9334646695990465,494.9669554173559,4481.77110413059,70.34004920721054,68.69145430391654,100.0,100.0,86731.0,375.042,initial,results/result_cpu4_105793_26.csv,,,,,70.34004920721054,68.69145430391654,68.69145430391654
2026-08-19 15:50:30,vllm,Qwen/Qwen2.5-7B-Instruct,4,4,2048,256,1,2.0766359958797693,8248,1024,9272.0,1.926192172309618,493.1051961112622,4464.913455413695,70.60562385991216,68.95080455069547,80.0,100.0,86731.0,348.136,initial,results/result_cpu4_105793_26.csv,,,,,70.60562385991216,68.95080455069547,68.95080455069547
2026-08-19 15:50:33,vllm,Qwen/Qwen2.5-7B-Instruct,4,4,2048,256,2,2.083103427663445,8248,1024,9272.0,1.9202119044500248,491.57424753920645,4451.051194515158,70.82551654055715,69.16554349663784,83.6,100.0,86731.0,354.051,initial,results/result_cpu4_105793_26.csv,,,,,70.82551654055713,69.16554349663782,69.16554349663782
2026-08-19 15:52:05,vllm,Qwen/Qwen2.5-7B-Instruct,4,8,2048,256,0,2.157388035207987,16496,2048,18544.0,3.708187803696958,949.2960777464212,8595.579328969548,73.35119319707155,35.816012303257594,91.3,100.0,87775.0,382.542,initial,results/result_cpu4_105793_27.csv,,,,,73.35119319707155,35.816012303257594,35.816012303257594
2026-08-19 15:52:07,vllm,Qwen/Qwen2.5-7B-Instruct,4,8,2048,256,1,2.1622339244931936,16496,2048,18544.0,3.6998772007867378,947.1685634014048,8576.315351423658,73.51595343276858,35.896461637094035,87.1,100.0,87775.0,366.379,initial,results/result_cpu4_105793_27.csv,,,,,73.51595343276858,35.896461637094035,35.896461637094035
2026-08-19 15:52:10,vllm,Qwen/Qwen2.5-7B-Instruct,4,8,2048,256,2,2.1623964961618185,16496,2048,18544.0,3.6995990393989873,947.0973540861409,8575.670573326854,73.52148086950183,35.89916058081144,93.8,100.0,87775.0,376.288,initial,results/result_cpu4_105793_27.csv,,,,,73.52148086950183,35.89916058081144,35.89916058081144
2026-08-19 15:53:49,vllm,Qwen/Qwen2.5-7B-Instruct,4,16,2048,256,0,2.3324202187359333,32998,4096,37094.0,6.859827346493884,1756.1158007024342,15903.652224427757,79.30228743702173,19.36091001880413,95.0,100.0,87915.0,398.83181818181816,initial,results/result_cpu4_105793_28.csv,,,,,79.30228743702173,19.360910018804134,19.360910018804134
2026-08-19 15:53:51,vllm,Qwen/Qwen2.5-7B-Instruct,4,16,2048,256,1,2.335342390462756,32998,4096,37094.0,6.851243768512053,1753.9184047390856,15883.75227182413,79.40164127573371,19.385166327083425,90.9090909090909,100.0,87915.0,380.58,initial,results/result_cpu4_105793_28.csv,,,,,79.40164127573371,19.385166327083425,19.385166327083425
2026-08-19 15:53:54,vllm,Qwen/Qwen2.5-7B-Instruct,4,16,2048,256,2,2.332123138010502,32998,4096,37094.0,6.860701195070408,1756.3395059380243,15905.678133121355,79.29218669235706,19.358444016688736,90.63636363636364,100.0,87915.0,391.2836363636364,initial,results/result_cpu4_105793_28.csv,,,,,79.29218669235706,19.358444016688736,19.358444016688736
2026-08-19 15:55:35,vllm,Qwen/Qwen2.5-7B-Instruct,4,32,2048,256,0,2.6851496268063784,66006,8192,74198.0,11.917399194643638,3050.8541938287717,27632.724545130277,91.29508731141686,11.14441983781944,91.0,100.0,87915.0,425.4707692307693,initial,results/result_cpu4_105793_29.csv,,,,,91.29508731141686,11.144419837819441,11.144419837819441
2026-08-19 15:55:38,vllm,Qwen/Qwen2.5-7B-Instruct,4,32,2048,256,1,2.652299527078867,66006,8192,74198.0,12.065002339778523,3088.640598983302,27974.97011271521,90.17818392068148,11.008079091880065,92.3076923076923,100.0,87915.0,410.5623076923077,initial,results/result_cpu4_105793_29.csv,,,,,90.17818392068148,11.008079091880063,11.008079091880063
2026-08-19 15:55:41,vllm,Qwen/Qwen2.5-7B-Instruct,4,32,2048,256,2,2.6697280928492546,66006,8192,74198.0,11.98623937984941,3068.477281241449,27792.34342206458,90.77075515687466,11.080414447860676,92.07692307692308,100.0,87915.0,413.5846153846154,initial,results/result_cpu4_105793_29.csv,,,,,90.77075515687466,11.080414447860676,11.080414447860676
2026-08-19 15:15:00,transformers,Qwen/Qwen2.5-7B-Instruct,4,16,128,256,0,5.326039670035243,2278,4096,6374.0,3.004108303965022,769.0517258150456,1196.7616455920656,181.08534878119823,44.21029022978473,69.56521739130434,78.0,15869.0,271.81304347826085,initial,results/result_cpu4_105793_3.csv,,,,,181.08534878119826,44.21029022978473,44.21029022978473
2026-08-19 15:15:05,transformers,Qwen/Qwen2.5-7B-Instruct,4,16,128,256,1,4.9827594216912985,2278,4096,6374.0,3.211072148165066,822.0344699302569,1279.2108670252585,169.41382033750415,41.36079598083597,75.22727272727273,96.0,15869.0,282.54318181818184,initial,results/result_cpu4_105793_3.csv,,,,,169.41382033750415,41.360795980835974,41.360795980835974
2026-08-19 15:15:09,transformers,Qwen/Qwen2.5-7B-Instruct,4,16,128,256,2,4.453134430572391,2278,4096,6374.0,3.592974847144557,919.8015608690066,1431.351354731213,151.40657063946128,36.964494785024726,85.85,90.0,15869.0,302.7305,initial,results/result_cpu4_105793_3.csv,,,,,151.40657063946128,36.964494785024726,36.964494785024726
2026-08-19 15:16:21,transformers,Qwen/Qwen2.5-7B-Instruct,4,32,128,256,0,4.854393299669027,4566,8192,12758.0,6.591966910093947,1687.5435289840505,2628.1348074680805,165.04937218874693,20.147628441009147,90.5,97.0,16589.0,368.74045454545455,initial,results/result_cpu4_105793_4.csv,,,,,165.04937218874693,20.147628441009147,20.147628441009147
2026-08-19 15:16:26,transformers,Qwen/Qwen2.5-7B-Instruct,4,32,128,256,1,4.8571512419730425,4566,8192,12758.0,6.588223920942012,1686.585323761155,2626.642524480568,165.14314222708344,20.159074978892026,93.8181818181818,97.0,16589.0,366.6122727272728,initial,results/result_cpu4_105793_4.csv,,,,,165.14314222708344,20.159074978892022,20.159074978892022
2026-08-19 15:16:31,transformers,Qwen/Qwen2.5-7B-Instruct,4,32,128,256,2,4.860548011958599,4566,8192,12758.0,6.583619773175603,1685.4066619329544,2624.806908317948,165.25863240659237,20.17317290119536,93.8181818181818,98.0,16589.0,364.0372727272728,initial,results/result_cpu4_105793_4.csv,,,,,165.25863240659237,20.173172901195358,20.173172901195358
2026-08-19 15:17:39,transformers,Qwen/Qwen2.5-7B-Instruct,4,1,512,256,0,3.9835108015686274,526,256,782.0,0.2510348408258915,64.26491925142824,196.3092455258472,135.43936725333333,529.0600283333333,65.22222222222223,94.0,15425.0,228.28833333333333,initial,results/result_cpu4_105793_5.csv,,,,,135.43936725333333,529.0600283333333,529.0600283333333
2026-08-19 15:17:42,transformers,Qwen/Qwen2.5-7B-Instruct,4,1,512,256,1,2.90529297105968,526,256,782.0,0.3441993664533112,88.11503781204766,269.1639045664893,98.77996101602912,385.85922271886375,90.07692307692308,95.0,15425.0,292.91615384615386,initial,results/result_cpu4_105793_5.csv,,,,,98.77996101602912,385.85922271886375,385.85922271886375
2026-08-19 15:17:45,transformers,Qwen/Qwen2.5-7B-Instruct,4,1,512,256,2,2.897007826715708,526,256,782.0,0.34518374123058,88.36703775502849,269.9336856423136,98.49826610833406,384.75885198568,92.92307692307692,95.0,15425.0,298.8853846153846,initial,results/result_cpu4_105793_5.csv,,,,,98.49826610833406,384.75885198567994,384.75885198567994
2026-08-19 15:18:52,transformers,Qwen/Qwen2.5-7B-Instruct,4,4,512,256,0,3.600359471514821,2104,1024,3128.0,1.111000174190116,284.41604459266966,868.8021362166706,122.41222203150392,119.54318557764054,76.3125,82.0,15737.0,255.9975,initial,results/result_cpu4_105793_6.csv,,,,,122.41222203150392,119.54318557764054,119.54318557764054
2026-08-19 15:18:56,transformers,Qwen/Qwen2.5-7B-Instruct,4,4,512,256,1,3.615698531270027,2104,1024,3128.0,1.106286922265885,283.20945210006664,865.1163732119222,122.93375006318092,120.05249029607512,80.3125,82.0,15737.0,278.921875,initial,results/result_cpu4_105793_6.csv,,,,,122.93375006318092,120.05249029607512,120.05249029607512
2026-08-19 15:19:00,transformers,Qwen/Qwen2.5-7B-Instruct,4,4,512,256,2,3.762961195781827,2104,1024,3128.0,1.062992625192066,272.1261120491689,831.2602329001955,127.94068065658212,124.94207095369347,77.76470588235294,81.0,15737.0,276.0035294117647,initial,results/result_cpu4_105793_6.csv,,,,,127.94068065658212,124.94207095369347,124.94207095369347
2026-08-19 15:20:08,transformers,Qwen/Qwen2.5-7B-Instruct,4,8,512,256,0,3.5647252202034,4208,2048,6256.0,2.244212248018244,574.5183354926704,1754.9739779502663,121.2006574869156,59.180008538533,81.875,91.0,16153.0,276.886875,initial,results/result_cpu4_105793_7.csv,,,,,121.2006574869156,59.18000853853301,59.18000853853301
2026-08-19 15:20:12,transformers,Qwen/Qwen2.5-7B-Instruct,4,8,512,256,1,4.0381284933537245,4208,2048,6256.0,1.9811157602258176,507.16563461780936,1549.2325244965896,137.29636877402663,67.03924256544269,76.27777777777777,86.0,16153.0,281.3255555555556,initial,results/result_cpu4_105793_7.csv,,,,,137.29636877402663,67.03924256544269,67.03924256544269
2026-08-19 15:20:16,transformers,Qwen/Qwen2.5-7B-Instruct,4,8,512,256,2,3.826413281261921,4208,2048,6256.0,2.090730773692502,535.2270780652805,1634.9514650275364,130.0980515629053,63.52443923969986,79.23529411764706,89.0,16153.0,277.43,initial,results/result_cpu4_105793_7.csv,,,,,130.0980515629053,63.52443923969986,63.52443923969986
2026-08-19 15:21:35,transformers,Qwen/Qwen2.5-7B-Instruct,4,16,512,256,0,5.2627744153141975,8422,4096,12518.0,3.0402215138542603,778.2967075466906,2378.593306901727,178.93433012068272,43.68513918961981,92.125,97.0,17075.0,352.1116666666667,initial,results/result_cpu4_105793_8.csv,,,,,178.93433012068272,43.685139189619804,43.685139189619804
2026-08-19 15:21:40,transformers,Qwen/Qwen2.5-7B-Instruct,4,16,512,256,1,5.170508593320847,8422,4096,12518.0,3.09447314731639,792.1851257129958,2421.0384286316607,175.79729217290878,42.91926078440156,95.78260869565216,100.0,17075.0,367.52086956521737,initial,results/result_cpu4_105793_8.csv,,,,,175.79729217290878,42.91926078440156,42.91926078440156
2026-08-19 15:21:45,transformers,Qwen/Qwen2.5-7B-Instruct,4,16,512,256,2,5.219329049810767,8422,4096,12518.0,3.06552812580002,784.7752002048051,2398.3925674227908,177.45718769356608,43.32450871424953,96.16666666666669,100.0,17075.0,377.53375,initial,results/result_cpu4_105793_8.csv,,,,,177.45718769356608,43.32450871424953,43.32450871424953
2026-08-19 15:23:04,transformers,Qwen/Qwen2.5-7B-Instruct,4,32,512,256,0,7.168348912149668,16854,8192,25046.0,4.464068419683514,1142.8015154389795,3493.97055123104,243.7238630130887,29.75144812171493,94.03125,100.0,19211.0,411.565625,initial,results/result_cpu4_105793_9.csv,,,,,243.7238630130887,29.75144812171493,29.75144812171493
2026-08-19 15:23:11,transformers,Qwen/Qwen2.5-7B-Instruct,4,32,512,256,1,7.183205654844642,16854,8192,25046.0,4.454835561949687,1140.4379038591198,3486.744108893496,244.22899226471785,29.813109407314187,92.75,100.0,19211.0,420.83,initial,results/result_cpu4_105793_9.csv,,,,,244.22899226471782,29.813109407314187,29.813109407314187
2026-08-19 15:23:18,transformers,Qwen/Qwen2.5-7B-Instruct,4,32,512,256,2,7.135577786713839,16854,8192,25046.0,4.484570269780076,1148.0499890636995,3510.017093028493,242.6096447482705,29.615435149935365,97.90625,100.0,19211.0,431.4871875,initial,results/result_cpu4_105793_9.csv,,,,,242.6096447482705,29.615435149935365,29.615435149935365
2026-08-19 15:16:53,transformers,Qwen/Qwen2.5-7B-Instruct,8,1,128,256,0,3.056427801027894,142,256,398.0,0.3271793299562627,83.75790846880327,130.21737332259258,116.14425643905996,453.688501715078,83.78571428571429,95.0,15329.0,258.49142857142857,initial,results/result_cpu8_105794_0.csv,,,,,116.14425643905997,453.688501715078,453.688501715078
2026-08-19 15:16:56,transformers,Qwen/Qwen2.5-7B-Instruct,8,1,128,256,1,2.9123104624450207,142,256,398.0,0.3433699850669263,87.90271617713313,136.66125405663666,110.6677975729108,432.2960842691828,86.53846153846153,94.0,15329.0,286.85153846153844,initial,results/result_cpu8_105794_0.csv,,,,,110.66779757291079,432.29608426918276,432.29608426918276
2026-08-19 15:16:59,transformers,Qwen/Qwen2.5-7B-Instruct,8,1,128,256,2,2.904762983322144,142,256,398.0,0.3442621672548001,88.13111481722883,137.01634256741045,110.38099336624146,431.1757553368807,93.76923076923076,94.0,15329.0,295.2230769230769,initial,results/result_cpu8_105794_0.csv,,,,,110.38099336624147,431.17575533688074,431.17575533688074
2026-08-19 15:17:46,transformers,Qwen/Qwen2.5-7B-Instruct,8,4,128,256,0,3.42821198515594,568,1024,1592.0,1.1667889900974286,298.69798146494173,464.38201805877657,130.27205543592572,127.2188041366462,79.25,85.0,15473.0,252.94125,initial,results/result_cpu8_105794_1.csv,,,,,130.27205543592572,127.21880413664621,127.21880413664621
2026-08-19 15:17:50,transformers,Qwen/Qwen2.5-7B-Instruct,8,4,128,256,1,3.426623687148094,568,1024,1592.0,1.1673298165195125,298.8364330289952,464.59726697476594,130.21170011162758,127.15986339026132,77.4375,85.0,15473.0,265.32875,initial,results/result_cpu8_105794_1.csv,,,,,130.21170011162758,127.15986339026131,127.15986339026131
2026-08-19 15:17:53,transformers,Qwen/Qwen2.5-7B-Instruct,8,4,128,256,2,3.4261123947799206,568,1024,1592.0,1.1675040217870447,298.88102957748345,464.66660067124377,130.19227100163698,127.14088965003612,77.625,85.0,15473.0,267.11,initial,results/result_cpu8_105794_1.csv,,,,,130.19227100163698,127.14088965003612,127.14088965003612
2026-08-19 15:38:09,transformers,Qwen/Qwen2.5-7B-Instruct,8,1,2048,256,0,2.6155942799523477,2062,256,2318.0,0.3823222919795568,97.87450674676654,886.2230728086128,99.3925826381892,388.25227593042655,83.66666666666667,97.0,15729.0,234.15166666666667,initial,results/result_cpu8_105794_10.csv,,,,,99.39258263818921,388.2522759304266,388.2522759304266
2026-08-19 15:38:12,transformers,Qwen/Qwen2.5-7B-Instruct,8,1,2048,256,1,2.6053447616286576,2062,256,2318.0,0.3838263613813928,98.25954851363656,889.7095056820687,99.003100941889,386.73086305425386,82.0,95.0,15729.0,257.9725,initial,results/result_cpu8_105794_10.csv,,,,,99.00310094188899,386.73086305425386,386.73086305425386
2026-08-19 15:38:15,transformers,Qwen/Qwen2.5-7B-Instruct,8,1,2048,256,2,2.625623604282737,2062,256,2318.0,0.3808619020520948,97.50064692533628,882.8378889567559,99.773696962744,389.74100376071874,88.58333333333333,89.0,15729.0,262.37416666666667,initial,results/result_cpu8_105794_10.csv,,,,,99.773696962744,389.74100376071874,389.74100376071874
2026-08-19 15:39:59,transformers,Qwen/Qwen2.5-7B-Instruct,8,4,2048,256,0,4.833387766033411,8248,1024,9272.0,0.8275768867770064,211.85968301491363,1918.3232235491007,183.6687351092696,179.3639991301461,57.09090909090909,95.0,17317.0,200.16863636363635,initial,results/result_cpu8_105794_11.csv,,,,,183.66873510926962,179.3639991301461,179.3639991301461
2026-08-19 15:40:04,transformers,Qwen/Qwen2.5-7B-Instruct,8,4,2048,256,1,4.854279946070164,8248,1024,9272.0,0.8240151051111595,210.94786690845683,1910.067013647668,184.46263795066625,180.1392948736975,54.77272727272727,100.0,17317.0,205.0381818181818,initial,results/result_cpu8_105794_11.csv,,,,,184.46263795066625,180.1392948736975,180.1392948736975
2026-08-19 15:40:07,transformers,Qwen/Qwen2.5-7B-Instruct,8,4,2048,256,2,3.559853239916265,8248,1024,9272.0,1.123641827463114,287.6523078305572,2604.6017560594987,135.27442311681807,132.10392882501765,72.125,100.0,17317.0,233.656875,initial,results/result_cpu8_105794_11.csv,,,,,135.27442311681807,132.10392882501765,132.10392882501765
2026-08-19 15:41:38,transformers,Qwen/Qwen2.5-7B-Instruct,8,8,2048,256,0,4.052062302827835,16496,2048,18544.0,1.974303305854156,505.421646298664,4576.435062969934,153.97836750745773,75.18474975950085,74.83333333333333,100.0,19353.0,242.72222222222223,initial,results/result_cpu8_105794_12.csv,,,,,153.97836750745773,75.18474975950085,75.18474975950085
2026-08-19 15:41:41,transformers,Qwen/Qwen2.5-7B-Instruct,8,8,2048,256,1,3.243056484963745,16496,2048,18544.0,2.466808714893362,631.5030310127007,5718.062601122813,123.2361464286223,60.173899623350735,92.93333333333334,100.0,19353.0,303.8113333333333,initial,results/result_cpu8_105794_12.csv,,,,,123.2361464286223,60.173899623350735,60.173899623350735
2026-08-19 15:41:46,transformers,Qwen/Qwen2.5-7B-Instruct,8,8,2048,256,2,5.136573211755604,16496,2048,18544.0,1.5574585760193458,398.7093954609525,3610.188979212844,195.1897820467129,95.30751076499656,60.833333333333336,100.0,19353.0,235.70708333333332,initial,results/result_cpu8_105794_12.csv,,,,,195.18978204671296,95.30751076499656,95.30751076499656
2026-08-19 15:43:32,transformers,Qwen/Qwen2.5-7B-Instruct,8,16,2048,256,0,9.278067373204976,32998,4096,37094.0,1.7244970699617832,441.4712499102165,3998.030894572649,352.5665601817891,86.0758203568821,97.42857142857144,100.0,23677.0,384.0559523809524,initial,results/result_cpu8_105794_13.csv,,,,,352.5665601817891,86.0758203568821,86.0758203568821
2026-08-19 15:43:42,transformers,Qwen/Qwen2.5-7B-Instruct,8,16,2048,256,1,9.33058804878965,32998,4096,37094.0,1.71479009858071,438.9862652366618,3975.526494797054,354.5623458540067,86.56307271826336,95.97619047619048,100.0,23677.0,387.937619047619,initial,results/result_cpu8_105794_13.csv,,,,,354.5623458540067,86.56307271826336,86.56307271826336
2026-08-19 15:43:51,transformers,Qwen/Qwen2.5-7B-Instruct,8,16,2048,256,2,9.39842859795317,32998,4096,37094.0,1.7024122525636411,435.8175366562921,3946.830006037231,357.1402867222205,87.19245281304211,97.5952380952381,100.0,23677.0,388.4552380952381,initial,results/result_cpu8_105794_13.csv,,,,,357.1402867222205,87.19245281304211,87.19245281304211
2026-08-19 15:45:52,transformers,Qwen/Qwen2.5-7B-Instruct,8,32,2048,256,0,16.62097433488816,66006,8192,74198.0,1.9252782270910909,492.87122613531926,4464.118559178274,631.5970247257501,77.09924618234254,97.89189189189187,100.0,32027.0,393.1010810810811,initial,results/result_cpu8_105794_14.csv,,,,,631.5970247257501,77.09924618234254,77.09924618234254
2026-08-19 15:46:09,transformers,Qwen/Qwen2.5-7B-Instruct,8,32,2048,256,1,16.755011901725084,66006,8192,74198.0,1.909876291804084,488.9283307018456,4428.4062843524825,636.6904522655532,77.72100247382241,97.36,100.0,32027.0,392.5029333333333,initial,results/result_cpu8_105794_14.csv,,,,,636.6904522655532,77.72100247382241,77.72100247382241
2026-08-19 15:46:26,transformers,Qwen/Qwen2.5-7B-Instruct,8,32,2048,256,2,16.98491807980463,66006,8192,74198.0,1.8840243944448911,482.3102449778921,4368.463813094439,645.4268870325759,78.78746179596874,98.92105263157896,100.0,32027.0,394.3836842105263,initial,results/result_cpu8_105794_14.csv,,,,,645.4268870325759,78.78746179596874,78.78746179596874
2026-08-19 15:48:26,vllm,Qwen/Qwen2.5-7B-Instruct,8,1,128,256,0,1.4059691959992051,142,256,398.0,0.7112531361608618,182.08080285718063,283.078748192023,53.426829447969794,208.698552531132,100.0,100.0,86729.0,386.1,initial,results/result_cpu8_105794_15.csv,,,,,53.426829447969794,208.698552531132,208.698552531132
2026-08-19 15:48:28,vllm,Qwen/Qwen2.5-7B-Instruct,8,1,128,256,1,1.4034729599952698,142,256,398.0,0.712518180616298,182.4046542377723,283.5822358852866,53.33197247982025,208.32801749929783,78.66666666666667,100.0,86729.0,333.56666666666666,initial,results/result_cpu8_105794_15.csv,,,,,53.33197247982025,208.32801749929786,208.32801749929786
2026-08-19 15:48:29,vllm,Qwen/Qwen2.5-7B-Instruct,8,1,128,256,2,1.4007085748016834,142,256,398.0,0.713924379410316,182.76464112904088,284.1419030053058,53.22692584246397,207.91767907212488,100.0,100.0,86729.0,379.47333333333336,initial,results/result_cpu8_105794_15.csv,,,,,53.22692584246397,207.91767907212488,207.91767907212488
2026-08-19 15:50:18,vllm,Qwen/Qwen2.5-7B-Instruct,8,4,128,256,0,1.4270046232268214,568,1024,1592.0,2.8030743102674607,717.5870234284699,1115.6235754864492,54.226175682619214,52.95524969005783,95.33333333333331,100.0,86729.0,378.0,initial,results/result_cpu8_105794_16.csv,,,,,54.226175682619214,52.955249690057826,52.955249690057826
2026-08-19 15:50:20,vllm,Qwen/Qwen2.5-7B-Instruct,8,4,128,256,1,1.4271348072215917,568,1024,1592.0,2.802818612340747,717.5215647592312,1115.5218077116172,54.23112267442048,52.960080736738746,94.0,100.0,86729.0,362.06,initial,results/result_cpu8_105794_16.csv,,,,,54.23112267442048,52.96008073673875,52.96008073673875
2026-08-19 15:50:21,vllm,Qwen/Qwen2.5-7B-Instruct,8,4,128,256,2,1.4262678944505751,568,1024,1592.0,2.8045222188366474,717.9576880221817,1116.1998430969857,54.198179989121854,52.92791014562681,100.0,100.0,86729.0,381.575,initial,results/result_cpu8_105794_16.csv,,,,,54.198179989121854,52.92791014562681,52.92791014562681
2026-08-19 15:52:21,vllm,Qwen/Qwen2.5-7B-Instruct,8,8,128,256,0,1.4517131568863988,1136,2048,3184.0,5.510730520041726,1410.7470131306818,2193.270746976607,55.165099961683154,26.936083965665603,95.28571428571428,100.0,86729.0,385.4857142857143,initial,results/result_cpu8_105794_17.csv,,,,,55.165099961683154,26.936083965665603,26.936083965665603
2026-08-19 15:52:22,vllm,Qwen/Qwen2.5-7B-Instruct,8,8,128,256,1,1.4493630919605494,1136,2048,3184.0,5.519665875566365,1413.0344641449894,2196.8270184754133,55.07579749450088,26.89247924536176,86.42857142857143,100.0,86729.0,354.19,initial,results/result_cpu8_105794_17.csv,,,,,55.075797494500875,26.892479245361756,26.892479245361756
2026-08-19 15:52:24,vllm,Qwen/Qwen2.5-7B-Instruct,8,8,128,256,2,1.4487863387912512,1136,2048,3184.0,5.5218632215117,1413.5969847069953,2197.701562161657,55.053880874067545,26.881777770540797,87.14285714285714,100.0,86729.0,359.2128571428572,initial,results/result_cpu8_105794_17.csv,,,,,55.053880874067545,26.881777770540793,26.881777770540793
2026-08-19 15:54:21,vllm,Qwen/Qwen2.5-7B-Instruct,8,16,128,256,0,1.4649362182244658,2278,4096,6374.0,10.921977217132596,2796.026167585944,4351.042673875198,55.6675762925297,13.590716868293384,100.0,100.0,86729.0,395.0285714285714,initial,results/result_cpu8_105794_18.csv,,,,,55.6675762925297,13.590716868293384,13.590716868293384
2026-08-19 15:54:23,vllm,Qwen/Qwen2.5-7B-Instruct,8,16,128,256,1,1.4647535318508744,2278,4096,6374.0,10.923339423378806,2796.3748923849744,4351.585342788532,55.66063421033323,13.589022024007136,88.42857142857143,100.0,86729.0,365.13428571428574,initial,results/result_cpu8_105794_18.csv,,,,,55.66063421033323,13.589022024007136,13.589022024007136
2026-08-19 15:54:24,vllm,Qwen/Qwen2.5-7B-Instruct,8,16,128,256,2,1.4712832821533084,2278,4096,6374.0,10.874860194552792,2783.964209805515,4332.2724300049695,55.90876472182572,13.649600762164482,88.85714285714286,100.0,86729.0,366.6357142857143,initial,results/result_cpu8_105794_18.csv,,,,,55.90876472182572,13.649600762164482,13.649600762164482
2026-08-19 15:56:22,vllm,Qwen/Qwen2.5-7B-Instruct,8,32,128,256,0,1.5316216829232872,4566,8192,12758.0,20.8928878173911,5348.579281252121,8329.733211696113,58.20162395108491,7.10469042371642,91.85714285714286,100.0,86729.0,391.4871428571429,initial,results/result_cpu8_105794_19.csv,,,,,58.20162395108491,7.10469042371642,7.10469042371642
2026-08-19 15:56:23,vllm,Qwen/Qwen2.5-7B-Instruct,8,32,128,256,1,1.5418160720728338,4566,8192,12758.0,20.754745380866904,5313.214817501927,8274.657549034373,58.58901073876768,7.151978849947227,79.42857142857143,100.0,86729.0,362.0414285714286,initial,results/result_cpu8_105794_19.csv,,,,,58.58901073876768,7.151978849947227,7.151978849947227
2026-08-19 15:56:25,vllm,Qwen/Qwen2.5-7B-Instruct,8,32,128,256,2,1.543836222961545,4566,8192,12758.0,20.7275872427804,5306.262334151783,8263.829938856012,58.66577647253871,7.161349667057948,85.71428571428571,100.0,86729.0,369.1742857142857,initial,results/result_cpu8_105794_19.csv,,,,,58.66577647253871,7.161349667057948,7.161349667057948
2026-08-19 15:18:51,transformers,Qwen/Qwen2.5-7B-Instruct,8,8,128,256,0,3.0613211654126644,1136,2048,3184.0,2.613250805039792,668.9922060901868,1040.0738204058373,116.33020428568123,56.8018575613678,87.85714285714286,95.0,15567.0,272.975,initial,results/result_cpu8_105794_2.csv,,,,,116.33020428568125,56.8018575613678,56.8018575613678
2026-08-19 15:18:55,transformers,Qwen/Qwen2.5-7B-Instruct,8,8,128,256,1,3.491273656487465,1136,2048,3184.0,2.291427366380875,586.605405793504,911.9880918195884,132.66839894652367,64.77949167310726,79.375,85.0,15567.0,277.54625,initial,results/result_cpu8_105794_2.csv,,,,,132.66839894652367,64.77949167310726,64.77949167310726
2026-08-19 15:18:58,transformers,Qwen/Qwen2.5-7B-Instruct,8,8,128,256,2,3.0429856814444065,1136,2048,3184.0,2.628996925218084,673.0232128558295,1046.3407762367974,115.63345589488743,56.46164838617551,91.28571428571428,96.0,15567.0,292.2442857142857,initial,results/result_cpu8_105794_2.csv,,,,,115.63345589488745,56.46164838617551,56.46164838617551
2026-08-19 15:57:38,vllm,Qwen/Qwen2.5-7B-Instruct,8,1,512,256,0,1.9621748868376017,526,256,782.0,0.5096385682581435,130.46747347408473,398.5373603778682,74.56264569982886,291.2603347649565,100.0,100.0,86731.0,366.5344444444444,initial,results/result_cpu8_105794_20.csv,,,,,74.56264569982886,291.2603347649565,291.2603347649565
2026-08-19 15:57:40,vllm,Qwen/Qwen2.5-7B-Instruct,8,1,512,256,1,1.963033163920045,526,256,782.0,0.5094157441553699,130.4104305037747,398.3631119294993,74.5952602289617,291.38773526938166,90.88888888888889,100.0,86731.0,346.2422222222222,initial,results/result_cpu8_105794_20.csv,,,,,74.5952602289617,291.38773526938166,291.38773526938166
2026-08-19 15:57:42,vllm,Qwen/Qwen2.5-7B-Instruct,8,1,512,256,2,1.96250974945724,526,256,782.0,0.5095516087380275,130.44521183693504,398.4693580331375,74.57537047937512,291.3100409350591,91.44444444444444,100.0,86731.0,349.1933333333333,initial,results/result_cpu8_105794_20.csv,,,,,74.57537047937512,291.3100409350591,291.3100409350591
2026-08-19 15:58:53,vllm,Qwen/Qwen2.5-7B-Instruct,8,4,512,256,0,2.0126380678266287,2104,1024,3128.0,1.9874412910809385,508.7849705167202,1554.1790896252935,76.48024657741189,74.6877407982538,100.0,100.0,86731.0,367.85333333333335,initial,results/result_cpu8_105794_21.csv,,,,,76.48024657741189,74.6877407982538,74.6877407982538
2026-08-19 15:58:55,vllm,Qwen/Qwen2.5-7B-Instruct,8,4,512,256,1,2.0059715807437897,2104,1024,3128.0,1.9940461960666709,510.4758261930677,1559.3441253241365,76.22692006826401,74.44035162916407,90.77777777777776,100.0,86731.0,356.98555555555555,initial,results/result_cpu8_105794_21.csv,,,,,76.22692006826401,74.44035162916407,74.44035162916407
2026-08-19 15:58:58,vllm,Qwen/Qwen2.5-7B-Instruct,8,4,512,256,2,2.0110770147293806,2104,1024,3128.0,1.9889839974816963,509.1799033553143,1555.3854860306867,76.42092655971646,74.62981109347311,97.66666666666669,100.0,86731.0,357.8455555555556,initial,results/result_cpu8_105794_21.csv,,,,,76.42092655971646,74.62981109347311,74.62981109347311
2026-08-19 16:00:10,vllm,Qwen/Qwen2.5-7B-Instruct,8,8,512,256,0,2.049701690673828,4208,2048,6256.0,3.9030069772592335,999.169786178364,3052.1514562167213,77.88866424560547,38.03157433867455,96.33333333333331,100.0,86731.0,371.9555555555556,initial,results/result_cpu8_105794_22.csv,,,,,77.88866424560547,38.031574338674545,38.031574338674545
2026-08-19 16:00:12,vllm,Qwen/Qwen2.5-7B-Instruct,8,8,512,256,1,2.0697841327637434,4208,2048,6256.0,3.865137370300424,989.4751667969086,3022.537423574932,78.65179704502225,38.40419777588977,97.1,100.0,86731.0,367.337,initial,results/result_cpu8_105794_22.csv,,,,,78.65179704502225,38.40419777588977,38.40419777588977
2026-08-19 16:00:15,vllm,Qwen/Qwen2.5-7B-Instruct,8,8,512,256,2,2.0634118039160967,4208,2048,6256.0,3.8770738758094745,992.5309122072256,3031.871770883009,78.40964854881167,38.28596120547445,83.7,100.0,86731.0,348.734,initial,results/result_cpu8_105794_22.csv,,,,,78.40964854881167,38.28596120547445,38.28596120547445
2026-08-19 16:01:30,vllm,Qwen/Qwen2.5-7B-Instruct,8,16,512,256,0,2.1253206618130207,8422,4096,12518.0,7.528275750328931,1927.2385920842064,5889.934740163598,80.76218514889479,19.71733035861689,93.5,100.0,86731.0,384.765,initial,results/result_cpu8_105794_23.csv,,,,,80.76218514889479,19.71733035861689,19.71733035861689
2026-08-19 16:01:33,vllm,Qwen/Qwen2.5-7B-Instruct,8,16,512,256,1,2.1327080577611923,8422,4096,12518.0,7.502198878920156,1920.56291300356,5869.532847895157,81.04290619492531,19.78586577024544,87.2,100.0,86731.0,364.053,initial,results/result_cpu8_105794_23.csv,,,,,81.04290619492531,19.785865770245437,19.785865770245437
2026-08-19 16:01:35,vllm,Qwen/Qwen2.5-7B-Instruct,8,16,512,256,2,2.125454993918538,8422,4096,12518.0,7.527799951436294,1927.1167875676915,5889.5624870049705,80.76728976890445,19.71857660373644,90.0,100.0,86731.0,366.494,initial,results/result_cpu8_105794_23.csv,,,,,80.76728976890445,19.718576603736437,19.718576603736437
2026-08-19 16:02:50,vllm,Qwen/Qwen2.5-7B-Instruct,8,32,512,256,0,2.234864793717861,16854,8192,25046.0,14.318539577853237,3665.546131930428,11206.941945841005,84.92486216127872,10.36680446304672,92.4,100.0,87913.0,407.682,initial,results/result_cpu8_105794_24.csv,,,,,84.92486216127872,10.36680446304672,10.36680446304672
2026-08-19 16:02:52,vllm,Qwen/Qwen2.5-7B-Instruct,8,32,512,256,1,2.236486153677106,16854,8192,25046.0,14.308159228881156,3662.888762593576,11198.81737645492,84.98647383973002,10.37432541988892,100.0,100.0,87913.0,401.024,initial,results/result_cpu8_105794_24.csv,,,,,84.98647383973002,10.374325419888919,10.374325419888919
2026-08-19 16:02:55,vllm,Qwen/Qwen2.5-7B-Instruct,8,32,512,256,2,2.244897000491619,16854,8192,25046.0,14.254551542004908,3649.165194753256,11156.859310032964,85.30608601868153,10.413340578452337,90.8,100.0,87913.0,402.947,initial,results/result_cpu8_105794_24.csv,,,,,85.30608601868153,10.413340578452335,10.413340578452335
2026-08-19 16:04:08,vllm,Qwen/Qwen2.5-7B-Instruct,8,1,2048,256,0,1.9819986652582884,2062,256,2318.0,0.5045412075843567,129.16254914159532,1169.5265191805388,75.31594927981496,294.2029268742772,100.0,100.0,86731.0,366.34222222222223,initial,results/result_cpu8_105794_25.csv,,,,,75.31594927981496,294.2029268742772,294.2029268742772
2026-08-19 16:04:10,vllm,Qwen/Qwen2.5-7B-Instruct,8,1,2048,256,1,1.981319857761264,2062,256,2318.0,0.504714065264516,129.2068007077161,1169.927203283148,75.29015459492803,294.1021663864376,100.0,100.0,86731.0,351.86,initial,results/result_cpu8_105794_25.csv,,,,,75.29015459492804,294.10216638643766,294.10216638643766
2026-08-19 16:04:13,vllm,Qwen/Qwen2.5-7B-Instruct,8,1,2048,256,2,1.9817016012966635,2062,256,2318.0,0.5046168400659725,129.18191105688896,1169.7018352729244,75.3046608492732,294.15883144247346,95.77777777777776,100.0,86731.0,356.06555555555553,initial,results/result_cpu8_105794_25.csv,,,,,75.30466084927322,294.1588314424735,294.1588314424735
2026-08-19 16:05:26,vllm,Qwen/Qwen2.5-7B-Instruct,8,4,2048,256,0,2.0751280058175325,8248,1024,9272.0,1.9275919310934897,493.46353435993336,4468.158096274709,78.85486422106624,77.006703340885,95.4,100.0,86731.0,366.443,initial,results/result_cpu8_105794_26.csv,,,,,78.85486422106624,77.006703340885,77.006703340885
2026-08-19 16:05:28,vllm,Qwen/Qwen2.5-7B-Instruct,8,4,2048,256,1,2.07211764715612,8248,1024,9272.0,1.9303923237610596,494.1804348828312,4474.649406478136,78.74047059193254,76.89499081243412,90.0,100.0,86731.0,343.323,initial,results/result_cpu8_105794_26.csv,,,,,78.74047059193255,76.89499081243413,76.89499081243413
2026-08-19 16:05:31,vllm,Qwen/Qwen2.5-7B-Instruct,8,4,2048,256,2,2.071609538048506,8248,1024,9272.0,1.9308657961519493,494.301643814899,4475.746915480218,78.72116244584322,76.87613520101877,84.1,100.0,86731.0,346.356,initial,results/result_cpu8_105794_26.csv,,,,,78.72116244584322,76.87613520101877,76.87613520101877
2026-08-19 16:07:07,vllm,Qwen/Qwen2.5-7B-Instruct,8,8,2048,256,0,2.157464439049363,16496,2048,18544.0,3.708056482972677,949.2624596410052,8595.274927530665,81.9836486838758,40.03107845892373,91.7,100.0,87775.0,373.899,initial,results/result_cpu8_105794_27.csv,,,,,81.9836486838758,40.03107845892373,40.03107845892373
2026-08-19 16:07:09,vllm,Qwen/Qwen2.5-7B-Instruct,8,8,2048,256,1,2.157302245497704,16496,2048,18544.0,3.708335267668693,949.3338285231856,8595.921150456032,81.97748532891273,40.02806900825817,91.1,100.0,87775.0,363.828,initial,results/result_cpu8_105794_27.csv,,,,,81.97748532891275,40.02806900825818,40.02806900825818
2026-08-19 16:07:12,vllm,Qwen/Qwen2.5-7B-Instruct,8,8,2048,256,2,2.172132996842265,16496,2048,18544.0,3.683015732291709,942.8520274666776,8537.230467452182,82.54105388000607,40.30324896484672,90.0,100.0,87775.0,364.679,initial,results/result_cpu8_105794_27.csv,,,,,82.54105388000607,40.303248964846716,40.303248964846716
2026-08-19 16:08:49,vllm,Qwen/Qwen2.5-7B-Instruct,8,16,2048,256,0,2.3336889408528805,32998,4096,37094.0,6.856097965717988,1755.161079223805,15895.00612127144,88.68017975240946,21.65043450986559,90.9090909090909,100.0,87915.0,387.54545454545456,initial,results/result_cpu8_105794_28.csv,,,,,88.68017975240946,21.65043450986559,21.65043450986559
2026-08-19 16:08:52,vllm,Qwen/Qwen2.5-7B-Instruct,8,16,2048,256,1,2.327136153355241,32998,4096,37094.0,6.875403476900725,1760.1032900865855,15939.763535759716,88.43117382749915,21.589642047729285,91.63636363636364,100.0,87915.0,376.7763636363636,initial,results/result_cpu8_105794_28.csv,,,,,88.43117382749915,21.589642047729285,21.589642047729285
2026-08-19 16:08:54,vllm,Qwen/Qwen2.5-7B-Instruct,8,16,2048,256,2,2.3255469538271427,32998,4096,37094.0,6.880101893306806,1761.3060846865424,15950.656226895166,88.37078424543142,21.57489849741978,91.1818181818182,100.0,87915.0,376.6163636363637,initial,results/result_cpu8_105794_28.csv,,,,,88.37078424543142,21.57489849741978,21.57489849741978
2026-08-19 16:10:27,vllm,Qwen/Qwen2.5-7B-Instruct,8,32,2048,256,0,2.624288763850928,66006,8192,74198.0,12.193780059875207,3121.607695328053,28273.5654025819,99.72297302633524,12.173214480753812,90.84615384615384,100.0,87915.0,416.9623076923077,initial,results/result_cpu8_105794_29.csv,,,,,99.72297302633525,12.173214480753815,12.173214480753815
2026-08-19 16:10:30,vllm,Qwen/Qwen2.5-7B-Instruct,8,32,2048,256,1,2.648173864930868,66006,8192,74198.0,12.083798735335444,3093.4524762458736,28018.553080138103,100.630606867373,12.284009627364869,79.6923076923077,100.0,87915.0,384.9584615384615,initial,results/result_cpu8_105794_29.csv,,,,,100.63060686737299,12.284009627364867,12.284009627364867
2026-08-19 16:10:33,vllm,Qwen/Qwen2.5-7B-Instruct,8,32,2048,256,2,2.636876534670592,66006,8192,74198.0,12.135570088038865,3106.705942537949,28138.59466850961,100.20130831748249,12.231605019223936,82.76923076923077,100.0,87915.0,399.2592307692308,initial,results/result_cpu8_105794_29.csv,,,,,100.20130831748249,12.231605019223936,12.231605019223936
2026-08-19 15:20:09,transformers,Qwen/Qwen2.5-7B-Instruct,8,16,128,256,0,3.940392725169658,2278,4096,6374.0,4.060508968509249,1039.4902959383678,1617.6052603298722,149.73492355644703,36.5563778213982,90.16666666666669,97.0,15869.0,321.22277777777776,initial,results/result_cpu8_105794_3.csv,,,,,149.734923556447,36.55637782139819,36.55637782139819
2026-08-19 15:20:14,transformers,Qwen/Qwen2.5-7B-Instruct,8,16,128,256,1,4.397192316129804,2278,4096,6374.0,3.638685517872101,931.503492575258,1449.5613431822983,167.09330801293254,40.79426465159486,86.7,97.0,15869.0,315.589,initial,results/result_cpu8_105794_3.csv,,,,,167.09330801293254,40.79426465159486,40.79426465159486
2026-08-19 15:20:18,transformers,Qwen/Qwen2.5-7B-Instruct,8,16,128,256,2,4.071414517238736,2278,4096,6374.0,3.9298381268364,1006.0385604701185,1565.5492637784507,154.71375165507197,37.771912025164056,87.94444444444444,95.0,15869.0,325.3233333333333,initial,results/result_cpu8_105794_3.csv,,,,,154.71375165507197,37.771912025164056,37.771912025164056
2026-08-19 15:21:34,transformers,Qwen/Qwen2.5-7B-Instruct,8,32,128,256,0,4.982241835445166,4566,8192,12758.0,6.42281146859279,1644.2397359597542,2560.694647384588,189.3251897469163,23.110985076527868,91.4090909090909,97.0,16589.0,337.235,initial,results/result_cpu8_105794_4.csv,,,,,189.3251897469163,23.110985076527868,23.110985076527868
2026-08-19 15:21:39,transformers,Qwen/Qwen2.5-7B-Instruct,8,32,128,256,1,4.847887823358178,4566,8192,12758.0,6.600812800539039,1689.808076937994,2631.661553414908,184.2197372876108,22.48776089936655,97.0909090909091,99.0,16589.0,365.8304545454545,initial,results/result_cpu8_105794_4.csv,,,,,184.21973728761077,22.48776089936655,22.48776089936655
2026-08-19 15:21:44,transformers,Qwen/Qwen2.5-7B-Instruct,8,32,128,256,2,4.92033370770514,4566,8192,12758.0,6.5036239208508695,1664.9277237378226,2592.913561944231,186.97268089279527,22.823813585546304,95.8181818181818,98.0,16589.0,359.99227272727273,initial,results/result_cpu8_105794_4.csv,,,,,186.97268089279532,22.823813585546304,22.823813585546304
2026-08-19 15:22:56,transformers,Qwen/Qwen2.5-7B-Instruct,8,1,512,256,0,3.085446260869503,526,256,782.0,0.3241022255620787,82.97016974389214,253.44794038954555,117.24695791304111,457.99592934781685,83.35714285714286,95.0,15425.0,257.63928571428573,initial,results/result_cpu8_105794_5.csv,,,,,117.24695791304111,457.99592934781685,457.99592934781685
2026-08-19 15:22:59,transformers,Qwen/Qwen2.5-7B-Instruct,8,1,512,256,1,2.880767116323113,526,256,782.0,0.3471297607966161,88.86521876393373,271.4554729429538,109.46915042027832,427.61386882921215,88.46153846153847,96.0,15425.0,294.2430769230769,initial,results/result_cpu8_105794_5.csv,,,,,109.4691504202783,427.6138688292121,427.6138688292121
2026-08-19 15:23:02,transformers,Qwen/Qwen2.5-7B-Instruct,8,1,512,256,2,2.894724577665329,526,256,782.0,0.345456009084818,88.43673832571342,270.1465991043277,109.9995339512825,429.68567949719727,91.46153846153848,95.0,15425.0,296.79692307692306,initial,results/result_cpu8_105794_5.csv,,,,,109.9995339512825,429.68567949719727,429.68567949719727
2026-08-19 15:30:08,transformers,Qwen/Qwen2.5-7B-Instruct,8,4,512,256,0,3.4395625572651625,2104,1024,3128.0,1.162938581114352,297.7122767652741,909.4179704314232,130.70337717607617,127.64001677351187,64.6875,91.0,15735.0,202.48875,initial,results/result_cpu8_105794_6.csv,,,,,130.70337717607617,127.64001677351189,127.64001677351189
2026-08-19 15:30:11,transformers,Qwen/Qwen2.5-7B-Instruct,8,4,512,256,1,2.6299939616583288,2104,1024,3128.0,1.520916039471749,389.3545061047677,1189.3563428669077,99.9397705430165,97.59743217091454,83.08333333333333,92.0,15735.0,253.62583333333333,initial,results/result_cpu8_105794_6.csv,,,,,99.9397705430165,97.59743217091454,97.59743217091454
2026-08-19 15:30:15,transformers,Qwen/Qwen2.5-7B-Instruct,8,4,512,256,2,3.674203051254153,2104,1024,3128.0,1.0886714599604503,278.6998937498753,851.3410816890721,139.61971594765782,136.3473788551346,66.17647058823529,91.0,15735.0,217.35117647058823,initial,results/result_cpu8_105794_6.csv,,,,,139.6197159476578,136.34737885513456,136.34737885513456
2026-08-19 15:32:19,transformers,Qwen/Qwen2.5-7B-Instruct,8,8,512,256,0,2.699449652340263,4208,2048,6256.0,2.963567034141376,758.6731607401921,2317.5094206985555,102.57908678893,50.087444721157226,86.41666666666667,93.0,16151.0,246.30166666666668,initial,results/result_cpu8_105794_7.csv,,,,,102.57908678893,50.087444721157226,50.087444721157226
2026-08-19 15:32:22,transformers,Qwen/Qwen2.5-7B-Instruct,8,8,512,256,1,2.701928408816457,4208,2048,6256.0,2.9608482496781963,757.9771519176182,2315.3833312483494,102.67327953502536,50.1334372729616,93.66666666666669,100.0,16151.0,276.13916666666665,initial,results/result_cpu8_105794_7.csv,,,,,102.67327953502536,50.1334372729616,50.1334372729616
2026-08-19 15:32:26,transformers,Qwen/Qwen2.5-7B-Instruct,8,8,512,256,2,3.8129701307043433,4208,2048,6256.0,2.0981019325536168,537.1140947337259,1640.7157112569284,144.89286496676505,70.74846922205325,70.05555555555556,93.0,16151.0,229.82555555555555,initial,results/result_cpu8_105794_7.csv,,,,,144.89286496676505,70.74846922205325,70.74846922205325
2026-08-19 15:34:31,transformers,Qwen/Qwen2.5-7B-Instruct,8,16,512,256,0,4.617990043014288,8422,4096,12518.0,3.464710805126891,886.9659661124841,2710.7031161611512,175.48362163454294,42.84268106312084,93.9047619047619,100.0,17073.0,314.92761904761903,initial,results/result_cpu8_105794_8.csv,,,,,175.48362163454294,42.842681063120835,42.842681063120835
2026-08-19 15:34:37,transformers,Qwen/Qwen2.5-7B-Instruct,8,16,512,256,1,5.386707496829331,8422,4096,12518.0,2.9702745154470995,760.3902759544575,2323.8685240229247,204.69488487951455,49.97433712878774,80.875,100.0,17073.0,300.75125,initial,results/result_cpu8_105794_8.csv,,,,,204.69488487951458,49.97433712878774,49.97433712878774
2026-08-19 15:34:43,transformers,Qwen/Qwen2.5-7B-Instruct,8,16,512,256,2,6.015219047199935,8422,4096,12518.0,2.6599197592725985,680.9394583737852,2081.0547216608998,228.57832379359752,55.80525483242127,75.5925925925926,100.0,17073.0,291.2266666666667,initial,results/result_cpu8_105794_8.csv,,,,,228.57832379359752,55.80525483242127,55.80525483242127
2026-08-19 15:36:13,transformers,Qwen/Qwen2.5-7B-Instruct,8,32,512,256,0,6.571256658062339,16854,8192,25046.0,4.869692612103179,1246.641308698414,3811.4475363355073,249.70775300636888,30.481903443160263,95.0,100.0,19209.0,361.4843333333333,initial,results/result_cpu8_105794_9.csv,,,,,249.70775300636888,30.481903443160263,30.481903443160263
2026-08-19 15:36:20,transformers,Qwen/Qwen2.5-7B-Instruct,8,32,512,256,1,6.656287856400013,16854,8192,25046.0,4.807484395259745,1230.7160051864946,3762.757942614862,252.9389385432005,30.87633527138678,90.33333333333331,100.0,19209.0,365.09866666666665,initial,results/result_cpu8_105794_9.csv,,,,,252.9389385432005,30.87633527138678,30.87633527138678
2026-08-19 15:36:26,transformers,Qwen/Qwen2.5-7B-Instruct,8,32,512,256,2,6.550986759830266,16854,8192,25046.0,4.8847602923302365,1250.4986348365403,3823.2408213032218,248.9374968735501,30.38787803632204,95.5,100.0,19209.0,381.2713333333333,initial,results/result_cpu8_105794_9.csv,,,,,248.93749687355012,30.387878036322036,30.387878036322036
2026-08-24 16:41:55,vllm,Qwen/Qwen2.5-7B-Instruct,1,128,128,256,0,2.651789529249072,16256,32768,49024.0,48.269290827257606,12356.938451777947,18487.138386839662,82.20547540672123,2.5087120180273814,95.91666666666669,100.0,82799.0,581.9391666666667,vllm_memory_search,results_vllm2/result_batch128_input128_mem085_106457_4.csv,0.85,6130.199935061716,0.6422302766150096,82799.0,82.20547540672123,2.5087120180273814,2.5087120180273814
2026-08-24 16:41:57,vllm,Qwen/Qwen2.5-7B-Instruct,1,128,128,256,1,2.630274187773466,16256,32768,49024.0,48.664128095463816,12458.016792438735,18638.36106056264,81.53849982097745,2.488357538481978,85.0,100.0,82799.0,539.82,vllm_memory_search,results_vllm2/result_batch128_input128_mem085_106457_4.csv,0.85,6180.344268123905,0.6370195298513863,82799.0,81.53849982097745,2.488357538481978,2.488357538481978
2026-08-24 16:42:00,vllm,Qwen/Qwen2.5-7B-Instruct,1,128,128,256,2,2.6077739261090755,16256,32768,49024.0,49.08400943749835,12565.506415999578,18799.17561456187,80.84099170938134,2.4670712801935224,93.27272727272728,100.0,82799.0,578.55,vllm_memory_search,results_vllm2/result_batch128_input128_mem085_106457_4.csv,0.85,6233.669198562291,0.6315702477295417,82799.0,80.84099170938134,2.4670712801935224,2.4670712801935224
2026-08-24 17:06:41,vllm,Qwen/Qwen2.5-7B-Instruct,1,128,128,256,0,2.6061862483620644,16256,32768,49024.0,49.1139112104691,12573.16126988009,18810.627993609665,80.791773699224,2.4655692657233885,94.58333333333331,100.0,87517.0,585.1741666666667,vllm_memory_search,results_vllm2/result_batch128_input128_mem090_106457_19.csv,0.9,6237.466723729576,0.6311857320251875,87517.0,80.791773699224,2.4655692657233885,2.4655692657233885
2026-08-24 17:06:44,vllm,Qwen/Qwen2.5-7B-Instruct,1,128,128,256,1,2.566440019756556,16256,32768,49024.0,49.87453399052812,12767.8807015752,19101.94651837227,79.55964061245322,2.427967547987464,88.5,100.0,87517.0,558.0741666666667,vllm_memory_search,results_vllm2/result_batch128_input128_mem090_106457_19.csv,0.9,6334.065816797071,0.6215596922847908,87517.0,79.55964061245324,2.4279675479874645,2.4279675479874645
2026-08-24 17:06:47,vllm,Qwen/Qwen2.5-7B-Instruct,1,128,128,256,2,2.5818769596517086,16256,32768,49024.0,49.57633613077636,12691.542049478749,18987.736738087344,80.03818574920297,2.442571586584563,87.25,100.0,87517.0,555.6525,vllm_memory_search,results_vllm2/result_batch128_input128_mem090_106457_19.csv,0.9,6296.194688608597,0.6252983261656482,87517.0,80.03818574920297,2.442571586584563,2.442571586584563
2026-08-24 17:33:30,vllm,Qwen/Qwen2.5-7B-Instruct,1,128,128,256,0,2.682728201150894,16256,32768,49024.0,47.71262327099996,12214.431557375989,18273.934712792983,83.16457423567772,2.537981391469657,93.66666666666669,100.0,91735.0,566.5558333333333,vllm_memory_search,results_vllm2/result_batch128_input128_mem095_106457_34.csv,0.95,6059.503155416995,0.6497232362162322,91735.0,83.16457423567772,2.537981391469657,2.537981391469657
2026-08-24 17:33:33,vllm,Qwen/Qwen2.5-7B-Instruct,1,128,128,256,1,2.667423428967595,16256,32768,49024.0,47.98638214313855,12284.513828643469,18378.784360822065,82.69012629799545,2.523502389465193,86.41666666666667,100.0,91735.0,527.4716666666667,vllm_memory_search,results_vllm2/result_batch128_input128_mem095_106457_34.csv,0.95,6094.270532178595,0.6460166117030894,91735.0,82.69012629799545,2.523502389465193,2.523502389465193
2026-08-24 17:33:36,vllm,Qwen/Qwen2.5-7B-Instruct,1,128,128,256,2,2.637418502941728,16256,32768,49024.0,48.53230530430843,12424.270157902958,18587.87293155013,81.75997359119356,2.495116381567186,94.58333333333331,100.0,91735.0,552.2916666666666,vllm_memory_search,results_vllm2/result_batch128_input128_mem095_106457_34.csv,0.95,6163.602773647171,0.6387497936811997,91735.0,81.75997359119357,2.4951163815671866,2.4951163815671866
2026-08-24 16:58:47,vllm,Qwen/Qwen2.5-7B-Instruct,1,128,2048,256,0,4.580835210159421,262016,32768,294784.0,27.942502650198016,7153.280678450692,64351.58360340603,142.00589151494205,4.333675888517519,99.15,100.0,82939.0,582.184,vllm_memory_search,results_vllm2/result_batch128_input2048_mem085_106457_14.csv,0.85,57198.30292495534,1.1094210274604848,82939.0,142.00589151494205,4.333675888517519,4.333675888517519
2026-08-24 16:58:51,vllm,Qwen/Qwen2.5-7B-Instruct,1,128,2048,256,1,4.552078636363149,262016,32768,294784.0,28.11902214902524,7198.469670150462,64758.108009205134,141.1144377272576,4.306470877907032,97.1,100.0,82939.0,562.5435,vllm_memory_search,results_vllm2/result_batch128_input2048_mem085_106457_14.csv,0.85,57559.63833905467,1.1024565447442,82939.0,141.1144377272576,4.3064708779070315,4.3064708779070315
2026-08-24 16:58:56,vllm,Qwen/Qwen2.5-7B-Instruct,1,128,2048,256,2,4.555793412029743,262016,32768,294784.0,28.09609401120148,7192.600066867578,64705.304507797,141.22959577292204,4.309985222562318,100.0,100.0,82939.0,565.257,vllm_memory_search,results_vllm2/result_batch128_input2048_mem085_106457_14.csv,0.85,57512.70444092942,1.1033562169759534,82939.0,141.22959577292204,4.309985222562318,4.309985222562318
2026-08-24 17:25:14,vllm,Qwen/Qwen2.5-7B-Instruct,1,128,2048,256,0,4.773334780707955,262016,32768,294784.0,26.8156343270387,6864.802387721908,61756.40585517013,147.97337820194662,4.515789129698078,97.33333333333331,100.0,87699.0,563.5890476190476,vllm_memory_search,results_vllm2/result_batch128_input2048_mem090_106457_29.csv,0.9,54891.60346744822,1.156042017202708,87699.0,147.97337820194662,4.515789129698078,4.515789129698078
2026-08-24 17:25:19,vllm,Qwen/Qwen2.5-7B-Instruct,1,128,2048,256,1,4.574156293645501,262016,32768,294784.0,27.983302664541625,7163.725482122656,64445.546036439366,141.79884510301054,4.327357333465898,95.0,100.0,87699.0,553.6065,vllm_memory_search,results_vllm2/result_batch128_input2048_mem090_106457_29.csv,0.9,57281.82055431671,1.1078034773672698,87699.0,141.79884510301054,4.327357333465898,4.327357333465898
2026-08-24 17:25:24,vllm,Qwen/Qwen2.5-7B-Instruct,1,128,2048,256,2,4.595506416633725,262016,32768,294784.0,27.853295892852184,7130.443748570159,64146.14044123858,142.46069891564548,4.347555508900314,98.5,100.0,87699.0,562.5635,vllm_memory_search,results_vllm2/result_batch128_input2048_mem090_106457_29.csv,0.9,57015.696692668425,1.1129742102784803,87699.0,142.46069891564548,4.347555508900314,4.347555508900314
2026-08-24 17:51:08,vllm,Qwen/Qwen2.5-7B-Instruct,1,128,2048,256,0,4.849805969744921,262016,32768,294784.0,26.39280845430034,6756.558964300887,60782.63787025368,150.34398506209254,4.588134309756242,98.38095238095238,100.0,92515.0,559.2352380952381,vllm_memory_search,results_vllm2/result_batch128_input2048_mem095_106457_44.csv,0.95,54026.0789059528,1.174562383297598,92515.0,150.34398506209254,4.588134309756242,4.588134309756242
2026-08-24 17:51:13,vllm,Qwen/Qwen2.5-7B-Instruct,1,128,2048,256,1,5.032403664663434,262016,32768,294784.0,25.435161511146504,6511.401346853505,58577.1769601704,156.00451360456643,4.760879931779982,92.52380952380952,100.0,92515.0,537.3319047619048,vllm_memory_search,results_vllm2/result_batch128_input2048_mem095_106457_44.csv,0.95,52065.775613316895,1.2187852625356754,92515.0,156.00451360456645,4.760879931779982,4.760879931779982
2026-08-24 17:51:18,vllm,Qwen/Qwen2.5-7B-Instruct,1,128,2048,256,2,4.855341579765081,262016,32768,294784.0,26.362717822665136,6748.855762602275,60713.339145597805,150.51558897271752,4.593371245505296,96.76190476190476,100.0,92515.0,551.2561904761905,vllm_memory_search,results_vllm2/result_batch128_input2048_mem095_106457_44.csv,0.95,53964.48338299553,1.1759030388493557,92515.0,150.51558897271752,4.5933712455052955,4.5933712455052955
2026-08-24 16:50:18,vllm,Qwen/Qwen2.5-7B-Instruct,1,128,512,256,0,3.19624886661768,65408,32768,98176.0,40.04694419663623,10252.017714338874,30716.006198819985,99.08371486514808,3.02379500931238,90.76923076923076,100.0,82903.0,549.92,vllm_memory_search,results_vllm2/result_batch128_input512_mem085_106457_9.csv,0.85,20463.988484481117,0.7740915223839693,82903.0,99.08371486514808,3.0237950093123804,3.0237950093123804
2026-08-24 16:50:21,vllm,Qwen/Qwen2.5-7B-Instruct,1,128,512,256,1,2.982825515791774,65408,32768,98176.0,42.91233239166628,10985.557092266568,32913.75894440804,92.467590989545,2.821886932053985,97.46153846153848,100.0,82903.0,588.9261538461539,vllm_memory_search,results_vllm2/result_batch128_input512_mem085_106457_9.csv,0.85,21928.20185214147,0.7224030546058202,82903.0,92.46759098954499,2.821886932053985,2.821886932053985
2026-08-24 16:50:24,vllm,Qwen/Qwen2.5-7B-Instruct,1,128,512,256,2,2.958310728892684,65408,32768,98176.0,43.26793624140736,11076.591677800285,33186.50709715945,91.7076325956732,2.798694842397253,98.84615384615384,100.0,82903.0,576.6546153846153,vllm_memory_search,results_vllm2/result_batch128_input512_mem085_106457_9.csv,0.85,22109.915419359164,0.7164658796536969,82903.0,91.7076325956732,2.7986948423972535,2.7986948423972535
2026-08-24 17:14:46,vllm,Qwen/Qwen2.5-7B-Instruct,1,128,512,256,0,3.0775556582957506,65408,32768,98176.0,41.59144925777953,10647.41100999156,31900.641580716903,95.40422540716828,2.911505902318368,97.6923076923077,100.0,87663.0,565.993076923077,vllm_memory_search,results_vllm2/result_batch128_input512_mem090_106457_24.csv,0.9,21253.23057072534,0.7453455109935021,87663.0,95.40422540716827,2.9115059023183676,2.9115059023183676
2026-08-24 17:14:50,vllm,Qwen/Qwen2.5-7B-Instruct,1,128,512,256,1,3.062442990019917,65408,32768,98176.0,41.79669643390407,10699.95428707944,32058.066164804422,94.93573269061744,2.8972086392400342,96.28571428571428,100.0,87663.0,571.31,vllm_memory_search,results_vllm2/result_batch128_input512_mem090_106457_24.csv,0.9,21358.11187772498,0.7416854116454488,87663.0,94.93573269061743,2.897208639240034,2.897208639240034
2026-08-24 17:14:53,vllm,Qwen/Qwen2.5-7B-Instruct,1,128,512,256,2,3.039281491190195,65408,32768,98176.0,42.11521715610313,10781.4955919624,32302.371558731094,94.21772622689603,2.8752968208891616,87.14285714285714,100.0,87663.0,544.86,vllm_memory_search,results_vllm2/result_batch128_input512_mem090_106457_24.csv,0.9,21520.875966768697,0.7360759861476254,87663.0,94.21772622689605,2.8752968208891616,2.8752968208891616
2026-08-24 17:42:00,vllm,Qwen/Qwen2.5-7B-Instruct,1,128,512,256,0,3.0939979553222656,65408,32768,98176.0,41.370421651318686,10590.827942737584,31731.11340656143,95.91393661499023,2.9270610539242625,90.85714285714286,100.0,92479.0,565.5235714285715,vllm_memory_search,results_vllm2/result_batch128_input512_mem095_106457_39.csv,0.95,21140.28546382385,0.7493276298046112,92479.0,95.91393661499023,2.9270610539242625,2.9270610539242625
2026-08-24 17:42:03,vllm,Qwen/Qwen2.5-7B-Instruct,1,128,512,256,1,3.0696923043578863,65408,32768,98176.0,41.697990322445314,10674.685522546,31982.35857731556,95.16046143509448,2.9040668162565453,92.21428571428572,100.0,92479.0,547.0921428571429,vllm_memory_search,results_vllm2/result_batch128_input512_mem095_106457_39.csv,0.95,21307.673054769555,0.7434411049616756,92479.0,95.16046143509448,2.9040668162565453,2.9040668162565453
2026-08-24 17:42:06,vllm,Qwen/Qwen2.5-7B-Instruct,1,128,512,256,2,3.0566805880516768,65408,32768,98176.0,41.875490851200446,10720.125657907314,32118.501482870743,94.75709822960198,2.8917571481201776,89.57142857142857,100.0,92479.0,537.6407142857142,vllm_memory_search,results_vllm2/result_batch128_input512_mem095_106457_39.csv,0.95,21398.37582496343,0.7402898299187655,92479.0,94.75709822960198,2.8917571481201776,2.8917571481201776
2026-08-24 16:32:29,vllm,Qwen/Qwen2.5-7B-Instruct,1,32,128,256,0,2.18016791716218,4064,8192,12256.0,14.677768509525112,3757.5087384384287,5621.585339148119,67.58520543202758,8.250147147464304,100.0,100.0,80461.0,409.6055555555556,vllm_memory_search,results_vllm2/result_batch32_input128_mem085_106457_0.csv,0.85,1864.0766007096893,2.112037669750862,80461.0,67.58520543202758,8.250147147464304,8.250147147464304
2026-08-24 16:32:32,vllm,Qwen/Qwen2.5-7B-Instruct,1,32,128,256,1,2.192124117165804,4064,8192,12256.0,14.59771358264731,3737.014677157712,5590.92430215392,67.95584763213992,8.295391556657705,100.0,100.0,80461.0,406.014,vllm_memory_search,results_vllm2/result_batch32_input128_mem085_106457_0.csv,0.85,1853.9096249962083,2.1236202385043725,80461.0,67.95584763213992,8.295391556657705,8.295391556657705
2026-08-24 16:32:34,vllm,Qwen/Qwen2.5-7B-Instruct,1,32,128,256,2,2.162229105830193,4064,8192,12256.0,14.799541784779338,3788.682696903511,5668.224503570486,67.02910228073597,8.182263462003903,97.55555555555556,100.0,80463.0,387.43666666666667,vllm_memory_search,results_vllm2/result_batch32_input128_mem085_106457_0.csv,0.85,1879.541806666976,2.094659446272999,80463.0,67.02910228073598,8.182263462003904,8.182263462003904
2026-08-24 17:00:27,vllm,Qwen/Qwen2.5-7B-Instruct,1,32,128,256,0,2.1695086751133204,4064,8192,12256.0,14.74988340312976,3775.970151201219,5649.2053433986985,67.25476892851293,8.209810660218864,98.1,100.0,85189.0,411.943,vllm_memory_search,results_vllm2/result_batch32_input128_mem090_106457_15.csv,0.9,1873.23519219748,2.101711529016029,85189.0,67.25476892851293,8.209810660218864,8.209810660218864
2026-08-24 17:00:29,vllm,Qwen/Qwen2.5-7B-Instruct,1,32,128,256,1,2.183705544099212,4064,8192,12256.0,14.653990363522269,3751.4215330617008,5612.478309229029,67.69487186707556,8.263534163461372,87.2,100.0,85189.0,382.725,vllm_memory_search,results_vllm2/result_batch32_input128_mem090_106457_15.csv,0.9,1861.056776167328,2.1154647458461118,85189.0,67.69487186707558,8.263534163461374,8.263534163461374
2026-08-24 17:00:31,vllm,Qwen/Qwen2.5-7B-Instruct,1,32,128,256,2,2.15153594687581,4064,8192,12256.0,14.873095681467172,3807.512494455596,5696.395646001926,66.69761435315013,8.141798627093522,88.77777777777777,100.0,85189.0,386.87555555555554,vllm_memory_search,results_vllm2/result_batch32_input128_mem090_106457_15.csv,0.9,1888.8831515463307,2.084300448535941,85189.0,66.69761435315012,8.14179862709352,8.14179862709352
2026-08-24 17:26:54,vllm,Qwen/Qwen2.5-7B-Instruct,1,32,128,256,0,2.1708116326481104,4064,8192,12256.0,14.741030275834722,3773.703750613689,5645.814595644699,67.29516061209142,8.214741285655691,95.6,100.0,89949.0,405.583,vllm_memory_search,results_vllm2/result_batch32_input128_mem095_106457_30.csv,0.95,1872.1108450310096,2.102973769127857,89949.0,67.29516061209142,8.214741285655691,8.214741285655691
2026-08-24 17:26:56,vllm,Qwen/Qwen2.5-7B-Instruct,1,32,128,256,1,2.1997916530817747,4064,8192,12256.0,14.546832176206296,3723.989037108812,5571.436723487012,68.19354124553502,8.324406890324099,85.8,100.0,89949.0,383.227,vllm_memory_search,results_vllm2/result_batch32_input128_mem095_106457_30.csv,0.95,1847.4476863782,2.1310481639229693,89949.0,68.19354124553502,8.324406890324099,8.324406890324099
2026-08-24 17:26:58,vllm,Qwen/Qwen2.5-7B-Instruct,1,32,128,256,2,2.1843603663146496,4064,8192,12256.0,14.649597426082629,3750.296941077153,5610.795814189647,67.71517135575414,8.266012128387956,82.88888888888889,100.0,89949.0,377.42777777777775,vllm_memory_search,results_vllm2/result_batch32_input128_mem095_106457_30.csv,0.95,1860.498873112494,2.116099104867317,89949.0,67.71517135575414,8.266012128387956,8.266012128387956
2026-08-24 16:51:57,vllm,Qwen/Qwen2.5-7B-Instruct,1,32,2048,256,0,2.7217288445681334,65504,8192,73696.0,11.757232930776231,3009.851630278715,27076.90743957766,84.37359418161213,10.299511008497577,97.83333333333331,100.0,82731.0,442.1883333333333,vllm_memory_search,results_vllm2/result_batch32_input2048_mem085_106457_10.csv,0.85,24067.055809298945,2.636674818175379,82731.0,84.37359418161213,10.299511008497575,10.299511008497575
2026-08-24 16:52:00,vllm,Qwen/Qwen2.5-7B-Instruct,1,32,2048,256,1,2.733256300911308,65504,8192,73696.0,11.707647025026793,2997.1576384068585,26962.7110986367,84.73094532825053,10.343132974639955,95.41666666666669,100.0,82731.0,425.7025,vllm_memory_search,results_vllm2/result_batch32_input2048_mem085_106457_10.csv,0.85,23965.553460229843,2.647842041507829,82731.0,84.73094532825054,10.343132974639959,10.343132974639959
2026-08-24 16:52:03,vllm,Qwen/Qwen2.5-7B-Instruct,1,32,2048,256,2,2.749424032866955,65504,8192,73696.0,11.638801297096428,2979.533132056685,26804.15938721307,85.2321450188756,10.404314577499465,99.16666666666669,100.0,82731.0,431.88,vllm_memory_search,results_vllm2/result_batch32_input2048_mem085_106457_10.csv,0.85,23824.626255156385,2.6635045318398625,82731.0,85.2321450188756,10.404314577499463,10.404314577499463
2026-08-24 17:17:57,vllm,Qwen/Qwen2.5-7B-Instruct,1,32,2048,256,0,2.2031926000490785,65504,8192,73696.0,14.524377033259446,3718.240520514418,33449.640307596506,68.29897060152143,8.337276684756034,81.6,100.0,87307.0,367.052,vllm_memory_search,results_vllm2/result_batch32_input2048_mem090_106457_25.csv,0.9,29731.39978708209,2.1343428312975448,87305.8,68.29897060152143,8.337276684756034,8.337276684756034
2026-08-24 17:17:59,vllm,Qwen/Qwen2.5-7B-Instruct,1,32,2048,256,1,2.196256933733821,65504,8192,73696.0,14.570244268095408,3729.982532632424,33555.272549423724,68.08396494574845,8.311030877166559,76.0,100.0,87307.0,350.173,vllm_memory_search,results_vllm2/result_batch32_input2048_mem090_106457_25.csv,0.9,29825.2900167913,2.127623904554639,87307.0,68.08396494574845,8.311030877166559,8.311030877166559
2026-08-24 17:18:02,vllm,Qwen/Qwen2.5-7B-Instruct,1,32,2048,256,2,2.1927685998380184,65504,8192,73696.0,14.593423128351922,3735.916320858092,33608.65346459448,67.97582659497857,8.297830394894845,76.6,100.0,87307.0,352.159,vllm_memory_search,results_vllm2/result_batch32_input2048_mem090_106457_25.csv,0.9,29872.737143736387,2.1242445810930803,87307.0,67.97582659497857,8.297830394894845,8.297830394894845
2026-08-24 17:43:45,vllm,Qwen/Qwen2.5-7B-Instruct,1,32,2048,256,0,2.789367040619254,65504,8192,73696.0,11.47213670126963,2936.866995525025,26420.33082302396,86.47037825919688,10.555466096093369,94.66666666666669,100.0,92253.0,430.7758333333333,vllm_memory_search,results_vllm2/result_batch32_input2048_mem095_106457_40.csv,0.95,23483.46382749893,2.7021993205999024,92252.83333333331,86.47037825919688,10.555466096093369,10.555466096093369
2026-08-24 17:43:48,vllm,Qwen/Qwen2.5-7B-Instruct,1,32,2048,256,1,2.7610707357525826,65504,8192,73696.0,11.58970669807117,2966.96491470622,26691.094525657903,85.59319280833006,10.448387793985605,95.16666666666669,100.0,92253.0,428.6541666666666,vllm_memory_search,results_vllm2/result_batch32_input2048_mem095_106457_40.csv,0.95,23724.129610951684,2.6747872752603143,92253.0,85.59319280833006,10.448387793985603,10.448387793985603
2026-08-24 17:43:51,vllm,Qwen/Qwen2.5-7B-Instruct,1,32,2048,256,2,2.786901568993926,65504,8192,73696.0,11.482285688170906,2939.465136171752,26443.7039398576,86.39394863881171,10.546136308448697,95.08333333333331,100.0,92253.0,430.6625,vllm_memory_search,results_vllm2/result_batch32_input2048_mem095_106457_40.csv,0.95,23504.238803685847,2.699810894962866,92253.0,86.39394863881171,10.546136308448695,10.546136308448695
2026-08-24 16:43:37,vllm,Qwen/Qwen2.5-7B-Instruct,1,32,512,256,0,2.303905062377453,16352,8192,24544.0,13.88946121199042,3555.702070269548,10653.216749596651,71.42105693370104,8.718390738977178,92.6,100.0,82395.0,410.064,vllm_memory_search,results_vllm2/result_batch32_input512_mem085_106457_5.csv,0.85,7097.514679327104,2.231908029178157,82394.2,71.42105693370104,8.718390738977178,8.718390738977178
2026-08-24 16:43:39,vllm,Qwen/Qwen2.5-7B-Instruct,1,32,512,256,1,2.2958748377859592,16352,8192,24544.0,13.93804203667278,3568.138761388232,10690.478242128022,71.17211997136474,8.688002926191984,92.5,100.0,82395.0,404.148,vllm_memory_search,results_vllm2/result_batch32_input512_mem085_106457_5.csv,0.85,7122.339480739791,2.224128749105148,82395.0,71.17211997136474,8.688002926191984,8.688002926191984
2026-08-24 16:43:42,vllm,Qwen/Qwen2.5-7B-Instruct,1,32,512,256,2,2.2853133715689182,16352,8192,24544.0,14.002456029927874,3584.628743661536,10739.88377495468,70.84471451863647,8.64803644026324,91.5,100.0,82395.0,403.412,vllm_memory_search,results_vllm2/result_batch32_input512_mem085_106457_5.csv,0.85,7155.255031293144,2.213897328707389,82395.0,70.84471451863647,8.64803644026324,8.64803644026324
2026-08-24 17:08:15,vllm,Qwen/Qwen2.5-7B-Instruct,1,32,512,256,0,2.268377186730504,16352,8192,24544.0,14.107001334342806,3611.3923415917584,10820.070023440932,70.31969278864563,8.583946873613968,95.5,100.0,87307.0,414.581,vllm_memory_search,results_vllm2/result_batch32_input512_mem090_106457_20.csv,0.9,7208.677681849173,2.197490399645176,87306.8,70.31969278864563,8.583946873613968,8.583946873613968
2026-08-24 17:08:18,vllm,Qwen/Qwen2.5-7B-Instruct,1,32,512,256,1,2.281664926558733,16352,8192,24544.0,14.024846342474678,3590.3606636735176,10757.057144678078,70.73161272332072,8.634230068764737,98.0,100.0,87307.0,405.271,vllm_memory_search,results_vllm2/result_batch32_input512_mem090_106457_20.csv,0.9,7166.69648100456,2.2103628976037726,87307.0,70.73161272332072,8.634230068764737,8.634230068764737
2026-08-24 17:08:20,vllm,Qwen/Qwen2.5-7B-Instruct,1,32,512,256,2,2.287077534943819,16352,8192,24544.0,13.991655075561775,3581.8636993438145,10731.59944295588,70.89940358325839,8.654712351471971,91.5,100.0,87307.0,407.254,vllm_memory_search,results_vllm2/result_batch32_input512_mem090_106457_20.csv,0.9,7149.735743612067,2.2156063619768247,87307.0,70.89940358325839,8.654712351471971,8.654712351471971
2026-08-24 17:35:06,vllm,Qwen/Qwen2.5-7B-Instruct,1,32,512,256,0,2.3134568240493536,16352,8192,24544.0,13.83211463786425,3541.021347293248,10609.23192724188,71.71716154552996,8.754536321475825,92.1,100.0,92067.0,403.814,vllm_memory_search,results_vllm2/result_batch32_input512_mem095_106457_35.csv,0.95,7068.210579948631,2.2411612982978117,92066.8,71.71716154552996,8.754536321475825,8.754536321475825
2026-08-24 17:35:08,vllm,Qwen/Qwen2.5-7B-Instruct,1,32,512,256,1,2.328187357634306,16352,8192,24544.0,13.744598300935502,3518.617165039489,10542.106896817531,72.17380808666348,8.810279307454039,89.4,100.0,92067.0,393.077,vllm_memory_search,results_vllm2/result_batch32_input512_mem095_106457_35.csv,0.95,7023.489731778042,2.255431502708234,92067.0,72.17380808666348,8.810279307454039,8.810279307454039
2026-08-24 17:35:10,vllm,Qwen/Qwen2.5-7B-Instruct,1,32,512,256,2,2.300037758424878,16352,8192,24544.0,13.91281507565962,3561.6806593688625,10671.129163030928,71.30117051117122,8.703756165914456,91.4,100.0,92069.0,400.351,vllm_memory_search,results_vllm2/result_batch32_input512_mem095_106457_35.csv,0.95,7109.448503662065,2.2281615784741007,92068.8,71.30117051117122,8.703756165914456,8.703756165914456
2026-08-24 16:35:37,vllm,Qwen/Qwen2.5-7B-Instruct,1,48,128,256,0,2.2781216595321894,6096,12288,18384.0,21.06998974315391,5393.917374247401,8069.806071627949,70.62177144549787,5.747214473103668,93.2,100.0,80715.0,426.355,vllm_memory_search,results_vllm2/result_batch48_input128_mem085_106457_1.csv,0.85,2675.888697380547,1.471286905114539,80715.0,70.62177144549787,5.747214473103668,5.747214473103668
2026-08-24 16:35:39,vllm,Qwen/Qwen2.5-7B-Instruct,1,48,128,256,1,2.2729454170912504,6096,12288,18384.0,21.11797302261085,5406.201093788379,8088.183667659957,70.46130792982876,5.734155918768617,93.2,100.0,80717.0,414.528,vllm_memory_search,results_vllm2/result_batch48_input128_mem085_106457_1.csv,0.85,2681.9825738715786,1.467943915204766,80717.0,70.46130792982876,5.734155918768617,5.734155918768617
2026-08-24 16:35:42,vllm,Qwen/Qwen2.5-7B-Instruct,1,48,128,256,2,2.2830245718359947,6096,12288,18384.0,21.024740860059463,5382.333660175223,8052.475749402774,70.77376172691584,5.759583473870104,91.2,100.0,80717.0,414.412,vllm_memory_search,results_vllm2/result_batch48_input128_mem085_106457_1.csv,0.85,2670.142089227552,1.4744533693107469,80717.0,70.77376172691584,5.759583473870104,5.759583473870104
2026-08-24 17:01:55,vllm,Qwen/Qwen2.5-7B-Instruct,1,48,128,256,0,2.2865125834941864,6096,12288,18384.0,20.99266819981708,5374.123059153172,8040.191920529941,70.88189008831978,5.768382982447899,95.2,100.0,85569.0,423.515,vllm_memory_search,results_vllm2/result_batch48_input128_mem090_106457_16.csv,0.9,2666.068861376769,1.476706043506662,85568.8,70.88189008831978,5.768382982447899,5.768382982447899
2026-08-24 17:01:58,vllm,Qwen/Qwen2.5-7B-Instruct,1,48,128,256,1,2.272282032296061,6096,12288,18384.0,21.124138341004123,5407.779415297056,8090.544984604578,70.4407430011779,5.73248234059065,93.4,100.0,85569.0,417.388,vllm_memory_search,results_vllm2/result_batch48_input128_mem090_106457_16.csv,0.9,2682.7655693075235,1.4675154791912064,85569.0,70.44074300117789,5.732482340590649,5.732482340590649
2026-08-24 17:02:00,vllm,Qwen/Qwen2.5-7B-Instruct,1,48,128,256,2,2.275156868621707,6096,12288,18384.0,21.09744636161218,5400.946268572719,8080.321956497466,70.52986292727292,5.739734938742913,91.1,100.0,85571.0,416.76,vllm_memory_search,results_vllm2/result_batch48_input128_mem090_106457_16.csv,0.9,2679.375687924747,1.4693721443181855,85571.0,70.52986292727292,5.739734938742913,5.739734938742913
2026-08-24 17:28:31,vllm,Qwen/Qwen2.5-7B-Instruct,1,48,128,256,0,2.313080664724112,6096,12288,18384.0,20.751546079663036,5312.395796393736,7947.842148510942,71.70550060644746,5.8354085779986535,93.3,100.0,90371.0,419.079,vllm_memory_search,results_vllm2/result_batch48_input128_mem095_106457_31.csv,0.95,2635.446352117205,1.4938645959676553,90371.0,71.70550060644747,5.835408577998655,5.835408577998655
2026-08-24 17:28:33,vllm,Qwen/Qwen2.5-7B-Instruct,1,48,128,256,1,2.297305764630437,6096,12288,18384.0,20.89404063621529,5348.874402871115,8002.417563670459,71.21647870354354,5.7956118736607705,99.6,100.0,90373.0,405.917,vllm_memory_search,results_vllm2/result_batch48_input128_mem095_106457_31.csv,0.95,2653.5431607993423,1.4836766396571572,90373.0,71.21647870354354,5.7956118736607705,5.7956118736607705
2026-08-24 17:28:36,vllm,Qwen/Qwen2.5-7B-Instruct,1,48,128,256,2,2.265907997265458,6096,12288,18384.0,21.18356087622593,5422.991584313837,8113.30381559453,70.2431479152292,5.716402011330501,96.8,100.0,90373.0,414.582,vllm_memory_search,results_vllm2/result_batch48_input128_mem095_106457_31.csv,0.95,2690.3122312806927,1.4633989149006084,90373.0,70.2431479152292,5.716402011330501,5.716402011330501
2026-08-24 16:53:33,vllm,Qwen/Qwen2.5-7B-Instruct,1,48,2048,256,0,3.191311538219452,98256,12288,110544.0,15.040838045783817,3850.4545397206566,34639.050019440125,98.930657684803,8.050997532942953,96.85714285714286,100.0,82763.0,459.5964285714286,vllm_memory_search,results_vllm2/result_batch48_input2048_mem085_106457_11.csv,0.85,30788.595479719468,2.061055368433396,82763.0,98.93065768480301,8.050997532942953,8.050997532942953
2026-08-24 16:53:37,vllm,Qwen/Qwen2.5-7B-Instruct,1,48,2048,256,1,3.1575916223227978,98256,12288,110544.0,15.20145913127616,3891.573537606697,35008.960379329,97.88534029200672,7.965929385742735,86.35714285714286,100.0,82763.0,430.9678571428572,vllm_memory_search,results_vllm2/result_batch48_input2048_mem085_106457_11.csv,0.85,31117.386841722306,2.03927792275014,82763.0,97.88534029200673,7.965929385742735,7.965929385742735
2026-08-24 16:53:40,vllm,Qwen/Qwen2.5-7B-Instruct,1,48,2048,256,2,3.0144330579787493,98256,12288,110544.0,15.92339225213552,4076.388416546693,36671.5723566681,93.44742479734124,7.604770898221129,92.3076923076923,100.0,82763.0,450.6815384615385,vllm_memory_search,results_vllm2/result_batch48_input2048_mem085_106457_11.csv,0.85,32595.18394012141,1.946821349944609,82763.0,93.44742479734123,7.604770898221129,7.604770898221129
2026-08-24 17:19:48,vllm,Qwen/Qwen2.5-7B-Instruct,1,48,2048,256,0,3.095913350582123,98256,12288,110544.0,15.504309896455789,3969.1033334926815,35706.425691537675,95.9733138680458,7.810328277021957,95.57142857142856,100.0,87523.0,453.9614285714286,vllm_memory_search,results_vllm2/result_batch48_input2048_mem090_106457_26.csv,0.9,31737.322358045,1.999444038917621,87523.0,95.9733138680458,7.810328277021957,7.810328277021957
2026-08-24 17:19:51,vllm,Qwen/Qwen2.5-7B-Instruct,1,48,2048,256,1,3.120585013180971,98256,12288,110544.0,15.3817312450242,3937.7231987261953,35424.12705729073,96.7381354086101,7.872569613330901,97.21428571428572,100.0,87523.0,439.20214285714286,vllm_memory_search,results_vllm2/result_batch48_input2048_mem090_106457_26.csv,0.9,31486.40385856454,2.0153778210127107,87523.0,96.7381354086101,7.872569613330901,7.872569613330901
2026-08-24 17:19:54,vllm,Qwen/Qwen2.5-7B-Instruct,1,48,2048,256,2,3.104260252788663,98256,12288,110544.0,15.462621072727378,3958.430994618209,35610.41633049116,96.23206783644856,7.831385728877649,91.21428571428572,100.0,87523.0,440.5635714285714,vllm_memory_search,results_vllm2/result_batch48_input2048_mem090_106457_26.csv,0.9,31651.985335872945,2.004834746592678,87523.0,96.23206783644855,7.831385728877649,7.831385728877649
2026-08-24 17:45:29,vllm,Qwen/Qwen2.5-7B-Instruct,1,48,2048,256,0,3.1247908901423216,98256,12288,110544.0,15.36102788555358,3932.4231387017167,35376.4472204299,96.86851759441195,7.883180142774412,94.71428571428572,100.0,92283.0,458.53,vllm_memory_search,results_vllm2/result_batch48_input2048_mem095_106457_41.csv,0.95,31444.02408172818,2.018094116550249,92283.0,96.86851759441197,7.883180142774412,7.883180142774412
2026-08-24 17:45:33,vllm,Qwen/Qwen2.5-7B-Instruct,1,48,2048,256,1,3.1386769358068705,98256,12288,110544.0,15.293068060749768,3915.025423551941,35219.93574390672,97.29898501001298,7.918211670736733,99.42857142857144,100.0,92283.0,444.58214285714286,vllm_memory_search,results_vllm2/result_batch48_input2048_mem095_106457_41.csv,0.95,31304.91032035477,2.027062187708604,92283.0,97.29898501001298,7.918211670736733,7.918211670736733
2026-08-24 17:45:36,vllm,Qwen/Qwen2.5-7B-Instruct,1,48,2048,256,2,3.325004875659942,98256,12288,110544.0,14.436069057033494,3695.6336786005754,33246.26703834814,103.07515114545822,8.388277274207212,88.42857142857143,100.0,92283.0,433.62642857142856,vllm_memory_search,results_vllm2/result_batch48_input2048_mem095_106457_41.csv,0.95,29550.633359747564,2.1473989821970463,92283.0,103.07515114545821,8.38827727420721,8.38827727420721
2026-08-24 16:45:12,vllm,Qwen/Qwen2.5-7B-Instruct,1,48,512,256,0,2.473110670223832,24528,12288,36816.0,19.40875536946986,4968.641374584284,14886.51536838338,76.6664307769388,6.2391301088003575,97.0,100.0,82769.0,434.8263636363636,vllm_memory_search,results_vllm2/result_batch48_input512_mem085_106457_6.csv,0.85,9917.873993799098,1.5972173078528915,82768.63636363637,76.6664307769388,6.2391301088003575,6.2391301088003575
2026-08-24 16:45:15,vllm,Qwen/Qwen2.5-7B-Instruct,1,48,512,256,1,2.422171127051115,24528,12288,36816.0,19.816931786499268,5073.134537343813,15199.586680244938,75.08730493858457,6.110620519090541,99.0909090909091,100.0,82769.0,416.26454545454544,vllm_memory_search,results_vllm2/result_batch48_input512_mem085_106457_6.csv,0.85,10126.452142901126,1.5643188528871783,82769.0,75.08730493858457,6.110620519090541,6.110620519090541
2026-08-24 16:45:17,vllm,Qwen/Qwen2.5-7B-Instruct,1,48,512,256,2,2.4088955633342266,24528,12288,36816.0,19.92614405149293,5101.092877182189,15283.352487495074,74.67576246336102,6.077129106718833,93.0909090909091,100.0,82769.0,417.9236363636364,vllm_memory_search,results_vllm2/result_batch48_input512_mem085_106457_6.csv,0.85,10182.259610312884,1.5557450513200213,82769.0,74.67576246336102,6.077129106718833,6.077129106718833
2026-08-24 17:09:49,vllm,Qwen/Qwen2.5-7B-Instruct,1,48,512,256,0,2.4506125040352345,24528,12288,36816.0,19.58693996744165,5014.256631665063,15023.182955027749,75.96898762509227,6.182372039802431,94.54545454545456,100.0,87453.0,433.1936363636364,vllm_memory_search,results_vllm2/result_batch48_input512_mem090_106457_21.csv,0.9,10008.926323362684,1.5826872421894222,87452.81818181818,75.96898762509227,6.182372039802431,6.182372039802431
2026-08-24 17:09:52,vllm,Qwen/Qwen2.5-7B-Instruct,1,48,512,256,1,2.434910539537668,24528,12288,36816.0,19.713249920514148,5046.591979651622,15120.062689034352,75.48222672566772,6.14275933639874,87.0,100.0,87453.0,414.0109090909091,vllm_memory_search,results_vllm2/result_batch48_input512_mem090_106457_21.csv,0.9,10073.47070938273,1.5725463901180774,87453.0,75.4822267256677,6.142759336398739,6.142759336398739
2026-08-24 17:09:55,vllm,Qwen/Qwen2.5-7B-Instruct,1,48,512,256,2,2.440078316256404,24528,12288,36816.0,19.67149975482842,5035.903937236076,15088.0403119534,75.64242780394852,6.155796533524456,97.54545454545456,100.0,87453.0,421.8781818181818,vllm_memory_search,results_vllm2/result_batch48_input512_mem090_106457_21.csv,0.9,10052.136374717324,1.5758839125822608,87453.0,75.64242780394852,6.155796533524456,6.155796533524456
2026-08-24 17:36:45,vllm,Qwen/Qwen2.5-7B-Instruct,1,48,512,256,0,2.4568774700164795,24528,12288,36816.0,19.53699384107993,5001.470423316462,14984.874276108309,76.16320157051086,6.198177211141835,95.0909090909091,100.0,92285.0,427.52272727272725,vllm_memory_search,results_vllm2/result_batch48_input512_mem095_106457_36.csv,0.95,9983.403852791844,1.5867333660523095,92285.0,76.16320157051086,6.198177211141835,6.198177211141835
2026-08-24 17:36:48,vllm,Qwen/Qwen2.5-7B-Instruct,1,48,512,256,1,2.458209410309792,24528,12288,36816.0,19.52640804265365,4998.760458919334,14976.75496871535,76.20449171960354,6.201537412077111,85.72727272727273,100.0,92289.0,407.14181818181817,vllm_memory_search,results_vllm2/result_batch48_input512_mem095_106457_36.csv,0.95,9977.994509796015,1.5875935774917405,92288.63636363635,76.20449171960355,6.201537412077112,6.201537412077112
2026-08-24 17:36:51,vllm,Qwen/Qwen2.5-7B-Instruct,1,48,512,256,2,2.4937116019427776,24528,12288,36816.0,19.248416682428157,4927.594670701607,14763.535595422394,77.3050596602261,6.291101860369963,90.1818181818182,100.0,92289.0,407.64454545454544,vllm_memory_search,results_vllm2/result_batch48_input512_mem095_106457_36.csv,0.95,9835.940924720788,1.6105220762547106,92289.0,77.3050596602261,6.291101860369963,6.291101860369963
2026-08-24 16:37:44,vllm,Qwen/Qwen2.5-7B-Instruct,1,64,128,256,0,2.3090415354818106,8128,16384,24512.0,27.7171280882332,7095.584790587698,10615.660057793317,71.58028759993613,4.368914038082039,100.0,100.0,81177.0,466.79,vllm_memory_search,results_vllm2/result_batch64_input128_mem085_106457_2.csv,0.85,3520.075267205616,1.118441993749002,81177.0,71.58028759993613,4.368914038082039,4.368914038082039
2026-08-24 16:37:46,vllm,Qwen/Qwen2.5-7B-Instruct,1,64,128,256,1,2.3377178218215704,8128,16384,24512.0,27.37712798464728,7008.544764069704,10485.440018119907,72.46925247646868,4.4231721482219655,98.9,100.0,81179.0,450.264,vllm_memory_search,results_vllm2/result_batch64_input128_mem085_106457_2.csv,0.85,3476.8952540502046,1.1323320699448232,81179.0,72.46925247646868,4.4231721482219655,4.4231721482219655
2026-08-24 16:37:48,vllm,Qwen/Qwen2.5-7B-Instruct,1,64,128,256,2,2.323921162635088,8128,16384,24512.0,27.539660565520464,7050.153104773239,10547.689996594338,72.04155604168773,4.397067629497542,99.9,100.0,81179.0,456.111,vllm_memory_search,results_vllm2/result_batch64_input128_mem085_106457_2.csv,0.85,3497.536891821099,1.1256493131513707,81179.0,72.04155604168773,4.397067629497542,4.397067629497542
2026-08-24 17:03:33,vllm,Qwen/Qwen2.5-7B-Instruct,1,64,128,256,0,2.324301928281784,8128,16384,24512.0,27.535149036042547,7048.998153226892,10545.962080804296,72.0533597767353,4.3977880723105045,100.0,100.0,86005.0,459.343,vllm_memory_search,results_vllm2/result_batch64_input128_mem090_106457_17.csv,0.9,3496.9639275774034,1.1258337465114892,86005.0,72.0533597767353,4.3977880723105045,4.3977880723105045
2026-08-24 17:03:35,vllm,Qwen/Qwen2.5-7B-Instruct,1,64,128,256,1,2.3087040167301893,8128,16384,24512.0,27.72118016697654,7096.622122745995,10617.212003952016,71.56982451863587,4.368275422280021,92.5,100.0,86005.0,457.477,vllm_memory_search,results_vllm2/result_batch64_input128_mem090_106457_17.csv,0.9,3520.589881206021,1.1182785081036857,86005.0,71.56982451863587,4.368275422280021,4.368275422280021
2026-08-24 17:03:37,vllm,Qwen/Qwen2.5-7B-Instruct,1,64,128,256,2,2.320301765576005,8128,16384,24512.0,27.58261918751429,7061.150512003658,10564.143148817971,71.92935473285615,4.390219405081552,95.1,100.0,86005.0,459.326,vllm_memory_search,results_vllm2/result_batch64_input128_mem090_106457_17.csv,0.9,3502.9926368143147,1.1238961677008774,86005.0,71.92935473285615,4.390219405081552,4.390219405081552
2026-08-24 17:30:05,vllm,Qwen/Qwen2.5-7B-Instruct,1,64,128,256,0,2.308685891330242,8128,16384,24512.0,27.72139780484552,7096.677838040453,10617.295359255835,71.5692626312375,4.368241127394867,93.0,100.0,90811.0,462.053,vllm_memory_search,results_vllm2/result_batch64_input128_mem095_106457_32.csv,0.95,3520.617521215381,1.118269728613086,90811.0,71.5692626312375,4.368241127394867,4.368241127394867
2026-08-24 17:30:08,vllm,Qwen/Qwen2.5-7B-Instruct,1,64,128,256,1,2.30523076094687,8128,16384,24512.0,27.762947243386645,7107.314494306981,10633.208794217086,71.46215358935297,4.361703710287657,98.63636363636364,100.0,90811.0,463.9490909090909,vllm_memory_search,results_vllm2/result_batch64_input128_mem095_106457_32.csv,0.95,3525.894299910104,1.11659614983364,90811.0,71.46215358935297,4.361703710287657,4.361703710287657
2026-08-24 17:30:10,vllm,Qwen/Qwen2.5-7B-Instruct,1,64,128,256,2,2.299121545627713,8128,16384,24512.0,27.836718820590463,7126.200018071158,10661.463308286147,71.27276791445911,4.350144526028998,85.5,100.0,90813.0,428.369,vllm_memory_search,results_vllm2/result_batch64_input128_mem095_106457_32.csv,0.95,3535.263290214989,1.1136369986634236,90813.0,71.27276791445911,4.350144526028998,4.350144526028998
2026-08-24 16:55:13,vllm,Qwen/Qwen2.5-7B-Instruct,1,64,2048,256,0,3.3356871511787176,131008,16384,147392.0,19.186451576366984,4911.731603549948,44186.39798037316,103.40630168654025,6.311419780672622,98.66666666666669,100.0,82849.0,499.21,vllm_memory_search,results_vllm2/result_batch64_input2048_mem085_106457_12.csv,0.85,39274.66637682322,1.6157234638521911,82849.0,103.40630168654025,6.311419780672622,6.311419780672622
2026-08-24 16:55:16,vllm,Qwen/Qwen2.5-7B-Instruct,1,64,2048,256,1,3.364900650456548,131008,16384,147392.0,19.01987804344729,4869.088779122507,43802.77913405912,104.31192016415298,6.366694345956603,93.33333333333331,100.0,82849.0,475.172,vllm_memory_search,results_vllm2/result_batch64_input2048_mem085_106457_12.csv,0.85,38933.6903549366,1.6298737525648903,82849.0,104.311920164153,6.366694345956604,6.366694345956604
2026-08-24 16:55:20,vllm,Qwen/Qwen2.5-7B-Instruct,1,64,2048,256,2,3.3751751575618982,131008,16384,147392.0,18.96197886400397,4854.266589185017,43669.437323801154,104.63042988441885,6.386134636500174,96.66666666666669,100.0,82849.0,485.4906666666666,vllm_memory_search,results_vllm2/result_batch64_input2048_mem085_106457_12.csv,0.85,38815.170734616135,1.6348504669440445,82849.0,104.63042988441885,6.386134636500174,6.386134636500174
2026-08-24 17:21:33,vllm,Qwen/Qwen2.5-7B-Instruct,1,64,2048,256,0,3.4197550285607576,131008,16384,147392.0,18.714790815567603,4790.9864487853065,43100.1632482522,106.01240588538349,6.470483757652801,98.6,100.0,87609.0,488.886,vllm_memory_search,results_vllm2/result_batch64_input2048_mem090_106457_27.csv,0.9,38309.17679946688,1.656443841959117,87609.0,106.01240588538349,6.470483757652801,6.470483757652801
2026-08-24 17:21:36,vllm,Qwen/Qwen2.5-7B-Instruct,1,64,2048,256,1,3.435637779533863,131008,16384,147392.0,18.628273440596328,4768.83800079266,42900.91373369334,106.50477116554976,6.500535349459824,92.93333333333334,100.0,87609.0,469.296,vllm_memory_search,results_vllm2/result_batch64_input2048_mem090_106457_27.csv,0.9,38132.07573290068,1.664137049461715,87609.0,106.50477116554976,6.500535349459824,6.500535349459824
2026-08-24 17:21:40,vllm,Qwen/Qwen2.5-7B-Instruct,1,64,2048,256,2,3.565523535013199,131008,16384,147392.0,17.94967818092472,4595.117614316729,41338.10885066963,110.53122958540916,6.746290868250071,93.86666666666666,100.0,87609.0,464.542,vllm_memory_search,results_vllm2/result_batch64_input2048_mem090_106457_27.csv,0.9,36742.99123635291,1.7270504622720182,87609.0,110.53122958540916,6.746290868250071,6.746290868250071
2026-08-24 17:47:18,vllm,Qwen/Qwen2.5-7B-Instruct,1,64,2048,256,0,3.307677401229739,131008,16384,147392.0,19.34892440726108,4953.3246482588365,44560.572909922266,102.53799943812191,6.258422817268183,98.26666666666668,100.0,92369.0,496.38,vllm_memory_search,results_vllm2/result_batch64_input2048_mem095_106457_42.csv,0.95,39607.24826166343,1.602156241220655,92369.0,102.53799943812191,6.258422817268183,6.258422817268183
2026-08-24 17:47:21,vllm,Qwen/Qwen2.5-7B-Instruct,1,64,2048,256,1,3.3190811201930046,131008,16384,147392.0,19.282445255896125,4936.305985509408,44407.47142432877,102.89151472598314,6.279999678099557,100.0,100.0,92369.0,479.896,vllm_memory_search,results_vllm2/result_batch64_input2048_mem095_106457_42.csv,0.95,39471.16543881937,1.6076799175934866,92369.0,102.89151472598314,6.279999678099557,6.279999678099557
2026-08-24 17:47:25,vllm,Qwen/Qwen2.5-7B-Instruct,1,64,2048,256,2,3.3243562951684,131008,16384,147392.0,19.251847370577345,4928.4729268678,44337.00449443962,103.0550451502204,6.2899807830945065,93.33333333333331,100.0,92369.0,474.09133333333335,vllm_memory_search,results_vllm2/result_batch64_input2048_mem095_106457_42.csv,0.95,39408.53156757182,1.6102350804721937,92369.0,103.0550451502204,6.2899807830945065,6.2899807830945065
2026-08-24 16:46:55,vllm,Qwen/Qwen2.5-7B-Instruct,1,64,512,256,0,2.6082648877054453,32704,16384,49088.0,24.53738510289972,6281.570586342328,18820.174373924085,80.8562115188688,4.935071503837207,93.0,100.0,82741.0,454.2,vllm_memory_search,results_vllm2/result_batch64_input512_mem085_106457_7.csv,0.85,12538.603787581756,1.263378304982325,82740.81818181818,80.8562115188688,4.935071503837207,4.935071503837207
2026-08-24 16:46:57,vllm,Qwen/Qwen2.5-7B-Instruct,1,64,512,256,1,2.629045544192195,32704,16384,49088.0,24.343435259758785,6231.919426498249,18671.414844234987,81.50041186995804,4.974390372922244,95.0,100.0,82741.0,445.9045454545454,vllm_memory_search,results_vllm2/result_batch64_input512_mem085_106457_7.csv,0.85,12439.495417736738,1.2734439354680944,82741.0,81.50041186995804,4.974390372922244,4.974390372922244
2026-08-24 16:47:00,vllm,Qwen/Qwen2.5-7B-Instruct,1,64,512,256,2,2.6246034763753414,32704,16384,49088.0,24.384635841596147,6242.466775448614,18703.01569050425,81.36270776763558,4.965985581520727,92.8181818181818,100.0,82741.0,446.00545454545454,vllm_memory_search,results_vllm2/result_batch64_input512_mem085_106457_7.csv,0.85,12460.548915055631,1.271292308869306,82741.0,81.36270776763558,4.9659855815207266,4.9659855815207266
2026-08-24 17:11:26,vllm,Qwen/Qwen2.5-7B-Instruct,1,64,512,256,0,2.5604783333837986,32704,16384,49088.0,24.995329648199306,6398.804389939021,19171.417840168862,79.37482833489776,4.844655049737412,95.08333333333331,100.0,87501.0,467.3325,vllm_memory_search,results_vllm2/result_batch64_input512_mem090_106457_22.csv,0.9,12772.613450229845,1.2402316927327774,87500.83333333333,79.37482833489776,4.844655049737412,4.844655049737412
2026-08-24 17:11:29,vllm,Qwen/Qwen2.5-7B-Instruct,1,64,512,256,1,2.5388270001858477,32704,16384,49088.0,25.208491951328337,6453.373939540054,19334.91332666884,78.70363700576127,4.803688782089921,86.0,100.0,87501.0,443.3690909090909,vllm_memory_search,results_vllm2/result_batch64_input512_mem090_106457_22.csv,0.9,12881.539387128782,1.2297443282150198,87501.0,78.70363700576128,4.803688782089922,4.803688782089922
2026-08-24 17:11:31,vllm,Qwen/Qwen2.5-7B-Instruct,1,64,512,256,2,2.5506304800510406,32704,16384,49088.0,25.091835332697546,6423.509845170572,19245.437700179016,79.06954488158226,4.826022026463761,97.36363636363636,100.0,87501.0,471.12,vllm_memory_search,results_vllm2/result_batch64_input512_mem090_106457_22.csv,0.9,12821.927855008444,1.2354616387747228,87501.0,79.06954488158226,4.826022026463761,4.826022026463761
2026-08-24 17:38:30,vllm,Qwen/Qwen2.5-7B-Instruct,1,64,512,256,0,2.561653781682253,32704,16384,49088.0,24.98386021469725,6395.8682149624965,19162.620784672792,79.41126723214984,4.8468791035247705,94.0909090909091,100.0,92261.0,459.6236363636364,vllm_memory_search,results_vllm2/result_batch64_input512_mem095_106457_37.csv,0.95,12766.752569710296,1.2408010505023412,92260.81818181818,79.41126723214984,4.8468791035247705,4.8468791035247705
2026-08-24 17:38:32,vllm,Qwen/Qwen2.5-7B-Instruct,1,64,512,256,1,2.569928539916873,32704,16384,49088.0,24.90341618684469,6375.274543832241,19100.92021530988,79.66778473742306,4.862535689539982,94.54545454545456,100.0,92261.0,463.1763636363637,vllm_memory_search,results_vllm2/result_batch64_input512_mem095_106457_37.csv,0.95,12725.645671477638,1.2448091365222351,92261.0,79.66778473742306,4.862535689539982,4.862535689539982
2026-08-24 17:38:35,vllm,Qwen/Qwen2.5-7B-Instruct,1,64,512,256,2,2.5655501652508974,32704,16384,49088.0,24.94591642246884,6386.154604152022,19133.5178960336,79.53205512277782,4.854251411302357,95.0,100.0,92261.0,461.47545454545457,vllm_memory_search,results_vllm2/result_batch64_input512_mem095_106457_37.csv,0.95,12747.363291881577,1.2426883612934034,92261.0,79.53205512277782,4.854251411302357,4.854251411302357
2026-08-24 16:39:57,vllm,Qwen/Qwen2.5-7B-Instruct,1,96,128,256,0,2.561986112967133,12192,24576,36768.0,37.47092910227322,9592.557850181944,14351.365846170642,79.42156950198114,3.231671936115769,98.8181818181818,100.0,82025.0,482.7054545454545,vllm_memory_search,results_vllm2/result_batch96_input128_mem085_106457_3.csv,0.85,4758.807995988698,0.8273080156456368,82025.0,79.42156950198112,3.2316719361157684,3.2316719361157684
2026-08-24 16:40:00,vllm,Qwen/Qwen2.5-7B-Instruct,1,96,128,256,1,2.5010123755782843,12192,24576,36768.0,38.3844562055807,9826.42078862866,14701.246726737409,77.53138364292681,3.1547600766164883,88.0909090909091,100.0,82025.0,476.15363636363634,vllm_memory_search,results_vllm2/result_batch96_input128_mem085_106457_3.csv,0.85,4874.825938108749,0.807618579613821,82025.0,77.53138364292681,3.1547600766164883,3.1547600766164883
2026-08-24 16:40:03,vllm,Qwen/Qwen2.5-7B-Instruct,1,96,128,256,2,2.510009901598096,12192,24576,36768.0,38.24686107368654,9791.196434863754,14648.547791221945,77.81030694954097,3.1661094950171296,85.36363636363636,100.0,82025.0,476.41090909090906,vllm_memory_search,results_vllm2/result_batch96_input128_mem085_106457_3.csv,0.85,4857.351356358191,0.8105240307243852,82025.0,77.81030694954097,3.1661094950171296,3.1661094950171296
2026-08-24 17:05:08,vllm,Qwen/Qwen2.5-7B-Instruct,1,96,128,256,0,2.4864655137062077,12192,24576,36768.0,38.60902130788332,9883.90945481813,14787.25516091931,77.08043092489243,3.1364107635454275,95.54545454545456,100.0,86827.0,490.0809090909091,vllm_memory_search,results_vllm2/result_batch96_input128_mem090_106457_18.csv,0.9,4903.345706101181,0.8029211554676294,86827.0,77.08043092489244,3.136410763545428,3.136410763545428
2026-08-24 17:05:10,vllm,Qwen/Qwen2.5-7B-Instruct,1,96,128,256,1,2.496130159124732,12192,24576,36768.0,38.45953290899798,9845.640424703482,14730.001104146228,77.38003493286669,3.148601681838651,96.72727272727272,100.0,86827.0,483.0990909090909,vllm_memory_search,results_vllm2/result_batch96_input128_mem090_106457_18.csv,0.9,4884.360679442743,0.8060420305506947,86827.0,77.38003493286669,3.148601681838651,3.148601681838651
2026-08-24 17:05:13,vllm,Qwen/Qwen2.5-7B-Instruct,1,96,128,256,2,2.486149627715349,12192,24576,36768.0,38.61392690520375,9885.16528773216,14789.134004693036,77.07063845917583,3.1360123070953705,92.45454545454544,100.0,86827.0,482.04545454545456,vllm_memory_search,results_vllm2/result_batch96_input128_mem090_106457_18.csv,0.9,4903.968716960876,0.8028191506164148,86827.0,77.07063845917583,3.1360123070953705,3.1360123070953705
2026-08-24 17:31:45,vllm,Qwen/Qwen2.5-7B-Instruct,1,96,128,256,0,2.511971179395914,12192,24576,36768.0,38.21699897969624,9783.551738802236,14637.11060922366,77.87110656127334,3.168583437551812,94.54545454545456,100.0,91505.0,486.2518181818182,vllm_memory_search,results_vllm2/result_batch96_input128_mem095_106457_33.csv,0.95,4853.558870421422,0.8111573600132639,91505.0,77.87110656127334,3.168583437551812,3.168583437551812
2026-08-24 17:31:48,vllm,Qwen/Qwen2.5-7B-Instruct,1,96,128,256,1,2.500375814735889,12192,24576,36768.0,38.394228353284696,9828.922458440882,14704.989459308035,77.51165025681257,3.153957123079939,94.0,100.0,91505.0,479.9536363636364,vllm_memory_search,results_vllm2/result_batch96_input128_mem095_106457_33.csv,0.95,4876.067000867156,0.8074130235084643,91505.0,77.51165025681256,3.153957123079938,3.153957123079938
2026-08-24 17:31:51,vllm,Qwen/Qwen2.5-7B-Instruct,1,96,128,256,2,2.496428096666932,12192,24576,36768.0,38.45494293553775,9844.465391497664,14728.24314431096,77.3892709966749,3.148977498237097,92.0909090909091,100.0,91505.0,472.7009090909091,vllm_memory_search,results_vllm2/result_batch96_input128_mem095_106457_33.csv,0.95,4883.777752813295,0.8061382395486968,91505.0,77.3892709966749,3.148977498237097,3.148977498237097
2026-08-24 16:56:55,vllm,Qwen/Qwen2.5-7B-Instruct,1,96,2048,256,0,3.98621022887528,196512,24576,221088.0,24.08302485016869,6165.254361643186,55463.20622993851,123.57251709513366,5.028178592738186,99.88235294117646,100.0,82945.0,530.785294117647,vllm_memory_search,results_vllm2/result_batch96_input2048_mem085_106457_13.csv,0.85,49297.95186829532,1.2872137197409756,82945.0,123.57251709513368,5.028178592738187,5.028178592738187
2026-08-24 16:56:59,vllm,Qwen/Qwen2.5-7B-Instruct,1,96,2048,256,1,3.942108130082488,196512,24576,221088.0,24.352452249449385,6234.227775859043,56083.697530481935,122.20535203255712,4.97254850392892,99.52941176470588,100.0,82945.0,527.8576470588235,vllm_memory_search,results_vllm2/result_batch96_input2048_mem085_106457_13.csv,0.85,49849.46975462289,1.2729724170058034,82945.0,122.20535203255713,4.97254850392892,4.97254850392892
2026-08-24 16:57:03,vllm,Qwen/Qwen2.5-7B-Instruct,1,96,2048,256,2,3.955048523843288,196512,24576,221088.0,24.27277425833267,6213.830210133164,55900.199116940144,122.60650423914194,4.988871429001544,100.0,100.0,82945.0,527.6972222222222,vllm_memory_search,results_vllm2/result_batch96_input2048_mem085_106457_13.csv,0.85,49686.36890680698,1.2771510858243953,82945.0,122.60650423914193,4.988871429001543,4.988871429001543
2026-08-24 17:23:19,vllm,Qwen/Qwen2.5-7B-Instruct,1,96,2048,256,0,4.0100293923169374,196512,24576,221088.0,23.93997415179358,6128.633382859157,55133.760471580616,124.31091116182506,5.058223924227908,98.61111111111111,100.0,87705.0,526.2072222222222,vllm_memory_search,results_vllm2/result_batch96_input2048_mem090_106457_28.csv,0.9,49005.127088721456,1.2949053246023443,87705.0,124.31091116182506,5.0582239242279075,5.0582239242279075
2026-08-24 17:23:23,vllm,Qwen/Qwen2.5-7B-Instruct,1,96,2048,256,1,3.985935004428029,196512,24576,221088.0,24.08468775666244,6165.680065705585,55467.0359035936,123.5639851372689,5.027831426483924,94.27777777777776,100.0,87705.0,505.0338888888889,vllm_memory_search,results_vllm2/result_batch96_input2048_mem090_106457_28.csv,0.9,49301.35583788801,1.2871248451798845,87705.0,123.5639851372689,5.027831426483924,5.027831426483924
2026-08-24 17:23:27,vllm,Qwen/Qwen2.5-7B-Instruct,1,96,2048,256,2,3.983726838603616,196512,24576,221088.0,24.09803781467359,6169.097680556439,55497.78108719328,123.49553199671207,5.025046061064131,94.61111111111111,100.0,87705.0,504.18888888888887,vllm_memory_search,results_vllm2/result_batch96_input2048_mem090_106457_28.csv,0.9,49328.68340663684,1.2864117916324176,87705.0,123.4955319967121,5.025046061064132,5.025046061064132
2026-08-24 17:49:11,vllm,Qwen/Qwen2.5-7B-Instruct,1,96,2048,256,0,4.135946294292808,196512,24576,221088.0,23.21113311661479,5942.050077853386,53455.239567563855,128.21433512307703,5.2170546518179135,97.22222222222224,100.0,92465.0,516.2783333333333,vllm_memory_search,results_vllm2/result_batch96_input2048_mem095_106457_43.csv,0.95,47513.18948971047,1.335565990865386,92465.0,128.21433512307703,5.2170546518179135,5.2170546518179135
2026-08-24 17:49:15,vllm,Qwen/Qwen2.5-7B-Instruct,1,96,2048,256,1,3.998952753841877,196512,24576,221088.0,24.006285122466327,6145.60899135138,55286.47463703995,123.9675353690982,5.04425192745354,93.55555555555556,100.0,92465.0,505.3333333333333,vllm_memory_search,results_vllm2/result_batch96_input2048_mem095_106457_43.csv,0.95,49140.86564568857,1.2913284934281062,92465.0,123.96753536909819,5.04425192745354,5.04425192745354
2026-08-24 17:49:19,vllm,Qwen/Qwen2.5-7B-Instruct,1,96,2048,256,2,3.949802588671446,196512,24576,221088.0,24.30501217335283,6222.083116378324,55974.44303523156,122.44388024881482,4.982254241895134,93.05882352941175,100.0,92465.0,506.5558823529412,vllm_memory_search,results_vllm2/result_batch96_input2048_mem095_106457_43.csv,0.95,49752.35991885324,1.2754570859251544,92465.0,122.44388024881482,4.982254241895134,4.982254241895134
2026-08-24 16:48:34,vllm,Qwen/Qwen2.5-7B-Instruct,1,96,512,256,0,2.858210416510701,49056,24576,73632.0,33.587450191017304,8598.38724890043,25761.574296510276,88.60452291183174,3.605327266920237,94.46153846153848,100.0,82909.0,493.76384615384615,vllm_memory_search,results_vllm2/result_batch96_input512_mem085_106457_8.csv,0.85,17163.18704760984,0.9229637803315806,82909.0,88.60452291183174,3.6053272669202365,3.6053272669202365
2026-08-24 16:48:37,vllm,Qwen/Qwen2.5-7B-Instruct,1,96,512,256,1,2.8542123902589083,49056,24576,73632.0,33.63449767355672,8610.43140443052,25797.659715618,88.48058409802616,3.6002841836761945,89.25,100.0,82909.0,469.275,vllm_memory_search,results_vllm2/result_batch96_input512_mem085_106457_8.csv,0.85,17187.228311187482,0.9216727510211058,82909.0,88.48058409802616,3.6002841836761945,3.6002841836761945
2026-08-24 16:48:40,vllm,Qwen/Qwen2.5-7B-Instruct,1,96,512,256,2,2.838616594672203,49056,24576,73632.0,33.81929077008227,8657.73843714106,25939.3960206531,87.9971144348383,3.580611752719657,97.5,100.0,82909.0,498.4775,vllm_memory_search,results_vllm2/result_batch96_input512_mem085_106457_8.csv,0.85,17281.65758351204,0.9166366086962322,82909.0,87.9971144348383,3.580611752719657,3.580611752719657
2026-08-24 17:13:05,vllm,Qwen/Qwen2.5-7B-Instruct,1,96,512,256,0,2.8364862352609634,49056,24576,73632.0,33.844690944240654,8664.240881725607,25958.877954232583,87.93107329308987,3.577924531782628,93.3076923076923,100.0,87595.0,484.9492307692308,vllm_memory_search,results_vllm2/result_batch96_input512_mem090_106457_23.csv,0.9,17294.637072506976,0.9159486801363528,87595.0,87.93107329308987,3.577924531782628,3.577924531782628
2026-08-24 17:13:08,vllm,Qwen/Qwen2.5-7B-Instruct,1,96,512,256,1,2.8313144892454147,49056,24576,73632.0,33.9065124572528,8680.067189056717,26006.295054712897,87.77074916660786,3.571400926375645,88.38461538461539,100.0,87595.0,466.5346153846154,vllm_memory_search,results_vllm2/result_batch96_input512_mem090_106457_23.csv,0.9,17326.22786565618,0.9142786371521652,87595.0,87.77074916660786,3.571400926375645,3.571400926375645
2026-08-24 17:13:11,vllm,Qwen/Qwen2.5-7B-Instruct,1,96,512,256,2,2.837493903934956,49056,24576,73632.0,33.8326718048169,8661.163982033126,25949.65927429456,87.96231102198362,3.579195598225245,87.46153846153847,100.0,87595.0,472.5092307692308,vllm_memory_search,results_vllm2/result_batch96_input512_mem090_106457_23.csv,0.9,17288.495292261436,0.9162740731456628,87595.0,87.96231102198364,3.5791955982252457,3.5791955982252457
2026-08-24 17:40:14,vllm,Qwen/Qwen2.5-7B-Instruct,1,96,512,256,0,2.8599198665469885,49056,24576,73632.0,33.567374080277474,8593.247764551033,25746.175919572823,88.65751586295664,3.607483555621608,91.0,100.0,92355.0,483.9033333333333,vllm_memory_search,results_vllm2/result_batch96_input512_mem095_106457_38.csv,0.95,17152.92815502179,0.9235157902391316,92355.0,88.65751586295664,3.607483555621608,3.607483555621608
2026-08-24 17:40:17,vllm,Qwen/Qwen2.5-7B-Instruct,1,96,512,256,1,2.931455148383975,49056,24576,73632.0,32.74824110917132,8383.549723947857,25117.9009307344,90.87510959990324,3.697717675777312,92.6923076923077,100.0,92355.0,489.3161538461538,vllm_memory_search,results_vllm2/result_batch96_input512_mem095_106457_38.csv,0.95,16734.351206786545,0.946615724998992,92355.0,90.87510959990323,3.6977176757773123,3.6977176757773123
2026-08-24 17:40:20,vllm,Qwen/Qwen2.5-7B-Instruct,1,96,512,256,2,2.7861880362033844,49056,24576,73632.0,34.455678781398746,8820.653768038079,26427.50562533284,86.37182912230492,3.5144787240521205,87.53846153846153,100.0,92355.0,477.1115384615385,vllm_memory_search,results_vllm2/result_batch96_input512_mem095_106457_38.csv,0.95,17606.85185729476,0.8997065533573428,92355.0,86.37182912230492,3.5144787240521205,3.5144787240521205
2026-08-24 18:58:59,vllm,Qwen/Qwen2.5-7B-Instruct,1,128,128,256,0,2.4834119603037834,16256,32768,,51.54199224535522,13194.750014810936,,76.98577076941729,2.3494192739690334,92.0,100.0,87193.0,375.56545454545454,batch_search,results_batch/result_batch128_input128_106572_0.csv,0.9,,,87193.0,76.98577076941729,2.3494192739690334,2.3494192739690334
2026-08-24 18:59:01,vllm,Qwen/Qwen2.5-7B-Instruct,1,128,128,256,1,2.4755808394402266,16256,32768,,51.70503744444197,13236.489585777144,,76.74300602264702,2.342010681843476,84.0,100.0,87193.0,356.8472727272727,batch_search,results_batch/result_batch128_input128_106572_0.csv,0.9,,,87193.0,76.74300602264702,2.342010681843476,2.342010681843476
2026-08-24 18:59:04,vllm,Qwen/Qwen2.5-7B-Instruct,1,128,128,256,2,2.463628996163606,16256,32768,,51.95587493056916,13300.703982225705,,76.3724988810718,2.330703701204584,83.6,100.0,87193.0,363.053,batch_search,results_batch/result_batch128_input128_106572_0.csv,0.9,,,87193.0,76.37249888107179,2.3307037012045835,2.3307037012045835
2026-08-24 19:19:54,vllm,Qwen/Qwen2.5-7B-Instruct,1,128,2048,256,0,4.106870489194989,262016,32768,,31.167284270775728,7978.824773318586,,127.31298516504468,3.8852839711012166,99.63157894736842,100.0,87697.0,397.6021052631579,batch_search,results_batch/result_batch128_input2048_106572_10.csv,0.9,,,87697.0,127.31298516504467,3.8852839711012166,3.8852839711012166
2026-08-24 19:19:58,vllm,Qwen/Qwen2.5-7B-Instruct,1,128,2048,256,1,4.130486802197993,262016,32768,,30.989083400989497,7933.205350653311,,128.04509086813778,3.907626064091119,92.84210526315788,100.0,87697.0,385.0810526315789,batch_search,results_batch/result_batch128_input2048_106572_10.csv,0.9,,,87697.0,128.04509086813778,3.9076260640911187,3.9076260640911187
2026-08-24 19:20:02,vllm,Qwen/Qwen2.5-7B-Instruct,1,128,2048,256,2,4.153772361576557,262016,32768,,30.815362243735912,7888.732734396393,,128.76694320887327,3.929655249294228,94.10526315789474,100.0,87697.0,385.0236842105263,batch_search,results_batch/result_batch128_input2048_106572_10.csv,0.9,,,87697.0,128.76694320887327,3.9296552492942283,3.9296552492942283
2026-08-24 19:09:47,vllm,Qwen/Qwen2.5-7B-Instruct,1,128,512,256,0,2.910174014978111,65408,32768,,43.98362412048503,11259.807774844168,,90.21539446432143,2.753155348642622,86.84615384615384,100.0,87661.0,371.2476923076923,batch_search,results_batch/result_batch128_input512_106572_5.csv,0.9,,,87661.0,90.21539446432143,2.753155348642622,2.753155348642622
2026-08-24 19:09:50,vllm,Qwen/Qwen2.5-7B-Instruct,1,128,512,256,1,2.8217592239379883,65408,32768,,45.36177251203094,11612.61376307992,,87.47453594207764,2.6695109845604748,86.75,100.0,87661.0,363.63416666666666,batch_search,results_batch/result_batch128_input512_106572_5.csv,0.9,,,87661.0,87.47453594207764,2.6695109845604748,2.6695109845604748
2026-08-24 19:09:53,vllm,Qwen/Qwen2.5-7B-Instruct,1,128,512,256,2,2.8473564498126507,65408,32768,,44.95397827989611,11508.218439653405,,88.26804994419217,2.6937271101132865,87.15384615384616,100.0,87661.0,378.57307692307694,batch_search,results_batch/result_batch128_input512_106572_5.csv,0.9,,,87661.0,88.26804994419217,2.6937271101132865,2.6937271101132865
2026-08-24 19:01:31,vllm,Qwen/Qwen2.5-7B-Instruct,1,160,128,256,0,2.624598760157824,20320,40960,,60.96169914763612,15606.194981794846,,81.36256156489253,1.986390663205384,98.25,100.0,87725.0,392.54583333333335,batch_search,results_batch/result_batch160_input128_106572_1.csv,0.9,,,87725.0,81.36256156489254,1.9863906632053845,1.9863906632053845
2026-08-24 19:01:34,vllm,Qwen/Qwen2.5-7B-Instruct,1,160,128,256,1,2.622799563221633,20320,40960,,61.00351786068968,15616.900572336555,,81.30678645987064,1.985028966305436,94.41666666666669,100.0,87727.0,384.0133333333333,batch_search,results_batch/result_batch160_input128_106572_1.csv,0.9,,,87726.83333333333,81.30678645987062,1.9850289663054352,1.9850289663054352
2026-08-24 19:01:37,vllm,Qwen/Qwen2.5-7B-Instruct,1,160,128,256,2,2.6438728692010045,20320,40960,,60.51728200091294,15492.424192233711,,81.96005894523114,2.000978001592557,93.41666666666669,100.0,87727.0,379.8625,batch_search,results_batch/result_batch160_input128_106572_1.csv,0.9,,,87727.0,81.96005894523114,2.000978001592557,2.000978001592557
2026-08-24 19:22:07,vllm,Qwen/Qwen2.5-7B-Instruct,1,160,2048,256,0,4.8396034352481365,327520,40960,,33.06056005223008,8463.5033733709,,150.02770649269223,3.662785803044244,99.86363636363636,100.0,87781.0,396.9390909090909,batch_search,results_batch/result_batch160_input2048_106572_11.csv,0.9,,,87781.0,150.02770649269223,3.662785803044244,3.662785803044244
2026-08-24 19:22:12,vllm,Qwen/Qwen2.5-7B-Instruct,1,160,2048,256,1,4.864661380648613,327520,40960,,32.89026460021909,8419.907737656087,,150.804502800107,3.681750556643237,95.45454545454544,100.0,87781.0,390.6386363636364,batch_search,results_batch/result_batch160_input2048_106572_11.csv,0.9,,,87781.0,150.804502800107,3.6817505566432374,3.6817505566432374
2026-08-24 19:22:17,vllm,Qwen/Qwen2.5-7B-Instruct,1,160,2048,256,2,4.918709095567465,327520,40960,,32.528860091397824,8327.388183397843,,152.4799819625914,3.7226558096335793,95.45454545454544,100.0,87781.0,390.7459090909091,batch_search,results_batch/result_batch160_input2048_106572_11.csv,0.9,,,87781.0,152.4799819625914,3.7226558096335793,3.7226558096335793
2026-08-24 19:11:41,vllm,Qwen/Qwen2.5-7B-Instruct,1,160,512,256,0,3.172259395942092,81760,40960,,50.43723732197615,12911.932754425894,,98.34004127420484,2.400879913921017,89.28571428571429,100.0,87745.0,378.36285714285714,batch_search,results_batch/result_batch160_input512_106572_6.csv,0.9,,,87745.0,98.34004127420485,2.400879913921017,2.400879913921017
2026-08-24 19:11:44,vllm,Qwen/Qwen2.5-7B-Instruct,1,160,512,256,1,3.207049763761461,81760,40960,,49.89008957950824,12771.862932354108,,99.41854267660528,2.4272105145655587,90.35714285714286,100.0,87745.0,371.3057142857143,batch_search,results_batch/result_batch160_input512_106572_6.csv,0.9,,,87745.0,99.41854267660528,2.4272105145655587,2.4272105145655587
2026-08-24 19:11:47,vllm,Qwen/Qwen2.5-7B-Instruct,1,160,512,256,2,3.1938640233129263,81760,40960,,50.09605882783809,12824.591059926552,,99.00978472270072,2.4172310723315604,87.57142857142857,100.0,87745.0,375.6071428571429,batch_search,results_batch/result_batch160_input512_106572_6.csv,0.9,,,87745.0,99.00978472270072,2.4172310723315604,2.4172310723315604
2026-08-24 19:03:35,vllm,Qwen/Qwen2.5-7B-Instruct,1,192,128,256,0,3.1385871320962906,24384,49152,,61.17402255191222,15660.54977328953,,97.296201094985,1.9794962787879435,96.5,100.0,87515.0,390.4,batch_search,results_batch/result_batch192_input128_106572_2.csv,0.9,,,87515.0,97.29620109498501,1.9794962787879435,1.9794962787879435
2026-08-24 19:03:38,vllm,Qwen/Qwen2.5-7B-Instruct,1,192,128,256,1,3.1179121993482117,24384,49152,,61.57966861290608,15764.395164903955,,96.65527817979456,1.966456668696992,97.78571428571428,100.0,87517.0,390.0835714285714,batch_search,results_batch/result_batch192_input128_106572_2.csv,0.9,,,87517.0,96.65527817979456,1.9664566686969924,1.9664566686969924
2026-08-24 19:03:41,vllm,Qwen/Qwen2.5-7B-Instruct,1,192,128,256,2,3.1251267604529858,24384,49152,,61.43750788917429,15728.00201962862,,96.87892957404256,1.9710068679614776,96.28571428571428,100.0,87517.0,389.6407142857143,batch_search,results_batch/result_batch192_input128_106572_2.csv,0.9,,,87517.0,96.87892957404256,1.9710068679614778,1.9710068679614778
2026-08-24 19:24:27,vllm,Qwen/Qwen2.5-7B-Instruct,1,192,2048,256,0,5.736993541009724,393024,49152,,33.46700647778794,8567.553658313713,,177.84679977130145,3.6183024042012826,99.42307692307692,100.0,87517.0,397.7011538461538,batch_search,results_batch/result_batch192_input2048_106572_12.csv,0.9,,,87517.0,177.84679977130145,3.6183024042012826,3.6183024042012826
2026-08-24 19:24:32,vllm,Qwen/Qwen2.5-7B-Instruct,1,192,2048,256,1,5.807667030021548,393024,49152,,33.05974653978873,8463.295114185916,,180.037677930668,3.662875934461833,96.5,100.0,87517.0,391.7384615384616,batch_search,results_batch/result_batch192_input2048_106572_12.csv,0.9,,,87517.0,180.037677930668,3.6628759344618325,3.6628759344618325
2026-08-24 19:24:38,vllm,Qwen/Qwen2.5-7B-Instruct,1,192,2048,256,2,5.850849240086973,393024,49152,,32.81574898298797,8400.83173964492,,181.37632644269613,3.690110808160322,100.0,100.0,87517.0,396.50307692307695,batch_search,results_batch/result_batch192_input2048_106572_12.csv,0.9,,,87517.0,181.37632644269615,3.690110808160322,3.690110808160322
2026-08-24 19:13:34,vllm,Qwen/Qwen2.5-7B-Instruct,1,192,512,256,0,3.859306079335511,98112,49152,,49.74987628684229,12735.968329431626,,119.63848845940085,2.434051278877784,93.41176470588236,100.0,87513.0,379.0176470588235,batch_search,results_batch/result_batch192_input512_106572_7.csv,0.9,,,87513.0,119.63848845940085,2.434051278877784,2.434051278877784
2026-08-24 19:13:38,vllm,Qwen/Qwen2.5-7B-Instruct,1,192,512,256,1,3.865470167249441,98112,49152,,49.67054244183231,12715.658865109071,,119.82957518473268,2.4379389482570937,87.0,100.0,87513.0,369.6929411764706,batch_search,results_batch/result_batch192_input512_106572_7.csv,0.9,,,87513.0,119.82957518473268,2.4379389482570937,2.4379389482570937
2026-08-24 19:13:42,vllm,Qwen/Qwen2.5-7B-Instruct,1,192,512,256,2,3.880627724342048,98112,49152,,49.4765315404103,12665.992074345037,,120.2994594546035,2.4474987682007545,87.82352941176471,100.0,87513.0,376.6894117647059,batch_search,results_batch/result_batch192_input512_106572_7.csv,0.9,,,87513.0,120.2994594546035,2.4474987682007545,2.4474987682007545
2026-08-24 19:05:56,vllm,Qwen/Qwen2.5-7B-Instruct,1,256,128,256,0,3.5787712214514613,32512,65536,,71.5329324393563,18312.430704475213,,110.9419078649953,1.692839170303273,98.8125,100.0,87653.0,395.269375,batch_search,results_batch/result_batch256_input128_106572_3.csv,0.9,,,87652.875,110.9419078649953,1.692839170303273,1.692839170303273
2026-08-24 19:06:00,vllm,Qwen/Qwen2.5-7B-Instruct,1,256,128,256,1,3.575564904138446,32512,65536,,71.59707818579922,18328.8520155646,,110.84251202829182,1.691322510197324,98.5625,100.0,87653.0,392.37625,batch_search,results_batch/result_batch256_input128_106572_3.csv,0.9,,,87653.0,110.84251202829182,1.691322510197324,1.691322510197324
2026-08-24 19:06:03,vllm,Qwen/Qwen2.5-7B-Instruct,1,256,128,256,2,3.591694268397987,32512,65536,,71.27555434003696,18246.541911049462,,111.3425223203376,1.6989520617727294,98.3125,100.0,87653.0,393.42875,batch_search,results_batch/result_batch256_input128_106572_3.csv,0.9,,,87653.0,111.3425223203376,1.6989520617727294,1.6989520617727294
2026-08-24 19:26:56,vllm,Qwen/Qwen2.5-7B-Instruct,1,256,2048,256,0,7.214911447837949,524032,65536,,35.48207096522495,9083.410167097589,,223.6622548829764,3.412815168502448,99.5,100.0,87653.0,398.6559375,batch_search,results_batch/result_batch256_input2048_106572_13.csv,0.9,,,87653.0,223.6622548829764,3.4128151685024477,3.4128151685024477
2026-08-24 19:27:03,vllm,Qwen/Qwen2.5-7B-Instruct,1,256,2048,256,1,7.279728936031461,524032,65536,,35.166144543227766,9002.533003066308,,225.67159701697528,3.44347529627953,100.0,100.0,87653.0,394.851875,batch_search,results_batch/result_batch256_input2048_106572_13.csv,0.9,,,87653.0,225.67159701697528,3.44347529627953,3.44347529627953
2026-08-24 19:27:10,vllm,Qwen/Qwen2.5-7B-Instruct,1,256,2048,256,2,7.32316399179399,524032,65536,,34.95756756053287,8949.137295496415,,227.0180837456137,3.4640210532472797,98.25,100.0,87653.0,396.7815625,batch_search,results_batch/result_batch256_input2048_106572_13.csv,0.9,,,87653.0,227.0180837456137,3.4640210532472793,3.4640210532472793
2026-08-24 19:15:36,vllm,Qwen/Qwen2.5-7B-Instruct,1,256,512,256,0,4.302867185324431,130816,65536,,59.49521306935202,15230.774545754117,,133.38888274505734,2.035352825089376,98.0,100.0,87173.0,396.431,batch_search,results_batch/result_batch256_input512_106572_8.csv,0.9,,,87172.9,133.38888274505737,2.0353528250893764,2.0353528250893764
2026-08-24 19:15:40,vllm,Qwen/Qwen2.5-7B-Instruct,1,256,512,256,1,4.303761225193739,130816,65536,,59.48285385848186,15227.610587771356,,133.4165979810059,2.0357757260285325,97.9,100.0,87173.0,384.7985,batch_search,results_batch/result_batch256_input512_106572_8.csv,0.9,,,87173.0,133.4165979810059,2.0357757260285325,2.0357757260285325
2026-08-24 19:15:45,vllm,Qwen/Qwen2.5-7B-Instruct,1,256,512,256,2,4.3407960422337055,130816,65536,,58.975357862763445,15097.691612867442,,134.56467730924487,2.053294026325148,94.05,100.0,87173.0,386.174,batch_search,results_batch/result_batch256_input512_106572_8.csv,0.9,,,87173.0,134.56467730924487,2.0532940263251476,2.0532940263251476
2026-08-24 19:07:56,vllm,Qwen/Qwen2.5-7B-Instruct,1,320,128,256,0,4.213842613622546,40640,81920,,75.94018793333697,19440.688110934265,,130.62912102229893,1.594593762479235,97.78947368421052,100.0,87921.0,394.03736842105263,batch_search,results_batch/result_batch320_input128_106572_4.csv,0.9,,,87920.8947368421,130.62912102229893,1.594593762479235,1.594593762479235
2026-08-24 19:08:00,vllm,Qwen/Qwen2.5-7B-Instruct,1,320,128,256,1,4.202011909335852,40640,81920,,76.1539964437125,19495.4230895904,,130.2623691894114,1.5901168113941822,98.0,100.0,87921.0,391.4984210526316,batch_search,results_batch/result_batch320_input128_106572_4.csv,0.9,,,87921.0,130.2623691894114,1.5901168113941822,1.5901168113941822
2026-08-24 19:08:04,vllm,Qwen/Qwen2.5-7B-Instruct,1,320,128,256,2,4.230629037134349,40640,81920,,75.63887005719475,19363.550734641856,,131.14950015116483,1.6009460467671488,97.73684210526316,100.0,87921.0,394.7863157894737,batch_search,results_batch/result_batch320_input128_106572_4.csv,0.9,,,87921.0,131.14950015116483,1.6009460467671488,1.6009460467671488
2026-08-24 19:29:30,vllm,Qwen/Qwen2.5-7B-Instruct,1,320,2048,256,0,8.79685218539089,655040,81920,,36.37664851654896,9312.422020236534,,272.7024177471176,3.328886935389619,99.71794871794872,100.0,87809.0,398.7076923076923,batch_search,results_batch/result_batch320_input2048_106572_14.csv,0.9,,,87809.0,272.7024177471176,3.328886935389619,3.328886935389619
2026-08-24 19:29:39,vllm,Qwen/Qwen2.5-7B-Instruct,1,320,2048,256,1,8.924517907202244,655040,81920,,35.85627854942779,9179.207308653517,,276.6600551232696,3.377197938516474,97.28205128205128,100.0,87809.0,394.50384615384615,batch_search,results_batch/result_batch320_input2048_106572_14.csv,0.9,,,87809.0,276.66005512326956,3.377197938516474,3.377197938516474
2026-08-24 19:29:48,vllm,Qwen/Qwen2.5-7B-Instruct,1,320,2048,256,2,8.948743185028434,655040,81920,,35.75921147624075,9154.358137917632,,277.41103873588145,3.3863652189438653,100.0,100.0,87809.0,398.0805128205128,batch_search,results_batch/result_batch320_input2048_106572_14.csv,0.9,,,87809.0,277.41103873588145,3.3863652189438653,3.3863652189438653
2026-08-24 19:17:44,vllm,Qwen/Qwen2.5-7B-Instruct,1,320,512,256,0,5.089385932311416,163520,81920,,62.87595483148348,16096.24443685977,,157.7709639016539,1.925915086690111,96.65217391304348,100.0,88511.0,396.3039130434783,batch_search,results_batch/result_batch320_input512_106572_9.csv,0.9,,,88511.0,157.7709639016539,1.925915086690111,1.925915086690111
2026-08-24 19:17:49,vllm,Qwen/Qwen2.5-7B-Instruct,1,320,512,256,1,5.109590354375541,163520,81920,,62.62732974786746,16032.59641545407,,158.39730098564178,1.933560803047385,95.7391304347826,100.0,88511.0,393.73869565217393,batch_search,results_batch/result_batch320_input512_106572_9.csv,0.9,,,88511.0,158.39730098564178,1.933560803047385,1.933560803047385
2026-08-24 19:17:55,vllm,Qwen/Qwen2.5-7B-Instruct,1,320,512,256,2,5.1611841497942805,163520,81920,,62.00127542683298,15872.326509269244,,159.9967086436227,1.9530848223098476,96.30434782608695,100.0,88511.0,394.42521739130433,batch_search,results_batch/result_batch320_input512_106572_9.csv,0.9,,,88511.0,159.9967086436227,1.9530848223098474,1.9530848223098474
2026-08-24 19:57:34,vllm,Qwen/Qwen2.5-7B-Instruct,1,320,128,256,0,4.121324706822634,40640,81920,,77.64493767507739,19877.10404481981,,127.76106591150165,1.5595833241150103,97.63157894736842,100.0,87603.0,391.5684210526316,final_search,results_final/result_batch320_input128_106592_0.csv,0.9,,,87602.8947368421,127.76106591150165,1.5595833241150103,1.5595833241150103
2026-08-24 19:57:38,vllm,Qwen/Qwen2.5-7B-Instruct,1,320,128,256,1,4.126503715291619,40640,81920,,77.5474886437575,19852.15709280192,,127.9216151740402,1.561543153979983,93.21052631578948,100.0,87603.0,380.3684210526316,final_search,results_final/result_batch320_input128_106592_0.csv,0.9,,,87603.0,127.9216151740402,1.561543153979983,1.561543153979983
2026-08-24 19:57:42,vllm,Qwen/Qwen2.5-7B-Instruct,1,320,128,256,2,4.098486634902656,40640,81920,,78.0775999791934,19987.86559467351,,127.05308568198234,1.550940987328886,93.52631578947368,100.0,87603.0,381.3063157894737,final_search,results_final/result_batch320_input128_106592_0.csv,0.9,,,87603.0,127.05308568198234,1.550940987328886,1.550940987328886
2026-08-24 19:57:47,vllm,Qwen/Qwen2.5-7B-Instruct,1,320,128,256,3,4.104273989796639,40640,81920,,77.96750431270686,19959.68110405296,,127.2324936836958,1.5531310264123022,93.63157894736842,100.0,87603.0,382.1552631578948,final_search,results_final/result_batch320_input128_106592_0.csv,0.9,,,87603.0,127.23249368369582,1.5531310264123026,1.5531310264123026
2026-08-24 19:57:51,vllm,Qwen/Qwen2.5-7B-Instruct,1,320,128,256,4,4.121831265278161,40640,81920,,77.63539538739582,19874.66121917333,,127.77676922362298,1.559775014936804,94.05263157894736,100.0,87603.0,384.6468421052632,final_search,results_final/result_batch320_input128_106592_0.csv,0.9,,,87603.0,127.77676922362298,1.559775014936804,1.559775014936804
2026-08-24 20:06:30,vllm,Qwen/Qwen2.5-7B-Instruct,1,320,512,256,0,5.065608755685389,163520,81920,,63.17108474689203,16171.79769520436,,157.03387142624706,1.91691737580868,93.8695652173913,100.0,87329.0,392.39434782608697,final_search,results_final/result_batch320_input512_106592_4.csv,0.9,,,87328.91304347826,157.03387142624706,1.91691737580868,1.91691737580868
2026-08-24 20:06:35,vllm,Qwen/Qwen2.5-7B-Instruct,1,320,512,256,1,5.016234416514635,163520,81920,,63.79287198909285,16330.97522920777,,155.5032669119537,1.8982332386713097,94.22727272727272,100.0,87329.0,384.6740909090909,final_search,results_final/result_batch320_input512_106592_4.csv,0.9,,,87329.0,155.5032669119537,1.8982332386713097,1.8982332386713097
2026-08-24 20:06:41,vllm,Qwen/Qwen2.5-7B-Instruct,1,320,512,256,2,5.048993709497154,163520,81920,,63.37896587157164,16225.01526312234,,156.51880499441177,1.9106299437794405,99.95652173913044,100.0,87329.0,395.83130434782606,final_search,results_final/result_batch320_input512_106592_4.csv,0.9,,,87329.0,156.51880499441177,1.9106299437794405,1.9106299437794405
2026-08-24 20:06:46,vllm,Qwen/Qwen2.5-7B-Instruct,1,320,512,256,3,5.055768837220967,163520,81920,,63.294033074482144,16203.272467067429,,156.72883395384997,1.913193773850708,95.43478260869566,100.0,87329.0,387.6395652173913,final_search,results_final/result_batch320_input512_106592_4.csv,0.9,,,87329.0,156.72883395384997,1.9131937738507077,1.9131937738507077
2026-08-24 20:06:51,vllm,Qwen/Qwen2.5-7B-Instruct,1,320,512,256,4,5.073123473674059,163520,81920,,63.07751066193733,16147.842729455955,,157.26682768389583,1.9197610801256813,94.8695652173913,100.0,87329.0,388.2186956521739,final_search,results_final/result_batch320_input512_106592_4.csv,0.9,,,87329.0,157.26682768389583,1.9197610801256815,1.9197610801256815
2026-08-24 19:59:42,vllm,Qwen/Qwen2.5-7B-Instruct,1,384,128,256,0,4.973444166593254,48768,98304,,77.21007558088968,19765.77934870776,,154.17676916439086,1.5683671993447963,97.4090909090909,100.0,87703.0,392.1463636363636,final_search,results_final/result_batch384_input128_106592_1.csv,0.9,,,87702.90909090909,154.17676916439086,1.5683671993447963,1.5683671993447963
2026-08-24 19:59:47,vllm,Qwen/Qwen2.5-7B-Instruct,1,384,128,256,1,4.979378536343575,48768,98304,,77.11805744376615,19742.222705604134,,154.3607346266508,1.570238592800403,98.8181818181818,100.0,87703.0,393.7963636363637,final_search,results_final/result_batch384_input128_106592_1.csv,0.9,,,87703.0,154.36073462665084,1.5702385928004032,1.5702385928004032
2026-08-24 19:59:53,vllm,Qwen/Qwen2.5-7B-Instruct,1,384,128,256,2,4.984022967517376,48768,98304,,77.04619390854788,19723.825640588257,,154.50471199303863,1.571703206309394,97.65217391304348,100.0,87703.0,392.4243478260869,final_search,results_final/result_batch384_input128_106592_1.csv,0.9,,,87703.0,154.50471199303865,1.5717032063093939,1.5717032063093939
2026-08-24 19:59:58,vllm,Qwen/Qwen2.5-7B-Instruct,1,384,128,256,3,4.988145404495299,48768,98304,,76.98251932550734,19707.52494732988,,154.63250753935426,1.5730032098322984,95.1304347826087,100.0,87703.0,383.63217391304346,final_search,results_final/result_batch384_input128_106592_1.csv,0.9,,,87703.0,154.63250753935426,1.5730032098322984,1.5730032098322984
2026-08-24 20:00:03,vllm,Qwen/Qwen2.5-7B-Instruct,1,384,128,256,4,4.99894649349153,48768,98304,,76.81618527022759,19664.943429178264,,154.96734129823744,1.5764093149641667,94.04347826086956,100.0,87703.0,384.27608695652174,final_search,results_final/result_batch384_input128_106592_1.csv,0.9,,,87703.0,154.96734129823744,1.5764093149641667,1.5764093149641667
2026-08-24 20:08:42,vllm,Qwen/Qwen2.5-7B-Instruct,1,384,512,256,0,5.927528497762978,196224,98304,,64.78248061479921,16584.3150373886,,183.75338343065232,1.869236078192671,98.73076923076924,100.0,88139.0,394.8169230769231,final_search,results_final/result_batch384_input512_106592_5.csv,0.9,,,88139.0,183.75338343065232,1.869236078192671,1.869236078192671
2026-08-24 20:08:49,vllm,Qwen/Qwen2.5-7B-Instruct,1,384,512,256,1,5.936790073290467,196224,98304,,64.68141794799355,16558.44299468635,,184.04049227200449,1.8721567003581183,99.48148148148148,100.0,88139.0,397.5418518518519,final_search,results_final/result_batch384_input512_106592_5.csv,0.9,,,88139.0,184.04049227200449,1.8721567003581185,1.8721567003581185
2026-08-24 20:08:55,vllm,Qwen/Qwen2.5-7B-Instruct,1,384,512,256,2,5.97109333705157,196224,98304,,64.30983043209521,16463.316590616374,,185.10389344859868,1.882974176519762,96.22222222222224,100.0,88139.0,388.2077777777778,final_search,results_final/result_batch384_input512_106592_5.csv,0.9,,,88139.0,185.10389344859868,1.882974176519762,1.882974176519762
2026-08-24 20:09:01,vllm,Qwen/Qwen2.5-7B-Instruct,1,384,512,256,3,5.983815741725266,196224,98304,,64.17309900142152,16428.31334436391,,185.49828799348325,1.886986165298292,96.44444444444444,100.0,88139.0,389.30703703703705,final_search,results_final/result_batch384_input512_106592_5.csv,0.9,,,88139.0,185.49828799348325,1.8869861652982916,1.8869861652982916
2026-08-24 20:09:07,vllm,Qwen/Qwen2.5-7B-Instruct,1,384,512,256,4,6.011359225958586,196224,98304,,63.87906387989423,16353.040353252922,,186.35213600471616,1.895671956428184,96.74074074074076,100.0,88139.0,390.8022222222222,final_search,results_final/result_batch384_input512_106592_5.csv,0.9,,,88139.0,186.35213600471616,1.8956719564281836,1.8956719564281836
2026-08-24 20:01:55,vllm,Qwen/Qwen2.5-7B-Instruct,1,448,128,256,0,6.999140069819987,56896,114688,,64.00786318475868,16386.01297529822,,216.9733421644196,1.891857405870009,95.66666666666669,100.0,88029.0,385.6473333333333,final_search,results_final/result_batch448_input128_106592_2.csv,0.9,,,88028.93333333333,216.9733421644196,1.891857405870009,1.891857405870009
2026-08-24 20:02:03,vllm,Qwen/Qwen2.5-7B-Instruct,1,448,128,256,1,7.017761515453458,56896,114688,,63.8380200030283,16342.533120775244,,217.5506069790572,1.8968907556070136,95.23333333333332,100.0,88029.0,384.884,final_search,results_final/result_batch448_input128_106592_2.csv,0.9,,,88029.0,217.5506069790572,1.8968907556070138,1.8968907556070138
2026-08-24 20:02:10,vllm,Qwen/Qwen2.5-7B-Instruct,1,448,128,256,2,7.007364630699158,56896,114688,,63.93273700034373,16366.780672087994,,217.2283035516739,1.894080492742692,95.36666666666666,100.0,88029.0,383.73,final_search,results_final/result_batch448_input128_106592_2.csv,0.9,,,88029.0,217.2283035516739,1.8940804927426922,1.8940804927426922
2026-08-24 20:02:17,vllm,Qwen/Qwen2.5-7B-Instruct,1,448,128,256,3,7.042960351333022,56896,114688,,63.60961550993354,16284.061570542986,,218.33177089132369,1.903701964384449,92.9,100.0,88029.0,386.7053333333333,final_search,results_final/result_batch448_input128_106592_2.csv,0.9,,,88029.0,218.33177089132369,1.903701964384449,1.903701964384449
2026-08-24 20:02:24,vllm,Qwen/Qwen2.5-7B-Instruct,1,448,128,256,4,7.038932969793677,56896,114688,,63.64601025787743,16293.378626016622,,218.206922063604,1.9026133689976632,95.96666666666668,100.0,88029.0,390.61,final_search,results_final/result_batch448_input128_106592_2.csv,0.9,,,88029.0,218.206922063604,1.9026133689976632,1.9026133689976632
2026-08-24 20:11:08,vllm,Qwen/Qwen2.5-7B-Instruct,1,448,512,256,0,7.728445550426841,228928,114688,,57.96767242220618,14839.724140084782,,239.5818120632321,2.088987619133929,97.88571428571429,100.0,87409.0,395.8082857142857,final_search,results_final/result_batch448_input512_106592_6.csv,0.9,,,87408.94285714286,239.58181206323206,2.088987619133929,2.088987619133929
2026-08-24 20:11:16,vllm,Qwen/Qwen2.5-7B-Instruct,1,448,512,256,1,7.728763145394623,228928,114688,,57.965290379865245,14839.114337245504,,239.5916575072333,2.0890734645929245,96.26470588235294,100.0,87409.0,391.4894117647059,final_search,results_final/result_batch448_input512_106592_6.csv,0.9,,,87409.0,239.59165750723332,2.0890734645929245,2.0890734645929245
2026-08-24 20:11:23,vllm,Qwen/Qwen2.5-7B-Instruct,1,448,512,256,2,7.7463733069598675,228928,114688,,57.83351540745996,14805.379944309749,,240.1375725157559,2.093833465713552,98.6470588235294,100.0,87409.0,397.03617647058826,final_search,results_final/result_batch448_input512_106592_6.csv,0.9,,,87409.0,240.1375725157559,2.0938334657135522,2.0938334657135522
2026-08-24 20:11:31,vllm,Qwen/Qwen2.5-7B-Instruct,1,448,512,256,3,7.740330341272056,228928,114688,,57.878666703826376,14816.938676179552,,239.9502405794337,2.092200060855833,99.82352941176472,100.0,87409.0,397.1214705882353,final_search,results_final/result_batch448_input512_106592_6.csv,0.9,,,87409.0,239.95024057943374,2.092200060855833,2.092200060855833
2026-08-24 20:11:39,vllm,Qwen/Qwen2.5-7B-Instruct,1,448,512,256,4,7.7873426815494895,228928,114688,,57.52925205942768,14727.488527213483,,241.40762312803415,2.1049074282229543,98.94285714285714,100.0,87409.0,397.51342857142856,final_search,results_final/result_batch448_input512_106592_6.csv,0.9,,,87409.0,241.40762312803417,2.1049074282229543,2.1049074282229543
2026-08-24 20:04:14,vllm,Qwen/Qwen2.5-7B-Instruct,1,512,128,256,0,6.1769219590350986,65024,131072,,82.88918063002043,21219.63024128523,,191.48458073008808,1.460911413040833,97.53571428571428,100.0,88205.0,394.06035714285713,final_search,results_final/result_batch512_input128_106592_3.csv,0.9,,,88204.92857142857,191.48458073008806,1.460911413040833,1.460911413040833
2026-08-24 20:04:20,vllm,Qwen/Qwen2.5-7B-Instruct,1,512,128,256,1,6.228439267724752,65024,131072,,82.20357909775903,21044.116249026312,,193.08161729946733,1.4730958351094614,95.25,100.0,88205.0,386.8032142857143,final_search,results_final/result_batch512_input128_106592_3.csv,0.9,,,88205.0,193.08161729946733,1.4730958351094614,1.4730958351094614
2026-08-24 20:04:27,vllm,Qwen/Qwen2.5-7B-Instruct,1,512,128,256,2,6.255144448019564,65024,131072,,81.8526261471234,20954.27229366359,,193.9094778886065,1.4794119101608771,96.03571428571428,100.0,88205.0,389.7921428571429,final_search,results_final/result_batch512_input128_106592_3.csv,0.9,,,88205.0,193.9094778886065,1.4794119101608771,1.4794119101608771
2026-08-24 20:04:33,vllm,Qwen/Qwen2.5-7B-Instruct,1,512,128,256,3,6.28387806750834,65024,131072,,81.47834736758607,20858.456926102037,,194.8002200927585,1.4862077338619883,97.25,100.0,88205.0,393.54857142857145,final_search,results_final/result_batch512_input128_106592_3.csv,0.9,,,88205.0,194.80022009275854,1.4862077338619883,1.4862077338619883
2026-08-24 20:04:39,vllm,Qwen/Qwen2.5-7B-Instruct,1,512,128,256,4,6.312467845156789,65024,131072,,81.10932404872835,20763.98695647446,,195.68650319986045,1.492969537352451,96.5,100.0,88205.0,393.3885714285714,final_search,results_final/result_batch512_input128_106592_3.csv,0.9,,,88205.0,195.68650319986045,1.492969537352451,1.492969537352451
2026-08-24 20:13:51,vllm,Qwen/Qwen2.5-7B-Instruct,1,512,512,256,0,8.32895886246115,261632,131072,,61.47226903804248,15736.900873738874,,258.19772473629564,1.9698923090842868,87.42857142857143,100.0,88543.0,376.02914285714286,final_search,results_final/result_batch512_input512_106592_7.csv,0.9,,,88543.0,258.19772473629564,1.9698923090842868,1.9698923090842868
2026-08-24 20:13:59,vllm,Qwen/Qwen2.5-7B-Instruct,1,512,512,256,1,8.366375615820289,261632,131072,,61.19734799282025,15666.521086161983,,259.35764409042895,1.9787417914614025,88.02857142857142,100.0,88543.0,377.7325714285714,final_search,results_final/result_batch512_input512_106592_7.csv,0.9,,,88543.0,259.35764409042895,1.9787417914614025,1.9787417914614025
2026-08-24 20:14:07,vllm,Qwen/Qwen2.5-7B-Instruct,1,512,512,256,2,8.417628976516426,261632,131072,,60.82472884328616,15571.130583881257,,260.9464982720092,1.9908637868653043,90.45714285714286,100.0,88543.0,379.5865714285714,final_search,results_final/result_batch512_input512_106592_7.csv,0.9,,,88543.0,260.9464982720092,1.9908637868653045,1.9908637868653045
2026-08-24 20:14:16,vllm,Qwen/Qwen2.5-7B-Instruct,1,512,512,256,3,8.420334847643971,261632,131072,,60.80518284177959,15566.126807495575,,261.0303802769631,1.9915037557751705,90.82857142857142,100.0,88543.0,379.8737142857143,final_search,results_final/result_batch512_input512_106592_7.csv,0.9,,,88543.0,261.0303802769631,1.9915037557751702,1.9915037557751702
2026-08-24 20:14:24,vllm,Qwen/Qwen2.5-7B-Instruct,1,512,512,256,4,8.40804195497185,261632,131072,,60.89408244415856,15588.885105704592,,260.64930060412735,1.9885963486032665,89.71428571428571,100.0,88543.0,379.52885714285713,final_search,results_final/result_batch512_input512_106592_7.csv,0.9,,,88543.0,260.64930060412735,1.9885963486032665,1.9885963486032665
