INFO:root:********** Run starts. **********
INFO:root:Configuration is Namespace(models_to_merge=['/mnt/nas/home/hiromi/src/sst_v2/v3/models/temp_safety_full_seed42', 'vanillaOVO/WizardCoder-Python-7B-V1.0'], pretrained_model_name='meta-llama/Llama-2-7b-hf', merging_method_name='top_merging', scaling_coefficient=0.9, slerp_t=0.5, dot_threshold=0.9995, param_density=0.9, param_value_mask_rate=0.8, param_value_mask_rates=None, weight_format='delta_weight', weight_mask_rate=0.1, weight_mask_rates=[0.1, 0.1], use_weight_rescale=False, mask_strategy='random', mask_apply_method='task_arithmetic', above_average_value_ratio=1.0, score_calibration_value=1.0, multimodal=False, pretrain_scaling_coefficient=0.4, layerlock=False, locknums=None, prune_method='wandg', sparsity_ratio=0.1, prune_data='align', nsamples=128, seed=0, disentangle=True, use_diff=False, recover_from_base=False, prune_part=False, neg_prune=False, dump_wanda_score=False, save='/mnt/nas/home/hiromi/src/sst_v2/v3/models/merged/sst_merge_v3_main_led_merging_safety+code_seed42', score_model='base', decouple=None, score_pattern='01', use_variant=False, use_fuse=False, fuse_util='safety', fuse_patterns=['01', '01'], fuse_scale=1.0, fuse_threshold=0.9, mask_rate=0.9, fuse_rates=[0.5, 0.5], orders=['safety', 'code'], lambdas=[1.0, 1.0], fuse_types=['o', 'o'], add_mask=False, protect='safety', model_ft_name='llama2', model_base_name='llama2-base', safety=False, save_model_name='top_merging/task_arithmetic_scaling_coefficient_0.9/0.5_0.5_1.0_1.0_01_01').
Loading weights:   0%|          | 0/291 [00:00<?, ?it/s]Loading weights: 100%|██████████| 291/291 [00:00<00:00, 10161.53it/s]
DEBUG:httpcore.connection:connect_tcp.started host='huggingface.co' port=443 local_address=None timeout=10 socket_options=None
DEBUG:httpcore.connection:connect_tcp.complete return_value=<httpcore._backends.sync.SyncStream object at 0x7f2e7595da00>
DEBUG:httpcore.connection:start_tls.started ssl_context=<ssl.SSLContext object at 0x7f2e76fab550> server_hostname='huggingface.co' timeout=10
DEBUG:httpcore.connection:start_tls.complete return_value=<httpcore._backends.sync.SyncStream object at 0x7f2e7da32fc0>
DEBUG:httpcore.http11:send_request_headers.started request=<Request [b'HEAD']>
DEBUG:httpcore.http11:send_request_headers.complete
DEBUG:httpcore.http11:send_request_body.started request=<Request [b'HEAD']>
DEBUG:httpcore.http11:send_request_body.complete
DEBUG:httpcore.http11:receive_response_headers.started request=<Request [b'HEAD']>
DEBUG:httpcore.http11:receive_response_headers.complete return_value=(b'HTTP/1.1', 307, b'Temporary Redirect', [(b'Content-Type', b'text/plain; charset=utf-8'), (b'Content-Length', b'278'), (b'Connection', b'keep-alive'), (b'Date', b'Tue, 07 Jul 2026 08:21:37 GMT'), (b'Location', b'/api/resolve-cache/models/vanillaOVO/WizardCoder-Python-7B-V1.0/f85f4b80949c1451502ab32022ce23af6e3ad549/config.json?%2FvanillaOVO%2FWizardCoder-Python-7B-V1.0%2Fresolve%2Fmain%2Fconfig.json=&etag=%22bd034ee8b672624feb3c49fbad00cb47f784f88d%22'), (b'X-Powered-By', b'huggingface-moon'), (b'X-Request-Id', b'Root=1-6a4cb711-236f83f9552e55f6607c4ef2;11809cf3-f4a8-450e-a800-3750da595ece'), (b'RateLimit', b'"resolvers";r=4947;t=216'), (b'RateLimit-Policy', b'"fixed window";"resolvers";q=5000;w=300'), (b'cross-origin-opener-policy', b'same-origin'), (b'Referrer-Policy', b'strict-origin-when-cross-origin'), (b'Access-Control-Max-Age', b'86400'), (b'Access-Control-Allow-Origin', b'https://huggingface.co'), (b'Vary', b'Origin, Accept'), (b'Access-Control-Expose-Headers', b'X-Repo-Commit,X-Request-Id,X-Error-Code,X-Error-Message,X-Total-Count,ETag,Link,Accept-Ranges,Content-Range,X-Linked-Size,X-Linked-ETag,X-Xet-Hash'), (b'X-Repo-Commit', b'f85f4b80949c1451502ab32022ce23af6e3ad549'), (b'Accept-Ranges', b'bytes'), (b'X-Hub-Cache', b'MISS'), (b'Content-Disposition', b'inline; filename*=UTF-8\'\'config.json; filename="config.json";'), (b'Content-Security-Policy', b"default-src 'none'; sandbox"), (b'X-Linked-ETag', b'"bd034ee8b672624feb3c49fbad00cb47f784f88d"'), (b'X-Cache', b'Miss from cloudfront'), (b'Via', b'1.1 c4f8afb556f9258ac7023e7bdfda98e6.cloudfront.net (CloudFront)'), (b'X-Amz-Cf-Pop', b'KIX56-P4'), (b'Alt-Svc', b'h3=":443"; ma=86400'), (b'X-Amz-Cf-Id', b'Hq0NtoOLe9FUzzSfaGJCds1XpFCgCX618W6pCplA50POvrOouGcUbA==')])
INFO:httpx:HTTP Request: HEAD https://huggingface.co/vanillaOVO/WizardCoder-Python-7B-V1.0/resolve/main/config.json "HTTP/1.1 307 Temporary Redirect"
DEBUG:httpcore.http11:receive_response_body.started request=<Request [b'HEAD']>
DEBUG:httpcore.http11:receive_response_body.complete
DEBUG:httpcore.http11:response_closed.started
DEBUG:httpcore.http11:response_closed.complete
DEBUG:httpcore.http11:send_request_headers.started request=<Request [b'HEAD']>
DEBUG:httpcore.http11:send_request_headers.complete
DEBUG:httpcore.http11:send_request_body.started request=<Request [b'HEAD']>
DEBUG:httpcore.http11:send_request_body.complete
DEBUG:httpcore.http11:receive_response_headers.started request=<Request [b'HEAD']>
DEBUG:httpcore.http11:receive_response_headers.complete return_value=(b'HTTP/1.1', 200, b'OK', [(b'Content-Type', b'text/plain; charset=utf-8'), (b'Content-Length', b'716'), (b'Connection', b'keep-alive'), (b'Date', b'Sun, 05 Jul 2026 13:02:22 GMT'), (b'ETag', b'"bd034ee8b672624feb3c49fbad00cb47f784f88d"'), (b'X-Powered-By', b'huggingface-moon'), (b'X-Request-Id', b'Root=1-6a4a55de-0e22b5007beee3416eea8cea;3c7fc1ff-639b-424d-ad3b-d232b83f5a69'), (b'RateLimit', b'"resolvers";r=4998;t=171'), (b'RateLimit-Policy', b'"fixed window";"resolvers";q=5000;w=300'), (b'cross-origin-opener-policy', b'same-origin'), (b'Referrer-Policy', b'strict-origin-when-cross-origin'), (b'Access-Control-Max-Age', b'86400'), (b'Access-Control-Allow-Origin', b'https://huggingface.co'), (b'Access-Control-Expose-Headers', b'X-Repo-Commit,X-Request-Id,X-Error-Code,X-Error-Message,X-Total-Count,ETag,Link,Accept-Ranges,Content-Range,X-Linked-Size,X-Linked-ETag,X-Xet-Hash'), (b'X-Repo-Commit', b'f85f4b80949c1451502ab32022ce23af6e3ad549'), (b'Accept-Ranges', b'bytes'), (b'X-Hub-Cache', b'MISS'), (b'Content-Disposition', b'inline; filename*=UTF-8\'\'config.json; filename="config.json";'), (b'Content-Security-Policy', b"default-src 'none'; sandbox"), (b'Vary', b'Origin'), (b'X-Cache', b'Hit from cloudfront'), (b'Via', b'1.1 c4f8afb556f9258ac7023e7bdfda98e6.cloudfront.net (CloudFront)'), (b'X-Amz-Cf-Pop', b'KIX56-P4'), (b'Alt-Svc', b'h3=":443"; ma=86400'), (b'X-Amz-Cf-Id', b'tlsS2ALqj0Lu_uap_PkAnoqt1DW6As0jcnwPtCP_5C5cEwpTrYrU5A=='), (b'Age', b'155955')])
INFO:httpx:HTTP Request: HEAD https://huggingface.co/api/resolve-cache/models/vanillaOVO/WizardCoder-Python-7B-V1.0/f85f4b80949c1451502ab32022ce23af6e3ad549/config.json "HTTP/1.1 200 OK"
DEBUG:httpcore.http11:receive_response_body.started request=<Request [b'HEAD']>
DEBUG:httpcore.http11:receive_response_body.complete
DEBUG:httpcore.http11:response_closed.started
DEBUG:httpcore.http11:response_closed.complete
DEBUG:httpcore.http11:send_request_headers.started request=<Request [b'HEAD']>
DEBUG:httpcore.http11:send_request_headers.complete
DEBUG:httpcore.http11:send_request_body.started request=<Request [b'HEAD']>
DEBUG:httpcore.http11:send_request_body.complete
DEBUG:httpcore.http11:receive_response_headers.started request=<Request [b'HEAD']>
DEBUG:httpcore.http11:receive_response_headers.complete return_value=(b'HTTP/1.1', 307, b'Temporary Redirect', [(b'Content-Type', b'text/plain; charset=utf-8'), (b'Content-Length', b'278'), (b'Connection', b'keep-alive'), (b'Date', b'Tue, 07 Jul 2026 08:21:37 GMT'), (b'Location', b'/api/resolve-cache/models/vanillaOVO/WizardCoder-Python-7B-V1.0/f85f4b80949c1451502ab32022ce23af6e3ad549/config.json?%2FvanillaOVO%2FWizardCoder-Python-7B-V1.0%2Fresolve%2Fmain%2Fconfig.json=&etag=%22bd034ee8b672624feb3c49fbad00cb47f784f88d%22'), (b'X-Powered-By', b'huggingface-moon'), (b'X-Request-Id', b'Root=1-6a4cb711-776706760e0c59d420c43487;6c787e85-9084-4330-9ead-2429b663dd02'), (b'RateLimit', b'"resolvers";r=4946;t=216'), (b'RateLimit-Policy', b'"fixed window";"resolvers";q=5000;w=300'), (b'cross-origin-opener-policy', b'same-origin'), (b'Referrer-Policy', b'strict-origin-when-cross-origin'), (b'Access-Control-Max-Age', b'86400'), (b'Access-Control-Allow-Origin', b'https://huggingface.co'), (b'Vary', b'Origin, Accept'), (b'Access-Control-Expose-Headers', b'X-Repo-Commit,X-Request-Id,X-Error-Code,X-Error-Message,X-Total-Count,ETag,Link,Accept-Ranges,Content-Range,X-Linked-Size,X-Linked-ETag,X-Xet-Hash'), (b'X-Repo-Commit', b'f85f4b80949c1451502ab32022ce23af6e3ad549'), (b'Accept-Ranges', b'bytes'), (b'X-Hub-Cache', b'MISS'), (b'Content-Disposition', b'inline; filename*=UTF-8\'\'config.json; filename="config.json";'), (b'Content-Security-Policy', b"default-src 'none'; sandbox"), (b'X-Linked-ETag', b'"bd034ee8b672624feb3c49fbad00cb47f784f88d"'), (b'X-Cache', b'Miss from cloudfront'), (b'Via', b'1.1 c4f8afb556f9258ac7023e7bdfda98e6.cloudfront.net (CloudFront)'), (b'X-Amz-Cf-Pop', b'KIX56-P4'), (b'Alt-Svc', b'h3=":443"; ma=86400'), (b'X-Amz-Cf-Id', b'l6haeGHijiupcApUmFoitl9f-4aBt0-RHZnnrBr7uIzO9IHCLWSDOg==')])
INFO:httpx:HTTP Request: HEAD https://huggingface.co/vanillaOVO/WizardCoder-Python-7B-V1.0/resolve/main/config.json "HTTP/1.1 307 Temporary Redirect"
DEBUG:httpcore.http11:receive_response_body.started request=<Request [b'HEAD']>
DEBUG:httpcore.http11:receive_response_body.complete
DEBUG:httpcore.http11:response_closed.started
DEBUG:httpcore.http11:response_closed.complete
DEBUG:httpcore.http11:send_request_headers.started request=<Request [b'HEAD']>
DEBUG:httpcore.http11:send_request_headers.complete
DEBUG:httpcore.http11:send_request_body.started request=<Request [b'HEAD']>
DEBUG:httpcore.http11:send_request_body.complete
DEBUG:httpcore.http11:receive_response_headers.started request=<Request [b'HEAD']>
DEBUG:httpcore.http11:receive_response_headers.complete return_value=(b'HTTP/1.1', 200, b'OK', [(b'Content-Type', b'text/plain; charset=utf-8'), (b'Content-Length', b'716'), (b'Connection', b'keep-alive'), (b'Date', b'Sun, 05 Jul 2026 13:02:22 GMT'), (b'ETag', b'"bd034ee8b672624feb3c49fbad00cb47f784f88d"'), (b'X-Powered-By', b'huggingface-moon'), (b'X-Request-Id', b'Root=1-6a4a55de-0e22b5007beee3416eea8cea;3c7fc1ff-639b-424d-ad3b-d232b83f5a69'), (b'RateLimit', b'"resolvers";r=4998;t=171'), (b'RateLimit-Policy', b'"fixed window";"resolvers";q=5000;w=300'), (b'cross-origin-opener-policy', b'same-origin'), (b'Referrer-Policy', b'strict-origin-when-cross-origin'), (b'Access-Control-Max-Age', b'86400'), (b'Access-Control-Allow-Origin', b'https://huggingface.co'), (b'Access-Control-Expose-Headers', b'X-Repo-Commit,X-Request-Id,X-Error-Code,X-Error-Message,X-Total-Count,ETag,Link,Accept-Ranges,Content-Range,X-Linked-Size,X-Linked-ETag,X-Xet-Hash'), (b'X-Repo-Commit', b'f85f4b80949c1451502ab32022ce23af6e3ad549'), (b'Accept-Ranges', b'bytes'), (b'X-Hub-Cache', b'MISS'), (b'Content-Disposition', b'inline; filename*=UTF-8\'\'config.json; filename="config.json";'), (b'Content-Security-Policy', b"default-src 'none'; sandbox"), (b'Vary', b'Origin'), (b'X-Cache', b'Hit from cloudfront'), (b'Via', b'1.1 c4f8afb556f9258ac7023e7bdfda98e6.cloudfront.net (CloudFront)'), (b'X-Amz-Cf-Pop', b'KIX56-P4'), (b'Alt-Svc', b'h3=":443"; ma=86400'), (b'X-Amz-Cf-Id', b'b5bVnItf6Ju3Lv_HlzCzUFclbUfR57qtEYNYuSfY6ME3HPB2JkGXnw=='), (b'Age', b'155955')])
INFO:httpx:HTTP Request: HEAD https://huggingface.co/api/resolve-cache/models/vanillaOVO/WizardCoder-Python-7B-V1.0/f85f4b80949c1451502ab32022ce23af6e3ad549/config.json "HTTP/1.1 200 OK"
DEBUG:httpcore.http11:receive_response_body.started request=<Request [b'HEAD']>
DEBUG:httpcore.http11:receive_response_body.complete
DEBUG:httpcore.http11:response_closed.started
DEBUG:httpcore.http11:response_closed.complete
DEBUG:httpcore.http11:send_request_headers.started request=<Request [b'HEAD']>
DEBUG:httpcore.http11:send_request_headers.complete
DEBUG:httpcore.http11:send_request_body.started request=<Request [b'HEAD']>
DEBUG:httpcore.http11:send_request_body.complete
DEBUG:httpcore.http11:receive_response_headers.started request=<Request [b'HEAD']>
DEBUG:httpcore.http11:receive_response_headers.complete return_value=(b'HTTP/1.1', 404, b'Not Found', [(b'Content-Type', b'text/plain; charset=utf-8'), (b'Content-Length', b'15'), (b'Connection', b'keep-alive'), (b'Date', b'Tue, 07 Jul 2026 08:21:37 GMT'), (b'ETag', b'W/"f-mY2VvLxuxB7KhsoOdQTlMTccuAQ"'), (b'X-Powered-By', b'huggingface-moon'), (b'X-Request-Id', b'Root=1-6a4cb711-4f8c832f69b9d2621c7384c6;a38deda9-0542-4bf2-ac96-3e727759c702'), (b'RateLimit', b'"resolvers";r=4945;t=216'), (b'RateLimit-Policy', b'"fixed window";"resolvers";q=5000;w=300'), (b'cross-origin-opener-policy', b'same-origin'), (b'Referrer-Policy', b'strict-origin-when-cross-origin'), (b'Access-Control-Max-Age', b'86400'), (b'Access-Control-Allow-Origin', b'https://huggingface.co'), (b'Vary', b'Origin'), (b'Access-Control-Expose-Headers', b'X-Repo-Commit,X-Request-Id,X-Error-Code,X-Error-Message,X-Total-Count,ETag,Link,Accept-Ranges,Content-Range,X-Linked-Size,X-Linked-ETag,X-Xet-Hash'), (b'X-Repo-Commit', b'f85f4b80949c1451502ab32022ce23af6e3ad549'), (b'Accept-Ranges', b'bytes'), (b'X-Hub-Cache', b'MISS'), (b'X-Error-Code', b'EntryNotFound'), (b'X-Error-Message', b'Entry not found'), (b'X-Cache', b'Error from cloudfront'), (b'Via', b'1.1 c4f8afb556f9258ac7023e7bdfda98e6.cloudfront.net (CloudFront)'), (b'X-Amz-Cf-Pop', b'KIX56-P4'), (b'Alt-Svc', b'h3=":443"; ma=86400'), (b'X-Amz-Cf-Id', b'u17xgGmA1aLeUB_R6d9su9OgWVxnWDdQWzX7_hUqWox1_BkSVljAdA==')])
INFO:httpx:HTTP Request: HEAD https://huggingface.co/vanillaOVO/WizardCoder-Python-7B-V1.0/resolve/main/model.safetensors.index.json "HTTP/1.1 404 Not Found"
DEBUG:httpcore.http11:receive_response_body.started request=<Request [b'HEAD']>
DEBUG:httpcore.http11:receive_response_body.complete
DEBUG:httpcore.http11:response_closed.started
DEBUG:httpcore.http11:response_closed.complete
DEBUG:httpcore.http11:send_request_headers.started request=<Request [b'GET']>
DEBUG:httpcore.http11:send_request_headers.complete
DEBUG:httpcore.http11:send_request_body.started request=<Request [b'GET']>
DEBUG:httpcore.http11:send_request_body.complete
DEBUG:httpcore.http11:receive_response_headers.started request=<Request [b'GET']>
Loading weights:   0%|          | 0/291 [00:00<?, ?it/s]Loading weights: 100%|██████████| 291/291 [00:00<00:00, 27486.60it/s]
DEBUG:httpcore.connection:connect_tcp.started host='huggingface.co' port=443 local_address=None timeout=10 socket_options=None
DEBUG:httpcore.http11:receive_response_headers.complete return_value=(b'HTTP/1.1', 200, b'OK', [(b'Content-Type', b'application/json; charset=utf-8'), (b'Transfer-Encoding', b'chunked'), (b'Connection', b'keep-alive'), (b'Date', b'Tue, 07 Jul 2026 08:21:38 GMT'), (b'content-encoding', b'gzip'), (b'ETag', b'W/"9dc-K1yBDUl8Xll83n6r3tGCvZO9Mkg"'), (b'X-Powered-By', b'huggingface-moon'), (b'X-Request-Id', b'Root=1-6a4cb712-6d4c20b32416144c181a1d95;e799426a-d6cb-46d2-9232-62134817c374'), (b'RateLimit', b'"api";r=978;t=215'), (b'RateLimit-Policy', b'"fixed window";"api";q=1000;w=300'), (b'cross-origin-opener-policy', b'same-origin'), (b'Referrer-Policy', b'strict-origin-when-cross-origin'), (b'Access-Control-Max-Age', b'86400'), (b'Access-Control-Allow-Origin', b'https://huggingface.co'), (b'Vary', b'Origin'), (b'vary', b'Accept-Encoding'), (b'Access-Control-Expose-Headers', b'X-Repo-Commit,X-Request-Id,X-Error-Code,X-Error-Message,X-Total-Count,ETag,Link,Accept-Ranges,Content-Range,X-Linked-Size,X-Linked-ETag,X-Xet-Hash'), (b'X-Cache', b'Miss from cloudfront'), (b'Via', b'1.1 c4f8afb556f9258ac7023e7bdfda98e6.cloudfront.net (CloudFront)'), (b'X-Amz-Cf-Pop', b'KIX56-P4'), (b'Alt-Svc', b'h3=":443"; ma=86400'), (b'X-Amz-Cf-Id', b'No3RbhiWXTXe-Yi08ElPcWCWoLB2HrTtDNh6R3xDq8OkbbbKU2Ri7w==')])
INFO:httpx:HTTP Request: GET https://huggingface.co/api/models/vanillaOVO/WizardCoder-Python-7B-V1.0 "HTTP/1.1 200 OK"
DEBUG:httpcore.http11:receive_response_body.started request=<Request [b'GET']>
DEBUG:httpcore.http11:receive_response_body.complete
DEBUG:httpcore.http11:response_closed.started
DEBUG:httpcore.http11:response_closed.complete
DEBUG:httpcore.http11:send_request_headers.started request=<Request [b'GET']>
DEBUG:httpcore.http11:send_request_headers.complete
DEBUG:httpcore.http11:send_request_body.started request=<Request [b'GET']>
DEBUG:httpcore.http11:send_request_body.complete
DEBUG:httpcore.http11:receive_response_headers.started request=<Request [b'GET']>
DEBUG:httpcore.connection:connect_tcp.complete return_value=<httpcore._backends.sync.SyncStream object at 0x7f2e7d3673b0>
DEBUG:httpcore.connection:start_tls.started ssl_context=<ssl.SSLContext object at 0x7f2e76fab550> server_hostname='huggingface.co' timeout=10
DEBUG:httpcore.connection:start_tls.complete return_value=<httpcore._backends.sync.SyncStream object at 0x7f2e7595dc40>
DEBUG:httpcore.http11:send_request_headers.started request=<Request [b'HEAD']>
DEBUG:httpcore.http11:send_request_headers.complete
DEBUG:httpcore.http11:send_request_body.started request=<Request [b'HEAD']>
DEBUG:httpcore.http11:send_request_body.complete
DEBUG:httpcore.http11:receive_response_headers.started request=<Request [b'HEAD']>
DEBUG:httpcore.http11:receive_response_headers.complete return_value=(b'HTTP/1.1', 200, b'OK', [(b'Content-Type', b'application/json; charset=utf-8'), (b'Content-Length', b'592'), (b'Connection', b'keep-alive'), (b'Date', b'Tue, 07 Jul 2026 08:21:38 GMT'), (b'ETag', b'W/"250-Aw4fXUJtkTZixllcpETZtw79qOs"'), (b'X-Powered-By', b'huggingface-moon'), (b'X-Request-Id', b'Root=1-6a4cb712-05ad521c21f653596c37934e;2bfbba1c-b63d-46c7-99f1-52272f84381d'), (b'RateLimit', b'"api";r=977;t=215'), (b'RateLimit-Policy', b'"fixed window";"api";q=1000;w=300'), (b'cross-origin-opener-policy', b'same-origin'), (b'Referrer-Policy', b'strict-origin-when-cross-origin'), (b'Access-Control-Max-Age', b'86400'), (b'Access-Control-Allow-Origin', b'https://huggingface.co'), (b'Vary', b'Origin'), (b'Access-Control-Expose-Headers', b'X-Repo-Commit,X-Request-Id,X-Error-Code,X-Error-Message,X-Total-Count,ETag,Link,Accept-Ranges,Content-Range,X-Linked-Size,X-Linked-ETag,X-Xet-Hash'), (b'X-Total-Count', b'3'), (b'X-Cache', b'Miss from cloudfront'), (b'Via', b'1.1 c4f8afb556f9258ac7023e7bdfda98e6.cloudfront.net (CloudFront)'), (b'X-Amz-Cf-Pop', b'KIX56-P4'), (b'Alt-Svc', b'h3=":443"; ma=86400'), (b'X-Amz-Cf-Id', b'8lFSIOCgFXRi71QmH78JwPxJmC3QmrMEq4O9L_6bnKGE1mKctTTfcQ==')])
INFO:httpx:HTTP Request: GET https://huggingface.co/api/models/vanillaOVO/WizardCoder-Python-7B-V1.0/commits/main "HTTP/1.1 200 OK"
DEBUG:httpcore.http11:receive_response_body.started request=<Request [b'GET']>
DEBUG:httpcore.http11:receive_response_body.complete
DEBUG:httpcore.http11:response_closed.started
DEBUG:httpcore.http11:response_closed.complete
DEBUG:httpcore.http11:send_request_headers.started request=<Request [b'GET']>
DEBUG:httpcore.http11:send_request_headers.complete
DEBUG:httpcore.http11:send_request_body.started request=<Request [b'GET']>
DEBUG:httpcore.http11:send_request_body.complete
DEBUG:httpcore.http11:receive_response_headers.started request=<Request [b'GET']>
DEBUG:httpcore.http11:receive_response_headers.complete return_value=(b'HTTP/1.1', 307, b'Temporary Redirect', [(b'Content-Type', b'text/plain; charset=utf-8'), (b'Content-Length', b'300'), (b'Connection', b'keep-alive'), (b'Date', b'Tue, 07 Jul 2026 08:21:38 GMT'), (b'Location', b'/api/resolve-cache/models/vanillaOVO/WizardCoder-Python-7B-V1.0/f85f4b80949c1451502ab32022ce23af6e3ad549/generation_config.json?%2FvanillaOVO%2FWizardCoder-Python-7B-V1.0%2Fresolve%2Fmain%2Fgeneration_config.json=&etag=%220042db4906dea66f8ffe16b19ae93522b0ca78b2%22'), (b'X-Powered-By', b'huggingface-moon'), (b'X-Request-Id', b'Root=1-6a4cb712-786a09d371cecd321d47ea83;0cc493a5-51bc-4e20-8452-11d90ed3ead3'), (b'RateLimit', b'"resolvers";r=4943;t=215'), (b'RateLimit-Policy', b'"fixed window";"resolvers";q=5000;w=300'), (b'cross-origin-opener-policy', b'same-origin'), (b'Referrer-Policy', b'strict-origin-when-cross-origin'), (b'Access-Control-Max-Age', b'86400'), (b'Access-Control-Allow-Origin', b'https://huggingface.co'), (b'Vary', b'Origin, Accept'), (b'Access-Control-Expose-Headers', b'X-Repo-Commit,X-Request-Id,X-Error-Code,X-Error-Message,X-Total-Count,ETag,Link,Accept-Ranges,Content-Range,X-Linked-Size,X-Linked-ETag,X-Xet-Hash'), (b'X-Repo-Commit', b'f85f4b80949c1451502ab32022ce23af6e3ad549'), (b'Accept-Ranges', b'bytes'), (b'X-Hub-Cache', b'MISS'), (b'Content-Disposition', b'inline; filename*=UTF-8\'\'generation_config.json; filename="generation_config.json";'), (b'Content-Security-Policy', b"default-src 'none'; sandbox"), (b'X-Linked-ETag', b'"0042db4906dea66f8ffe16b19ae93522b0ca78b2"'), (b'X-Cache', b'Miss from cloudfront'), (b'Via', b'1.1 d1a541084b4c724597617203b75efd72.cloudfront.net (CloudFront)'), (b'X-Amz-Cf-Pop', b'KIX56-P4'), (b'Alt-Svc', b'h3=":443"; ma=86400'), (b'X-Amz-Cf-Id', b'P6PGGrUkFavVX3uO4gepYsGUp7kn5vCxwLVZiNq186cCQHzEdFqGpQ==')])
INFO:httpx:HTTP Request: HEAD https://huggingface.co/vanillaOVO/WizardCoder-Python-7B-V1.0/resolve/main/generation_config.json "HTTP/1.1 307 Temporary Redirect"
DEBUG:httpcore.http11:receive_response_body.started request=<Request [b'HEAD']>
DEBUG:httpcore.http11:receive_response_body.complete
DEBUG:httpcore.http11:response_closed.started
DEBUG:httpcore.http11:response_closed.complete
DEBUG:httpcore.http11:send_request_headers.started request=<Request [b'HEAD']>
DEBUG:httpcore.http11:send_request_headers.complete
DEBUG:httpcore.http11:send_request_body.started request=<Request [b'HEAD']>
DEBUG:httpcore.http11:send_request_body.complete
DEBUG:httpcore.http11:receive_response_headers.started request=<Request [b'HEAD']>
DEBUG:httpcore.http11:receive_response_headers.complete return_value=(b'HTTP/1.1', 200, b'OK', [(b'Content-Type', b'text/plain; charset=utf-8'), (b'Content-Length', b'111'), (b'Connection', b'keep-alive'), (b'Date', b'Sun, 05 Jul 2026 13:22:11 GMT'), (b'ETag', b'"0042db4906dea66f8ffe16b19ae93522b0ca78b2"'), (b'X-Powered-By', b'huggingface-moon'), (b'X-Request-Id', b'Root=1-6a4a5a83-431ab4c2604a357d13e2cdf8;1b07d182-08f1-48b0-9ae3-ca2c8bb98657'), (b'RateLimit', b'"resolvers";r=4998;t=182'), (b'RateLimit-Policy', b'"fixed window";"resolvers";q=5000;w=300'), (b'cross-origin-opener-policy', b'same-origin'), (b'Referrer-Policy', b'strict-origin-when-cross-origin'), (b'Access-Control-Max-Age', b'86400'), (b'Access-Control-Allow-Origin', b'https://huggingface.co'), (b'Access-Control-Expose-Headers', b'X-Repo-Commit,X-Request-Id,X-Error-Code,X-Error-Message,X-Total-Count,ETag,Link,Accept-Ranges,Content-Range,X-Linked-Size,X-Linked-ETag,X-Xet-Hash'), (b'X-Repo-Commit', b'f85f4b80949c1451502ab32022ce23af6e3ad549'), (b'Accept-Ranges', b'bytes'), (b'X-Hub-Cache', b'MISS'), (b'Content-Disposition', b'inline; filename*=UTF-8\'\'generation_config.json; filename="generation_config.json";'), (b'Content-Security-Policy', b"default-src 'none'; sandbox"), (b'Vary', b'Origin'), (b'X-Cache', b'Hit from cloudfront'), (b'Via', b'1.1 d1a541084b4c724597617203b75efd72.cloudfront.net (CloudFront)'), (b'X-Amz-Cf-Pop', b'KIX56-P4'), (b'Alt-Svc', b'h3=":443"; ma=86400'), (b'X-Amz-Cf-Id', b'8_n78CUhAUmscWnknW__WKmHMqBFm4G_SmawloMk1KDDJH3n8I3gzA=='), (b'Age', b'154766')])
INFO:httpx:HTTP Request: HEAD https://huggingface.co/api/resolve-cache/models/vanillaOVO/WizardCoder-Python-7B-V1.0/f85f4b80949c1451502ab32022ce23af6e3ad549/generation_config.json "HTTP/1.1 200 OK"
DEBUG:httpcore.http11:receive_response_body.started request=<Request [b'HEAD']>
DEBUG:httpcore.http11:receive_response_body.complete
DEBUG:httpcore.http11:response_closed.started
DEBUG:httpcore.http11:response_closed.complete
DEBUG:httpcore.http11:send_request_headers.started request=<Request [b'HEAD']>
DEBUG:httpcore.http11:send_request_headers.complete
DEBUG:httpcore.http11:send_request_body.started request=<Request [b'HEAD']>
DEBUG:httpcore.http11:send_request_body.complete
DEBUG:httpcore.http11:receive_response_headers.started request=<Request [b'HEAD']>
DEBUG:httpcore.http11:receive_response_headers.complete return_value=(b'HTTP/1.1', 200, b'OK', [(b'Content-Type', b'application/json; charset=utf-8'), (b'Content-Length', b'781'), (b'Connection', b'keep-alive'), (b'Date', b'Tue, 07 Jul 2026 08:21:38 GMT'), (b'ETag', b'W/"30d-D1mJ4W8SXrjKRwuwMoLf4HUvCPI"'), (b'X-Powered-By', b'huggingface-moon'), (b'X-Request-Id', b'Root=1-6a4cb712-1fe60ca17b4ad7e35fa92d77;c5c0d75d-4dbc-4179-b60a-539d8d69957f'), (b'RateLimit', b'"api";r=975;t=215'), (b'RateLimit-Policy', b'"fixed window";"api";q=1000;w=300'), (b'cross-origin-opener-policy', b'same-origin'), (b'Referrer-Policy', b'strict-origin-when-cross-origin'), (b'Access-Control-Max-Age', b'86400'), (b'Access-Control-Allow-Origin', b'https://huggingface.co'), (b'Vary', b'Origin'), (b'Access-Control-Expose-Headers', b'X-Repo-Commit,X-Request-Id,X-Error-Code,X-Error-Message,X-Total-Count,ETag,Link,Accept-Ranges,Content-Range,X-Linked-Size,X-Linked-ETag,X-Xet-Hash'), (b'X-Cache', b'Miss from cloudfront'), (b'Via', b'1.1 c4f8afb556f9258ac7023e7bdfda98e6.cloudfront.net (CloudFront)'), (b'X-Amz-Cf-Pop', b'KIX56-P4'), (b'Alt-Svc', b'h3=":443"; ma=86400'), (b'X-Amz-Cf-Id', b'ltDSjIz4lDWXZoABzE3WmIfnrWTM7GdPJyaMIcPu6B0mhAQ4u4XS6g==')])
INFO:httpx:HTTP Request: GET https://huggingface.co/api/models/vanillaOVO/WizardCoder-Python-7B-V1.0/discussions?p=0 "HTTP/1.1 200 OK"
DEBUG:httpcore.http11:receive_response_body.started request=<Request [b'GET']>
DEBUG:httpcore.http11:receive_response_body.complete
DEBUG:httpcore.http11:response_closed.started
DEBUG:httpcore.http11:response_closed.complete
DEBUG:httpcore.http11:send_request_headers.started request=<Request [b'GET']>
DEBUG:httpcore.http11:send_request_headers.complete
DEBUG:httpcore.http11:send_request_body.started request=<Request [b'GET']>
DEBUG:httpcore.http11:send_request_body.complete
DEBUG:httpcore.http11:receive_response_headers.started request=<Request [b'GET']>
DEBUG:httpcore.http11:receive_response_headers.complete return_value=(b'HTTP/1.1', 307, b'Temporary Redirect', [(b'Content-Type', b'text/plain; charset=utf-8'), (b'Content-Length', b'278'), (b'Connection', b'keep-alive'), (b'Date', b'Tue, 07 Jul 2026 08:21:38 GMT'), (b'Location', b'/api/resolve-cache/models/vanillaOVO/WizardCoder-Python-7B-V1.0/f85f4b80949c1451502ab32022ce23af6e3ad549/config.json?%2FvanillaOVO%2FWizardCoder-Python-7B-V1.0%2Fresolve%2Fmain%2Fconfig.json=&etag=%22bd034ee8b672624feb3c49fbad00cb47f784f88d%22'), (b'X-Powered-By', b'huggingface-moon'), (b'X-Request-Id', b'Root=1-6a4cb712-36251c5d73e3cf3b20753117;6b48b6c7-4386-490f-8bbb-a0fce2cea1d0'), (b'RateLimit', b'"resolvers";r=4942;t=215'), (b'RateLimit-Policy', b'"fixed window";"resolvers";q=5000;w=300'), (b'cross-origin-opener-policy', b'same-origin'), (b'Referrer-Policy', b'strict-origin-when-cross-origin'), (b'Access-Control-Max-Age', b'86400'), (b'Access-Control-Allow-Origin', b'https://huggingface.co'), (b'Vary', b'Origin, Accept'), (b'Access-Control-Expose-Headers', b'X-Repo-Commit,X-Request-Id,X-Error-Code,X-Error-Message,X-Total-Count,ETag,Link,Accept-Ranges,Content-Range,X-Linked-Size,X-Linked-ETag,X-Xet-Hash'), (b'X-Repo-Commit', b'f85f4b80949c1451502ab32022ce23af6e3ad549'), (b'Accept-Ranges', b'bytes'), (b'X-Hub-Cache', b'MISS'), (b'Content-Disposition', b'inline; filename*=UTF-8\'\'config.json; filename="config.json";'), (b'Content-Security-Policy', b"default-src 'none'; sandbox"), (b'X-Linked-ETag', b'"bd034ee8b672624feb3c49fbad00cb47f784f88d"'), (b'X-Cache', b'Miss from cloudfront'), (b'Via', b'1.1 d1a541084b4c724597617203b75efd72.cloudfront.net (CloudFront)'), (b'X-Amz-Cf-Pop', b'KIX56-P4'), (b'Alt-Svc', b'h3=":443"; ma=86400'), (b'X-Amz-Cf-Id', b'StUf3Qoq2JKt21sLKtngmApfPxVinxSuPHC6OsDvX3IRDS23uyRipg==')])
INFO:httpx:HTTP Request: HEAD https://huggingface.co/vanillaOVO/WizardCoder-Python-7B-V1.0/resolve/main/config.json "HTTP/1.1 307 Temporary Redirect"
DEBUG:httpcore.http11:receive_response_body.started request=<Request [b'HEAD']>
DEBUG:httpcore.http11:receive_response_body.complete
DEBUG:httpcore.http11:response_closed.started
DEBUG:httpcore.http11:response_closed.complete
DEBUG:httpcore.http11:send_request_headers.started request=<Request [b'HEAD']>
DEBUG:httpcore.http11:send_request_headers.complete
DEBUG:httpcore.http11:send_request_body.started request=<Request [b'HEAD']>
DEBUG:httpcore.http11:send_request_body.complete
DEBUG:httpcore.http11:receive_response_headers.started request=<Request [b'HEAD']>
DEBUG:httpcore.http11:receive_response_headers.complete return_value=(b'HTTP/1.1', 200, b'OK', [(b'Content-Type', b'text/plain; charset=utf-8'), (b'Content-Length', b'716'), (b'Connection', b'keep-alive'), (b'Date', b'Sun, 05 Jul 2026 13:02:22 GMT'), (b'ETag', b'"bd034ee8b672624feb3c49fbad00cb47f784f88d"'), (b'X-Powered-By', b'huggingface-moon'), (b'X-Request-Id', b'Root=1-6a4a55de-0e22b5007beee3416eea8cea;3c7fc1ff-639b-424d-ad3b-d232b83f5a69'), (b'RateLimit', b'"resolvers";r=4998;t=171'), (b'RateLimit-Policy', b'"fixed window";"resolvers";q=5000;w=300'), (b'cross-origin-opener-policy', b'same-origin'), (b'Referrer-Policy', b'strict-origin-when-cross-origin'), (b'Access-Control-Max-Age', b'86400'), (b'Access-Control-Allow-Origin', b'https://huggingface.co'), (b'Access-Control-Expose-Headers', b'X-Repo-Commit,X-Request-Id,X-Error-Code,X-Error-Message,X-Total-Count,ETag,Link,Accept-Ranges,Content-Range,X-Linked-Size,X-Linked-ETag,X-Xet-Hash'), (b'X-Repo-Commit', b'f85f4b80949c1451502ab32022ce23af6e3ad549'), (b'Accept-Ranges', b'bytes'), (b'X-Hub-Cache', b'MISS'), (b'Content-Disposition', b'inline; filename*=UTF-8\'\'config.json; filename="config.json";'), (b'Content-Security-Policy', b"default-src 'none'; sandbox"), (b'Vary', b'Origin'), (b'X-Cache', b'Hit from cloudfront'), (b'Via', b'1.1 d1a541084b4c724597617203b75efd72.cloudfront.net (CloudFront)'), (b'X-Amz-Cf-Pop', b'KIX56-P4'), (b'Alt-Svc', b'h3=":443"; ma=86400'), (b'X-Amz-Cf-Id', b'cwkCFSKvIG5-C2NyLe-cLrzPcIWa8sCLrKR2FyIOfOtI8jGg--XzCw=='), (b'Age', b'155956')])
INFO:httpx:HTTP Request: HEAD https://huggingface.co/api/resolve-cache/models/vanillaOVO/WizardCoder-Python-7B-V1.0/f85f4b80949c1451502ab32022ce23af6e3ad549/config.json "HTTP/1.1 200 OK"
DEBUG:httpcore.http11:receive_response_body.started request=<Request [b'HEAD']>
DEBUG:httpcore.http11:receive_response_body.complete
DEBUG:httpcore.http11:response_closed.started
DEBUG:httpcore.http11:response_closed.complete
DEBUG:httpcore.http11:send_request_headers.started request=<Request [b'HEAD']>
DEBUG:httpcore.http11:send_request_headers.complete
DEBUG:httpcore.http11:send_request_body.started request=<Request [b'HEAD']>
DEBUG:httpcore.http11:send_request_body.complete
DEBUG:httpcore.http11:receive_response_headers.started request=<Request [b'HEAD']>
DEBUG:httpcore.http11:receive_response_headers.complete return_value=(b'HTTP/1.1', 200, b'OK', [(b'Content-Type', b'application/json; charset=utf-8'), (b'Transfer-Encoding', b'chunked'), (b'Connection', b'keep-alive'), (b'Date', b'Tue, 07 Jul 2026 08:21:38 GMT'), (b'content-encoding', b'gzip'), (b'ETag', b'W/"615-yp4h2TCVMlsUmzUhWtmAVTpvF+Y"'), (b'X-Powered-By', b'huggingface-moon'), (b'X-Request-Id', b'Root=1-6a4cb712-6ee3ffaf30cc8e9f33a3facd;0834cf00-3577-4a5a-99cf-f79d2ae6b1eb'), (b'RateLimit', b'"api";r=974;t=215'), (b'RateLimit-Policy', b'"fixed window";"api";q=1000;w=300'), (b'cross-origin-opener-policy', b'same-origin'), (b'Referrer-Policy', b'strict-origin-when-cross-origin'), (b'Access-Control-Max-Age', b'86400'), (b'Access-Control-Allow-Origin', b'https://huggingface.co'), (b'Vary', b'Origin'), (b'vary', b'Accept-Encoding'), (b'Access-Control-Expose-Headers', b'X-Repo-Commit,X-Request-Id,X-Error-Code,X-Error-Message,X-Total-Count,ETag,Link,Accept-Ranges,Content-Range,X-Linked-Size,X-Linked-ETag,X-Xet-Hash'), (b'X-Total-Count', b'4'), (b'X-Cache', b'Miss from cloudfront'), (b'Via', b'1.1 c4f8afb556f9258ac7023e7bdfda98e6.cloudfront.net (CloudFront)'), (b'X-Amz-Cf-Pop', b'KIX56-P4'), (b'Alt-Svc', b'h3=":443"; ma=86400'), (b'X-Amz-Cf-Id', b'lCRZUryycch8S-Xrm2zFECgP4bHdW7MsAjXLqPB39UH2BOaqXgL2Pg==')])
INFO:httpx:HTTP Request: GET https://huggingface.co/api/models/vanillaOVO/WizardCoder-Python-7B-V1.0/commits/refs%2Fpr%2F1 "HTTP/1.1 200 OK"
DEBUG:httpcore.http11:receive_response_body.started request=<Request [b'GET']>
DEBUG:httpcore.http11:receive_response_body.complete
DEBUG:httpcore.http11:response_closed.started
DEBUG:httpcore.http11:response_closed.complete
DEBUG:httpcore.http11:send_request_headers.started request=<Request [b'HEAD']>
DEBUG:httpcore.http11:send_request_headers.complete
DEBUG:httpcore.http11:send_request_body.started request=<Request [b'HEAD']>
DEBUG:httpcore.http11:send_request_body.complete
DEBUG:httpcore.http11:receive_response_headers.started request=<Request [b'HEAD']>
DEBUG:httpcore.http11:receive_response_headers.complete return_value=(b'HTTP/1.1', 307, b'Temporary Redirect', [(b'Content-Type', b'text/plain; charset=utf-8'), (b'Content-Length', b'298'), (b'Connection', b'keep-alive'), (b'Date', b'Tue, 07 Jul 2026 08:21:38 GMT'), (b'Location', b'/api/resolve-cache/models/vanillaOVO/WizardCoder-Python-7B-V1.0/f85f4b80949c1451502ab32022ce23af6e3ad549/tokenizer_config.json?%2FvanillaOVO%2FWizardCoder-Python-7B-V1.0%2Fresolve%2Fmain%2Ftokenizer_config.json=&etag=%22868d5f5a7d04a3232982a84cc46db7e60e260b9f%22'), (b'X-Powered-By', b'huggingface-moon'), (b'X-Request-Id', b'Root=1-6a4cb712-778def981d6e69346b839721;ae714f7e-33b0-4485-ab3b-f0679bfbbc26'), (b'RateLimit', b'"resolvers";r=4940;t=215'), (b'RateLimit-Policy', b'"fixed window";"resolvers";q=5000;w=300'), (b'cross-origin-opener-policy', b'same-origin'), (b'Referrer-Policy', b'strict-origin-when-cross-origin'), (b'Access-Control-Max-Age', b'86400'), (b'Access-Control-Allow-Origin', b'https://huggingface.co'), (b'Vary', b'Origin, Accept'), (b'Access-Control-Expose-Headers', b'X-Repo-Commit,X-Request-Id,X-Error-Code,X-Error-Message,X-Total-Count,ETag,Link,Accept-Ranges,Content-Range,X-Linked-Size,X-Linked-ETag,X-Xet-Hash'), (b'X-Repo-Commit', b'f85f4b80949c1451502ab32022ce23af6e3ad549'), (b'Accept-Ranges', b'bytes'), (b'X-Hub-Cache', b'MISS'), (b'Content-Disposition', b'inline; filename*=UTF-8\'\'tokenizer_config.json; filename="tokenizer_config.json";'), (b'Content-Security-Policy', b"default-src 'none'; sandbox"), (b'X-Linked-ETag', b'"868d5f5a7d04a3232982a84cc46db7e60e260b9f"'), (b'X-Cache', b'Miss from cloudfront'), (b'Via', b'1.1 d1a541084b4c724597617203b75efd72.cloudfront.net (CloudFront)'), (b'X-Amz-Cf-Pop', b'KIX56-P4'), (b'Alt-Svc', b'h3=":443"; ma=86400'), (b'X-Amz-Cf-Id', b'BIGIOnCSLvs5s-bIa8Waq3sPsysEeqmkBGPb8QcaNSIn-0FVRPWw3A==')])
INFO:httpx:HTTP Request: HEAD https://huggingface.co/vanillaOVO/WizardCoder-Python-7B-V1.0/resolve/main/tokenizer_config.json "HTTP/1.1 307 Temporary Redirect"
DEBUG:httpcore.http11:receive_response_body.started request=<Request [b'HEAD']>
DEBUG:httpcore.http11:receive_response_body.complete
DEBUG:httpcore.http11:response_closed.started
DEBUG:httpcore.http11:response_closed.complete
DEBUG:httpcore.http11:send_request_headers.started request=<Request [b'HEAD']>
DEBUG:httpcore.http11:send_request_headers.complete
DEBUG:httpcore.http11:send_request_body.started request=<Request [b'HEAD']>
DEBUG:httpcore.http11:send_request_body.complete
DEBUG:httpcore.http11:receive_response_headers.started request=<Request [b'HEAD']>
DEBUG:httpcore.http11:receive_response_headers.complete return_value=(b'HTTP/1.1', 200, b'OK', [(b'Content-Type', b'text/plain; charset=utf-8'), (b'Content-Length', b'721'), (b'Connection', b'keep-alive'), (b'Date', b'Sun, 05 Jul 2026 13:22:40 GMT'), (b'ETag', b'"868d5f5a7d04a3232982a84cc46db7e60e260b9f"'), (b'X-Powered-By', b'huggingface-moon'), (b'X-Request-Id', b'Root=1-6a4a5aa0-5abdb0f129b7eca87abeada2;a2bbffa6-de4a-45bd-a1b0-6082dd43054e'), (b'RateLimit', b'"resolvers";r=4979;t=153'), (b'RateLimit-Policy', b'"fixed window";"resolvers";q=5000;w=300'), (b'cross-origin-opener-policy', b'same-origin'), (b'Referrer-Policy', b'strict-origin-when-cross-origin'), (b'Access-Control-Max-Age', b'86400'), (b'Access-Control-Allow-Origin', b'https://huggingface.co'), (b'Access-Control-Expose-Headers', b'X-Repo-Commit,X-Request-Id,X-Error-Code,X-Error-Message,X-Total-Count,ETag,Link,Accept-Ranges,Content-Range,X-Linked-Size,X-Linked-ETag,X-Xet-Hash'), (b'X-Repo-Commit', b'f85f4b80949c1451502ab32022ce23af6e3ad549'), (b'Accept-Ranges', b'bytes'), (b'X-Hub-Cache', b'MISS'), (b'Content-Disposition', b'inline; filename*=UTF-8\'\'tokenizer_config.json; filename="tokenizer_config.json";'), (b'Content-Security-Policy', b"default-src 'none'; sandbox"), (b'Vary', b'Origin'), (b'X-Cache', b'Hit from cloudfront'), (b'Via', b'1.1 d1a541084b4c724597617203b75efd72.cloudfront.net (CloudFront)'), (b'X-Amz-Cf-Pop', b'KIX56-P4'), (b'Alt-Svc', b'h3=":443"; ma=86400'), (b'X-Amz-Cf-Id', b'dZqrvEFJ0TR8G39I__081oORYpbEe-SDgEPifI1erCdlM0uTJlI5Uw=='), (b'Age', b'154738')])
INFO:httpx:HTTP Request: HEAD https://huggingface.co/api/resolve-cache/models/vanillaOVO/WizardCoder-Python-7B-V1.0/f85f4b80949c1451502ab32022ce23af6e3ad549/tokenizer_config.json "HTTP/1.1 200 OK"
DEBUG:httpcore.http11:receive_response_body.started request=<Request [b'HEAD']>
DEBUG:httpcore.http11:receive_response_body.complete
DEBUG:httpcore.http11:response_closed.started
DEBUG:httpcore.http11:response_closed.complete
DEBUG:httpcore.http11:send_request_headers.started request=<Request [b'GET']>
DEBUG:httpcore.http11:send_request_headers.complete
DEBUG:httpcore.http11:send_request_body.started request=<Request [b'GET']>
DEBUG:httpcore.http11:send_request_body.complete
DEBUG:httpcore.http11:receive_response_headers.started request=<Request [b'GET']>
DEBUG:httpcore.http11:receive_response_headers.complete return_value=(b'HTTP/1.1', 307, b'Temporary Redirect', [(b'Content-Type', b'text/plain; charset=utf-8'), (b'Content-Length', b'321'), (b'Connection', b'keep-alive'), (b'Date', b'Tue, 07 Jul 2026 08:21:39 GMT'), (b'Location', b'/api/resolve-cache/models/vanillaOVO/WizardCoder-Python-7B-V1.0/10b5af0624f144dde53549c5a7fe75888cd70a20/model.safetensors.index.json?%2FvanillaOVO%2FWizardCoder-Python-7B-V1.0%2Fresolve%2Frefs%2Fpr%2F1%2Fmodel.safetensors.index.json=&etag=%225fcfc28828909f9e666c582466cb3d3240dd90bf%22'), (b'X-Powered-By', b'huggingface-moon'), (b'X-Request-Id', b'Root=1-6a4cb712-22ac81ef44932e857a8470e3;0a231dd5-827f-43b9-94f4-0ee37ee9c97e'), (b'RateLimit', b'"resolvers";r=4938;t=215'), (b'RateLimit-Policy', b'"fixed window";"resolvers";q=5000;w=300'), (b'cross-origin-opener-policy', b'same-origin'), (b'Referrer-Policy', b'strict-origin-when-cross-origin'), (b'Access-Control-Max-Age', b'86400'), (b'Access-Control-Allow-Origin', b'https://huggingface.co'), (b'Vary', b'Origin, Accept'), (b'Access-Control-Expose-Headers', b'X-Repo-Commit,X-Request-Id,X-Error-Code,X-Error-Message,X-Total-Count,ETag,Link,Accept-Ranges,Content-Range,X-Linked-Size,X-Linked-ETag,X-Xet-Hash'), (b'X-Repo-Commit', b'10b5af0624f144dde53549c5a7fe75888cd70a20'), (b'Accept-Ranges', b'bytes'), (b'X-Hub-Cache', b'MISS'), (b'Content-Disposition', b'inline; filename*=UTF-8\'\'model.safetensors.index.json; filename="model.safetensors.index.json";'), (b'Content-Security-Policy', b"default-src 'none'; sandbox"), (b'X-Linked-ETag', b'"5fcfc28828909f9e666c582466cb3d3240dd90bf"'), (b'X-Cache', b'Miss from cloudfront'), (b'Via', b'1.1 c4f8afb556f9258ac7023e7bdfda98e6.cloudfront.net (CloudFront)'), (b'X-Amz-Cf-Pop', b'KIX56-P4'), (b'Alt-Svc', b'h3=":443"; ma=86400'), (b'X-Amz-Cf-Id', b'CtxLeGT8limNibnOFlu3vka9KTdf4pJtWXO6zfWfCzqxwg_Sh6Mvww==')])
INFO:httpx:HTTP Request: HEAD https://huggingface.co/vanillaOVO/WizardCoder-Python-7B-V1.0/resolve/refs%2Fpr%2F1/model.safetensors.index.json "HTTP/1.1 307 Temporary Redirect"
DEBUG:httpcore.http11:receive_response_body.started request=<Request [b'HEAD']>
DEBUG:httpcore.http11:receive_response_body.complete
DEBUG:httpcore.http11:response_closed.started
DEBUG:httpcore.http11:response_closed.complete
DEBUG:httpcore.http11:send_request_headers.started request=<Request [b'HEAD']>
DEBUG:httpcore.http11:send_request_headers.complete
DEBUG:httpcore.http11:send_request_body.started request=<Request [b'HEAD']>
DEBUG:httpcore.http11:send_request_body.complete
DEBUG:httpcore.http11:receive_response_headers.started request=<Request [b'HEAD']>
DEBUG:httpcore.http11:receive_response_headers.complete return_value=(b'HTTP/1.1', 200, b'OK', [(b'Content-Type', b'text/plain; charset=utf-8'), (b'Content-Length', b'28091'), (b'Connection', b'keep-alive'), (b'Date', b'Sun, 05 Jul 2026 13:02:27 GMT'), (b'ETag', b'"5fcfc28828909f9e666c582466cb3d3240dd90bf"'), (b'X-Powered-By', b'huggingface-moon'), (b'X-Request-Id', b'Root=1-6a4a55e3-0c48893a4ab5b0f70df4c47a;00de9f7d-91b0-4cf4-b9b4-a338aa4a8900'), (b'RateLimit', b'"resolvers";r=4984;t=166'), (b'RateLimit-Policy', b'"fixed window";"resolvers";q=5000;w=300'), (b'cross-origin-opener-policy', b'same-origin'), (b'Referrer-Policy', b'strict-origin-when-cross-origin'), (b'Access-Control-Max-Age', b'86400'), (b'Access-Control-Allow-Origin', b'https://huggingface.co'), (b'Access-Control-Expose-Headers', b'X-Repo-Commit,X-Request-Id,X-Error-Code,X-Error-Message,X-Total-Count,ETag,Link,Accept-Ranges,Content-Range,X-Linked-Size,X-Linked-ETag,X-Xet-Hash'), (b'X-Repo-Commit', b'10b5af0624f144dde53549c5a7fe75888cd70a20'), (b'Accept-Ranges', b'bytes'), (b'X-Hub-Cache', b'MISS'), (b'Content-Disposition', b'inline; filename*=UTF-8\'\'model.safetensors.index.json; filename="model.safetensors.index.json";'), (b'Content-Security-Policy', b"default-src 'none'; sandbox"), (b'Vary', b'Origin'), (b'X-Cache', b'Hit from cloudfront'), (b'Via', b'1.1 c4f8afb556f9258ac7023e7bdfda98e6.cloudfront.net (CloudFront)'), (b'X-Amz-Cf-Pop', b'KIX56-P4'), (b'Alt-Svc', b'h3=":443"; ma=86400'), (b'X-Amz-Cf-Id', b'PVdtY8PtgNW-dMR531eag581YK0oLdWyAedt-7ELC8i_c1MRZgjnJw=='), (b'Age', b'155952')])
INFO:httpx:HTTP Request: HEAD https://huggingface.co/api/resolve-cache/models/vanillaOVO/WizardCoder-Python-7B-V1.0/10b5af0624f144dde53549c5a7fe75888cd70a20/model.safetensors.index.json "HTTP/1.1 200 OK"
DEBUG:httpcore.http11:receive_response_body.started request=<Request [b'HEAD']>
DEBUG:httpcore.http11:receive_response_body.complete
DEBUG:httpcore.http11:response_closed.started
DEBUG:httpcore.http11:response_closed.complete
DEBUG:httpcore.http11:send_request_headers.started request=<Request [b'HEAD']>
DEBUG:httpcore.http11:send_request_headers.complete
DEBUG:httpcore.http11:send_request_body.started request=<Request [b'HEAD']>
DEBUG:httpcore.http11:send_request_body.complete
DEBUG:httpcore.http11:receive_response_headers.started request=<Request [b'HEAD']>
DEBUG:httpcore.http11:receive_response_headers.complete return_value=(b'HTTP/1.1', 404, b'Not Found', [(b'Content-Type', b'application/json; charset=utf-8'), (b'Content-Length', b'64'), (b'Connection', b'keep-alive'), (b'Date', b'Tue, 07 Jul 2026 08:21:39 GMT'), (b'ETag', b'W/"40-09f9IAqP13xarAhQxFS2W8rvRkM"'), (b'X-Powered-By', b'huggingface-moon'), (b'X-Request-Id', b'Root=1-6a4cb713-422319e323a1b4db362668b1;265bfb27-5939-4ca6-9216-fa0d37782c6f'), (b'RateLimit', b'"api";r=973;t=214'), (b'RateLimit-Policy', b'"fixed window";"api";q=1000;w=300'), (b'cross-origin-opener-policy', b'same-origin'), (b'Referrer-Policy', b'strict-origin-when-cross-origin'), (b'Access-Control-Max-Age', b'86400'), (b'Access-Control-Allow-Origin', b'https://huggingface.co'), (b'Vary', b'Origin'), (b'Access-Control-Expose-Headers', b'X-Repo-Commit,X-Request-Id,X-Error-Code,X-Error-Message,X-Total-Count,ETag,Link,Accept-Ranges,Content-Range,X-Linked-Size,X-Linked-ETag,X-Xet-Hash'), (b'X-Error-Code', b'EntryNotFound'), (b'X-Error-Message', b'additional_chat_templates does not exist on "main"'), (b'X-Cache', b'Error from cloudfront'), (b'Via', b'1.1 d1a541084b4c724597617203b75efd72.cloudfront.net (CloudFront)'), (b'X-Amz-Cf-Pop', b'KIX56-P4'), (b'Alt-Svc', b'h3=":443"; ma=86400'), (b'X-Amz-Cf-Id', b'lhL383DyXVF1T-AKhfMXTuNArcN9VCERioyICl7W0qTkr1MlRsi2SQ==')])
INFO:httpx:HTTP Request: GET https://huggingface.co/api/models/vanillaOVO/WizardCoder-Python-7B-V1.0/tree/main/additional_chat_templates?recursive=false&expand=false "HTTP/1.1 404 Not Found"
DEBUG:httpcore.http11:receive_response_body.started request=<Request [b'GET']>
DEBUG:httpcore.http11:receive_response_body.complete
DEBUG:httpcore.http11:response_closed.started
DEBUG:httpcore.http11:response_closed.complete
DEBUG:httpcore.http11:send_request_headers.started request=<Request [b'GET']>
DEBUG:httpcore.http11:send_request_headers.complete
DEBUG:httpcore.http11:send_request_body.started request=<Request [b'GET']>
DEBUG:httpcore.http11:send_request_body.complete
DEBUG:httpcore.http11:receive_response_headers.started request=<Request [b'GET']>
DEBUG:httpcore.http11:receive_response_headers.complete return_value=(b'HTTP/1.1', 307, b'Temporary Redirect', [(b'Content-Type', b'text/plain; charset=utf-8'), (b'Content-Length', b'321'), (b'Connection', b'keep-alive'), (b'Date', b'Tue, 07 Jul 2026 08:21:39 GMT'), (b'Location', b'/api/resolve-cache/models/vanillaOVO/WizardCoder-Python-7B-V1.0/10b5af0624f144dde53549c5a7fe75888cd70a20/model.safetensors.index.json?%2FvanillaOVO%2FWizardCoder-Python-7B-V1.0%2Fresolve%2Frefs%2Fpr%2F1%2Fmodel.safetensors.index.json=&etag=%225fcfc28828909f9e666c582466cb3d3240dd90bf%22'), (b'X-Powered-By', b'huggingface-moon'), (b'X-Request-Id', b'Root=1-6a4cb713-6130cd9f4b4f25e865442332;c04d2fba-7bc0-41d6-bac8-bb75397c541d'), (b'RateLimit', b'"resolvers";r=4937;t=214'), (b'RateLimit-Policy', b'"fixed window";"resolvers";q=5000;w=300'), (b'cross-origin-opener-policy', b'same-origin'), (b'Referrer-Policy', b'strict-origin-when-cross-origin'), (b'Access-Control-Max-Age', b'86400'), (b'Access-Control-Allow-Origin', b'https://huggingface.co'), (b'Vary', b'Origin, Accept'), (b'Access-Control-Expose-Headers', b'X-Repo-Commit,X-Request-Id,X-Error-Code,X-Error-Message,X-Total-Count,ETag,Link,Accept-Ranges,Content-Range,X-Linked-Size,X-Linked-ETag,X-Xet-Hash'), (b'X-Repo-Commit', b'10b5af0624f144dde53549c5a7fe75888cd70a20'), (b'Accept-Ranges', b'bytes'), (b'X-Hub-Cache', b'HIT'), (b'Content-Disposition', b'inline; filename*=UTF-8\'\'model.safetensors.index.json; filename="model.safetensors.index.json";'), (b'Content-Security-Policy', b"default-src 'none'; sandbox"), (b'X-Linked-ETag', b'"5fcfc28828909f9e666c582466cb3d3240dd90bf"'), (b'X-Cache', b'Miss from cloudfront'), (b'Via', b'1.1 c4f8afb556f9258ac7023e7bdfda98e6.cloudfront.net (CloudFront)'), (b'X-Amz-Cf-Pop', b'KIX56-P4'), (b'Alt-Svc', b'h3=":443"; ma=86400'), (b'X-Amz-Cf-Id', b'Ll6GYDeVBT_kLeUysJ1h-d-Xt5pwWUXYq_ZVIQL0leO42eWpODM-9w==')])
INFO:httpx:HTTP Request: HEAD https://huggingface.co/vanillaOVO/WizardCoder-Python-7B-V1.0/resolve/refs%2Fpr%2F1/model.safetensors.index.json "HTTP/1.1 307 Temporary Redirect"
DEBUG:httpcore.http11:receive_response_body.started request=<Request [b'HEAD']>
DEBUG:httpcore.http11:receive_response_body.complete
DEBUG:httpcore.http11:response_closed.started
DEBUG:httpcore.http11:response_closed.complete
DEBUG:httpcore.http11:send_request_headers.started request=<Request [b'HEAD']>
DEBUG:httpcore.http11:send_request_headers.complete
DEBUG:httpcore.http11:send_request_body.started request=<Request [b'HEAD']>
DEBUG:httpcore.http11:send_request_body.complete
DEBUG:httpcore.http11:receive_response_headers.started request=<Request [b'HEAD']>
DEBUG:httpcore.http11:receive_response_headers.complete return_value=(b'HTTP/1.1', 200, b'OK', [(b'Content-Type', b'text/plain; charset=utf-8'), (b'Content-Length', b'28091'), (b'Connection', b'keep-alive'), (b'Date', b'Sun, 05 Jul 2026 13:02:27 GMT'), (b'ETag', b'"5fcfc28828909f9e666c582466cb3d3240dd90bf"'), (b'X-Powered-By', b'huggingface-moon'), (b'X-Request-Id', b'Root=1-6a4a55e3-0c48893a4ab5b0f70df4c47a;00de9f7d-91b0-4cf4-b9b4-a338aa4a8900'), (b'RateLimit', b'"resolvers";r=4984;t=166'), (b'RateLimit-Policy', b'"fixed window";"resolvers";q=5000;w=300'), (b'cross-origin-opener-policy', b'same-origin'), (b'Referrer-Policy', b'strict-origin-when-cross-origin'), (b'Access-Control-Max-Age', b'86400'), (b'Access-Control-Allow-Origin', b'https://huggingface.co'), (b'Access-Control-Expose-Headers', b'X-Repo-Commit,X-Request-Id,X-Error-Code,X-Error-Message,X-Total-Count,ETag,Link,Accept-Ranges,Content-Range,X-Linked-Size,X-Linked-ETag,X-Xet-Hash'), (b'X-Repo-Commit', b'10b5af0624f144dde53549c5a7fe75888cd70a20'), (b'Accept-Ranges', b'bytes'), (b'X-Hub-Cache', b'MISS'), (b'Content-Disposition', b'inline; filename*=UTF-8\'\'model.safetensors.index.json; filename="model.safetensors.index.json";'), (b'Content-Security-Policy', b"default-src 'none'; sandbox"), (b'Vary', b'Origin'), (b'X-Cache', b'Hit from cloudfront'), (b'Via', b'1.1 c4f8afb556f9258ac7023e7bdfda98e6.cloudfront.net (CloudFront)'), (b'X-Amz-Cf-Pop', b'KIX56-P4'), (b'Alt-Svc', b'h3=":443"; ma=86400'), (b'X-Amz-Cf-Id', b'Y9vwM_RdUZIYi4bEUlD02iIsgDEJl6oAc_00Mc7Tx1JmC5cn4mmAVg=='), (b'Age', b'155952')])
INFO:httpx:HTTP Request: HEAD https://huggingface.co/api/resolve-cache/models/vanillaOVO/WizardCoder-Python-7B-V1.0/10b5af0624f144dde53549c5a7fe75888cd70a20/model.safetensors.index.json "HTTP/1.1 200 OK"
DEBUG:httpcore.http11:receive_response_body.started request=<Request [b'HEAD']>
DEBUG:httpcore.http11:receive_response_body.complete
DEBUG:httpcore.http11:response_closed.started
DEBUG:httpcore.http11:response_closed.complete
DEBUG:httpcore.http11:receive_response_headers.complete return_value=(b'HTTP/1.1', 200, b'OK', [(b'Content-Type', b'application/json; charset=utf-8'), (b'Transfer-Encoding', b'chunked'), (b'Connection', b'keep-alive'), (b'Date', b'Tue, 07 Jul 2026 08:21:39 GMT'), (b'content-encoding', b'gzip'), (b'ETag', b'W/"750-r9A8Eee6OwafJmw7A6ZSsJfT/GI"'), (b'X-Powered-By', b'huggingface-moon'), (b'X-Request-Id', b'Root=1-6a4cb713-1c33a79e6e315f9714ce8f0d;a0cf50c7-3d0d-467f-bc80-635155d5e863'), (b'RateLimit', b'"api";r=972;t=214'), (b'RateLimit-Policy', b'"fixed window";"api";q=1000;w=300'), (b'cross-origin-opener-policy', b'same-origin'), (b'Referrer-Policy', b'strict-origin-when-cross-origin'), (b'Access-Control-Max-Age', b'86400'), (b'Access-Control-Allow-Origin', b'https://huggingface.co'), (b'Vary', b'Origin'), (b'vary', b'Accept-Encoding'), (b'Access-Control-Expose-Headers', b'X-Repo-Commit,X-Request-Id,X-Error-Code,X-Error-Message,X-Total-Count,ETag,Link,Accept-Ranges,Content-Range,X-Linked-Size,X-Linked-ETag,X-Xet-Hash'), (b'X-Cache', b'Miss from cloudfront'), (b'Via', b'1.1 d1a541084b4c724597617203b75efd72.cloudfront.net (CloudFront)'), (b'X-Amz-Cf-Pop', b'KIX56-P4'), (b'Alt-Svc', b'h3=":443"; ma=86400'), (b'X-Amz-Cf-Id', b'E3ZAuUcnHX0NH-c6mKPrf6FpUOM1fuPD0923Fjrwkh2K1iAtXauy7Q==')])
INFO:httpx:HTTP Request: GET https://huggingface.co/api/models/vanillaOVO/WizardCoder-Python-7B-V1.0/tree/main?recursive=true&expand=false "HTTP/1.1 200 OK"
DEBUG:httpcore.http11:receive_response_body.started request=<Request [b'GET']>
DEBUG:httpcore.http11:receive_response_body.complete
DEBUG:httpcore.http11:response_closed.started
DEBUG:httpcore.http11:response_closed.complete
DEBUG:httpcore.http11:send_request_headers.started request=<Request [b'HEAD']>
DEBUG:httpcore.http11:send_request_headers.complete
DEBUG:httpcore.http11:send_request_body.started request=<Request [b'HEAD']>
DEBUG:httpcore.http11:send_request_body.complete
DEBUG:httpcore.http11:receive_response_headers.started request=<Request [b'HEAD']>
DEBUG:httpcore.http11:receive_response_headers.complete return_value=(b'HTTP/1.1', 307, b'Temporary Redirect', [(b'Content-Type', b'text/plain; charset=utf-8'), (b'Content-Length', b'278'), (b'Connection', b'keep-alive'), (b'Date', b'Tue, 07 Jul 2026 08:21:39 GMT'), (b'Location', b'/api/resolve-cache/models/vanillaOVO/WizardCoder-Python-7B-V1.0/f85f4b80949c1451502ab32022ce23af6e3ad549/config.json?%2FvanillaOVO%2FWizardCoder-Python-7B-V1.0%2Fresolve%2Fmain%2Fconfig.json=&etag=%22bd034ee8b672624feb3c49fbad00cb47f784f88d%22'), (b'X-Powered-By', b'huggingface-moon'), (b'X-Request-Id', b'Root=1-6a4cb713-695635d45144ea886fca14c7;1495a4a2-f225-4de7-bf94-74e60fac5164'), (b'RateLimit', b'"resolvers";r=4935;t=214'), (b'RateLimit-Policy', b'"fixed window";"resolvers";q=5000;w=300'), (b'cross-origin-opener-policy', b'same-origin'), (b'Referrer-Policy', b'strict-origin-when-cross-origin'), (b'Access-Control-Max-Age', b'86400'), (b'Access-Control-Allow-Origin', b'https://huggingface.co'), (b'Vary', b'Origin, Accept'), (b'Access-Control-Expose-Headers', b'X-Repo-Commit,X-Request-Id,X-Error-Code,X-Error-Message,X-Total-Count,ETag,Link,Accept-Ranges,Content-Range,X-Linked-Size,X-Linked-ETag,X-Xet-Hash'), (b'X-Repo-Commit', b'f85f4b80949c1451502ab32022ce23af6e3ad549'), (b'Accept-Ranges', b'bytes'), (b'X-Hub-Cache', b'MISS'), (b'Content-Disposition', b'inline; filename*=UTF-8\'\'config.json; filename="config.json";'), (b'Content-Security-Policy', b"default-src 'none'; sandbox"), (b'X-Linked-ETag', b'"bd034ee8b672624feb3c49fbad00cb47f784f88d"'), (b'X-Cache', b'Miss from cloudfront'), (b'Via', b'1.1 c4f8afb556f9258ac7023e7bdfda98e6.cloudfront.net (CloudFront)'), (b'X-Amz-Cf-Pop', b'KIX56-P4'), (b'Alt-Svc', b'h3=":443"; ma=86400'), (b'X-Amz-Cf-Id', b'6QfjhPOR3PeJGdRmLIf6BBILfGegICkGDLbLpJo9j3hoLDZz-giZjA==')])
INFO:httpx:HTTP Request: HEAD https://huggingface.co/vanillaOVO/WizardCoder-Python-7B-V1.0/resolve/main/config.json "HTTP/1.1 307 Temporary Redirect"
DEBUG:httpcore.http11:receive_response_body.started request=<Request [b'HEAD']>
DEBUG:httpcore.http11:receive_response_body.complete
DEBUG:httpcore.http11:response_closed.started
DEBUG:httpcore.http11:response_closed.complete
DEBUG:httpcore.http11:send_request_headers.started request=<Request [b'HEAD']>
DEBUG:httpcore.http11:send_request_headers.complete
DEBUG:httpcore.http11:send_request_body.started request=<Request [b'HEAD']>
DEBUG:httpcore.http11:send_request_body.complete
DEBUG:httpcore.http11:receive_response_headers.started request=<Request [b'HEAD']>
DEBUG:httpcore.http11:receive_response_headers.complete return_value=(b'HTTP/1.1', 200, b'OK', [(b'Content-Type', b'text/plain; charset=utf-8'), (b'Content-Length', b'716'), (b'Connection', b'keep-alive'), (b'Date', b'Sun, 05 Jul 2026 13:02:22 GMT'), (b'ETag', b'"bd034ee8b672624feb3c49fbad00cb47f784f88d"'), (b'X-Powered-By', b'huggingface-moon'), (b'X-Request-Id', b'Root=1-6a4a55de-0e22b5007beee3416eea8cea;3c7fc1ff-639b-424d-ad3b-d232b83f5a69'), (b'RateLimit', b'"resolvers";r=4998;t=171'), (b'RateLimit-Policy', b'"fixed window";"resolvers";q=5000;w=300'), (b'cross-origin-opener-policy', b'same-origin'), (b'Referrer-Policy', b'strict-origin-when-cross-origin'), (b'Access-Control-Max-Age', b'86400'), (b'Access-Control-Allow-Origin', b'https://huggingface.co'), (b'Access-Control-Expose-Headers', b'X-Repo-Commit,X-Request-Id,X-Error-Code,X-Error-Message,X-Total-Count,ETag,Link,Accept-Ranges,Content-Range,X-Linked-Size,X-Linked-ETag,X-Xet-Hash'), (b'X-Repo-Commit', b'f85f4b80949c1451502ab32022ce23af6e3ad549'), (b'Accept-Ranges', b'bytes'), (b'X-Hub-Cache', b'MISS'), (b'Content-Disposition', b'inline; filename*=UTF-8\'\'config.json; filename="config.json";'), (b'Content-Security-Policy', b"default-src 'none'; sandbox"), (b'Vary', b'Origin'), (b'X-Cache', b'Hit from cloudfront'), (b'Via', b'1.1 c4f8afb556f9258ac7023e7bdfda98e6.cloudfront.net (CloudFront)'), (b'X-Amz-Cf-Pop', b'KIX56-P4'), (b'Alt-Svc', b'h3=":443"; ma=86400'), (b'X-Amz-Cf-Id', b's3GzIZ8oK56LQjxPgEEi8RjENsl4Ch-ENJIsz_AJLQOPZDoOSkjkFA=='), (b'Age', b'155957')])
INFO:httpx:HTTP Request: HEAD https://huggingface.co/api/resolve-cache/models/vanillaOVO/WizardCoder-Python-7B-V1.0/f85f4b80949c1451502ab32022ce23af6e3ad549/config.json "HTTP/1.1 200 OK"
DEBUG:httpcore.http11:receive_response_body.started request=<Request [b'HEAD']>
DEBUG:httpcore.http11:receive_response_body.complete
DEBUG:httpcore.http11:response_closed.started
DEBUG:httpcore.http11:response_closed.complete
DEBUG:httpcore.http11:send_request_headers.started request=<Request [b'HEAD']>
DEBUG:httpcore.http11:send_request_headers.complete
DEBUG:httpcore.http11:send_request_body.started request=<Request [b'HEAD']>
DEBUG:httpcore.http11:send_request_body.complete
DEBUG:httpcore.http11:receive_response_headers.started request=<Request [b'HEAD']>
DEBUG:httpcore.http11:receive_response_headers.complete return_value=(b'HTTP/1.1', 200, b'OK', [(b'Content-Type', b'text/plain; charset=utf-8'), (b'Content-Length', b'609'), (b'Connection', b'keep-alive'), (b'Date', b'Tue, 07 Jul 2026 08:21:39 GMT'), (b'ETag', b'"34f901200fa131819b355bc4bed876c957a77a5a"'), (b'X-Powered-By', b'huggingface-moon'), (b'X-Request-Id', b'Root=1-6a4cb713-43a26a802f3af1fc2191e1a0;b130216c-db56-4212-bb4f-f6e5090d705e'), (b'RateLimit', b'"resolvers";r=4934;t=214'), (b'RateLimit-Policy', b'"fixed window";"resolvers";q=5000;w=300'), (b'cross-origin-opener-policy', b'same-origin'), (b'Referrer-Policy', b'strict-origin-when-cross-origin'), (b'Access-Control-Max-Age', b'86400'), (b'Access-Control-Allow-Origin', b'https://huggingface.co'), (b'Vary', b'Origin'), (b'Access-Control-Expose-Headers', b'X-Repo-Commit,X-Request-Id,X-Error-Code,X-Error-Message,X-Total-Count,ETag,Link,Accept-Ranges,Content-Range,X-Linked-Size,X-Linked-ETag,X-Xet-Hash'), (b'X-Repo-Commit', b'01c7f73d771dfac7d292323805ebc428287df4f9'), (b'Accept-Ranges', b'bytes'), (b'X-Hub-Cache', b'HIT'), (b'Content-Disposition', b'inline; filename*=UTF-8\'\'config.json; filename="config.json";'), (b'Content-Security-Policy', b"default-src 'none'; sandbox"), (b'X-Cache', b'Miss from cloudfront'), (b'Via', b'1.1 c4f8afb556f9258ac7023e7bdfda98e6.cloudfront.net (CloudFront)'), (b'X-Amz-Cf-Pop', b'KIX56-P4'), (b'Alt-Svc', b'h3=":443"; ma=86400'), (b'X-Amz-Cf-Id', b'HrviPoRyWe5dyfrbZfdvTL2S9Gbz1x_UL40r3LTY4WTdQUpvZDiPKA==')])
INFO:httpx:HTTP Request: HEAD https://huggingface.co/meta-llama/Llama-2-7b-hf/resolve/main/config.json "HTTP/1.1 200 OK"
DEBUG:httpcore.http11:receive_response_body.started request=<Request [b'HEAD']>
DEBUG:httpcore.http11:receive_response_body.complete
DEBUG:httpcore.http11:response_closed.started
DEBUG:httpcore.http11:response_closed.complete
DEBUG:httpcore.http11:send_request_headers.started request=<Request [b'HEAD']>
DEBUG:httpcore.http11:send_request_headers.complete
DEBUG:httpcore.http11:send_request_body.started request=<Request [b'HEAD']>
DEBUG:httpcore.http11:send_request_body.complete
DEBUG:httpcore.http11:receive_response_headers.started request=<Request [b'HEAD']>
DEBUG:httpcore.http11:receive_response_headers.complete return_value=(b'HTTP/1.1', 200, b'OK', [(b'Content-Type', b'text/plain; charset=utf-8'), (b'Content-Length', b'609'), (b'Connection', b'keep-alive'), (b'Date', b'Tue, 07 Jul 2026 08:21:40 GMT'), (b'ETag', b'"34f901200fa131819b355bc4bed876c957a77a5a"'), (b'X-Powered-By', b'huggingface-moon'), (b'X-Request-Id', b'Root=1-6a4cb714-243f055605338dfa158965d5;ccba7b38-e2a9-4514-a4f8-d10d11233176'), (b'RateLimit', b'"resolvers";r=4933;t=213'), (b'RateLimit-Policy', b'"fixed window";"resolvers";q=5000;w=300'), (b'cross-origin-opener-policy', b'same-origin'), (b'Referrer-Policy', b'strict-origin-when-cross-origin'), (b'Access-Control-Max-Age', b'86400'), (b'Access-Control-Allow-Origin', b'https://huggingface.co'), (b'Vary', b'Origin'), (b'Access-Control-Expose-Headers', b'X-Repo-Commit,X-Request-Id,X-Error-Code,X-Error-Message,X-Total-Count,ETag,Link,Accept-Ranges,Content-Range,X-Linked-Size,X-Linked-ETag,X-Xet-Hash'), (b'X-Repo-Commit', b'01c7f73d771dfac7d292323805ebc428287df4f9'), (b'Accept-Ranges', b'bytes'), (b'X-Hub-Cache', b'HIT'), (b'Content-Disposition', b'inline; filename*=UTF-8\'\'config.json; filename="config.json";'), (b'Content-Security-Policy', b"default-src 'none'; sandbox"), (b'X-Cache', b'Miss from cloudfront'), (b'Via', b'1.1 c4f8afb556f9258ac7023e7bdfda98e6.cloudfront.net (CloudFront)'), (b'X-Amz-Cf-Pop', b'KIX56-P4'), (b'Alt-Svc', b'h3=":443"; ma=86400'), (b'X-Amz-Cf-Id', b'TXXGYD3XQ7YETTSRSazVXy_cGM6ngz08qBxVqm_zw8CN1CcENDnoXw==')])
INFO:httpx:HTTP Request: HEAD https://huggingface.co/meta-llama/Llama-2-7b-hf/resolve/main/config.json "HTTP/1.1 200 OK"
DEBUG:httpcore.http11:receive_response_body.started request=<Request [b'HEAD']>
DEBUG:httpcore.http11:receive_response_body.complete
DEBUG:httpcore.http11:response_closed.started
DEBUG:httpcore.http11:response_closed.complete
Loading weights:   0%|          | 0/291 [00:00<?, ?it/s]Loading weights: 100%|██████████| 291/291 [00:00<00:00, 11705.93it/s]
DEBUG:httpcore.http11:send_request_headers.started request=<Request [b'HEAD']>
DEBUG:httpcore.http11:send_request_headers.complete
DEBUG:httpcore.http11:send_request_body.started request=<Request [b'HEAD']>
DEBUG:httpcore.http11:send_request_body.complete
DEBUG:httpcore.http11:receive_response_headers.started request=<Request [b'HEAD']>
DEBUG:httpcore.http11:receive_response_headers.complete return_value=(b'HTTP/1.1', 200, b'OK', [(b'Content-Type', b'text/plain; charset=utf-8'), (b'Content-Length', b'188'), (b'Connection', b'keep-alive'), (b'Date', b'Tue, 07 Jul 2026 08:21:40 GMT'), (b'ETag', b'"aa1b3d3486df56a0699ce90c33283b13556fb5a3"'), (b'X-Powered-By', b'huggingface-moon'), (b'X-Request-Id', b'Root=1-6a4cb714-350af67f5d0c49085eb1d3f5;1990be60-f3ad-43ed-8ee1-231d818a4ed7'), (b'RateLimit', b'"resolvers";r=4930;t=213'), (b'RateLimit-Policy', b'"fixed window";"resolvers";q=5000;w=300'), (b'cross-origin-opener-policy', b'same-origin'), (b'Referrer-Policy', b'strict-origin-when-cross-origin'), (b'Access-Control-Max-Age', b'86400'), (b'Access-Control-Allow-Origin', b'https://huggingface.co'), (b'Vary', b'Origin'), (b'Access-Control-Expose-Headers', b'X-Repo-Commit,X-Request-Id,X-Error-Code,X-Error-Message,X-Total-Count,ETag,Link,Accept-Ranges,Content-Range,X-Linked-Size,X-Linked-ETag,X-Xet-Hash'), (b'X-Repo-Commit', b'01c7f73d771dfac7d292323805ebc428287df4f9'), (b'Accept-Ranges', b'bytes'), (b'X-Hub-Cache', b'MISS'), (b'Content-Disposition', b'inline; filename*=UTF-8\'\'generation_config.json; filename="generation_config.json";'), (b'Content-Security-Policy', b"default-src 'none'; sandbox"), (b'X-Cache', b'Miss from cloudfront'), (b'Via', b'1.1 c4f8afb556f9258ac7023e7bdfda98e6.cloudfront.net (CloudFront)'), (b'X-Amz-Cf-Pop', b'KIX56-P4'), (b'Alt-Svc', b'h3=":443"; ma=86400'), (b'X-Amz-Cf-Id', b'fTVUyNYSGQVEU1cLRZ4NW52Mq-ttXr_cZq-FlTcGa8uSfMMdhhamAA==')])
INFO:httpx:HTTP Request: HEAD https://huggingface.co/meta-llama/Llama-2-7b-hf/resolve/main/generation_config.json "HTTP/1.1 200 OK"
DEBUG:httpcore.http11:receive_response_body.started request=<Request [b'HEAD']>
DEBUG:httpcore.http11:receive_response_body.complete
DEBUG:httpcore.http11:response_closed.started
DEBUG:httpcore.http11:response_closed.complete
DEBUG:httpcore.http11:send_request_headers.started request=<Request [b'HEAD']>
DEBUG:httpcore.http11:send_request_headers.complete
DEBUG:httpcore.http11:send_request_body.started request=<Request [b'HEAD']>
DEBUG:httpcore.http11:send_request_body.complete
DEBUG:httpcore.http11:receive_response_headers.started request=<Request [b'HEAD']>
DEBUG:httpcore.http11:receive_response_headers.complete return_value=(b'HTTP/1.1', 404, b'Not Found', [(b'Content-Type', b'text/plain; charset=utf-8'), (b'Content-Length', b'15'), (b'Connection', b'keep-alive'), (b'Date', b'Tue, 07 Jul 2026 08:21:40 GMT'), (b'ETag', b'W/"f-mY2VvLxuxB7KhsoOdQTlMTccuAQ"'), (b'X-Powered-By', b'huggingface-moon'), (b'X-Request-Id', b'Root=1-6a4cb714-2c6d283a3646f03f0a0b8058;ba0fa1ca-b190-4d0c-914f-5bdaa2bf1633'), (b'RateLimit', b'"resolvers";r=4929;t=213'), (b'RateLimit-Policy', b'"fixed window";"resolvers";q=5000;w=300'), (b'cross-origin-opener-policy', b'same-origin'), (b'Referrer-Policy', b'strict-origin-when-cross-origin'), (b'Access-Control-Max-Age', b'86400'), (b'Access-Control-Allow-Origin', b'https://huggingface.co'), (b'Vary', b'Origin'), (b'Access-Control-Expose-Headers', b'X-Repo-Commit,X-Request-Id,X-Error-Code,X-Error-Message,X-Total-Count,ETag,Link,Accept-Ranges,Content-Range,X-Linked-Size,X-Linked-ETag,X-Xet-Hash'), (b'X-Repo-Commit', b'01c7f73d771dfac7d292323805ebc428287df4f9'), (b'Accept-Ranges', b'bytes'), (b'X-Hub-Cache', b'MISS'), (b'X-Error-Code', b'EntryNotFound'), (b'X-Error-Message', b'Entry not found'), (b'X-Cache', b'Error from cloudfront'), (b'Via', b'1.1 c4f8afb556f9258ac7023e7bdfda98e6.cloudfront.net (CloudFront)'), (b'X-Amz-Cf-Pop', b'KIX56-P4'), (b'Alt-Svc', b'h3=":443"; ma=86400'), (b'X-Amz-Cf-Id', b'ZHVoMHVNZCHoc5ANrUPuUcTVLNBB7TaGU1-wKLueILbUZacW4_3BcQ==')])
INFO:httpx:HTTP Request: HEAD https://huggingface.co/meta-llama/Llama-2-7b-hf/resolve/main/custom_generate/generate.py "HTTP/1.1 404 Not Found"
DEBUG:httpcore.http11:receive_response_body.started request=<Request [b'HEAD']>
DEBUG:httpcore.http11:receive_response_body.complete
DEBUG:httpcore.http11:response_closed.started
DEBUG:httpcore.http11:response_closed.complete
DEBUG:httpcore.http11:send_request_headers.started request=<Request [b'HEAD']>
DEBUG:httpcore.http11:send_request_headers.complete
DEBUG:httpcore.http11:send_request_body.started request=<Request [b'HEAD']>
DEBUG:httpcore.http11:send_request_body.complete
DEBUG:httpcore.http11:receive_response_headers.started request=<Request [b'HEAD']>
DEBUG:httpcore.http11:receive_response_headers.complete return_value=(b'HTTP/1.1', 200, b'OK', [(b'Content-Type', b'text/plain; charset=utf-8'), (b'Content-Length', b'609'), (b'Connection', b'keep-alive'), (b'Date', b'Tue, 07 Jul 2026 08:21:40 GMT'), (b'ETag', b'"34f901200fa131819b355bc4bed876c957a77a5a"'), (b'X-Powered-By', b'huggingface-moon'), (b'X-Request-Id', b'Root=1-6a4cb714-2fc0b8141761187f542080e3;3d6aa481-f067-4a95-adc1-14a595907cf5'), (b'RateLimit', b'"resolvers";r=4928;t=213'), (b'RateLimit-Policy', b'"fixed window";"resolvers";q=5000;w=300'), (b'cross-origin-opener-policy', b'same-origin'), (b'Referrer-Policy', b'strict-origin-when-cross-origin'), (b'Access-Control-Max-Age', b'86400'), (b'Access-Control-Allow-Origin', b'https://huggingface.co'), (b'Vary', b'Origin'), (b'Access-Control-Expose-Headers', b'X-Repo-Commit,X-Request-Id,X-Error-Code,X-Error-Message,X-Total-Count,ETag,Link,Accept-Ranges,Content-Range,X-Linked-Size,X-Linked-ETag,X-Xet-Hash'), (b'X-Repo-Commit', b'01c7f73d771dfac7d292323805ebc428287df4f9'), (b'Accept-Ranges', b'bytes'), (b'X-Hub-Cache', b'HIT'), (b'Content-Disposition', b'inline; filename*=UTF-8\'\'config.json; filename="config.json";'), (b'Content-Security-Policy', b"default-src 'none'; sandbox"), (b'X-Cache', b'Miss from cloudfront'), (b'Via', b'1.1 c4f8afb556f9258ac7023e7bdfda98e6.cloudfront.net (CloudFront)'), (b'X-Amz-Cf-Pop', b'KIX56-P4'), (b'Alt-Svc', b'h3=":443"; ma=86400'), (b'X-Amz-Cf-Id', b'B0cB3dAKdb_IRiyxPvP2Evjbfa6-UZa2b58xOU3ng6JwEfSxE7FsSw==')])
INFO:httpx:HTTP Request: HEAD https://huggingface.co/meta-llama/Llama-2-7b-hf/resolve/main/config.json "HTTP/1.1 200 OK"
DEBUG:httpcore.http11:receive_response_body.started request=<Request [b'HEAD']>
DEBUG:httpcore.http11:receive_response_body.complete
DEBUG:httpcore.http11:response_closed.started
DEBUG:httpcore.http11:response_closed.complete
DEBUG:httpcore.http11:send_request_headers.started request=<Request [b'HEAD']>
DEBUG:httpcore.http11:send_request_headers.complete
DEBUG:httpcore.http11:send_request_body.started request=<Request [b'HEAD']>
DEBUG:httpcore.http11:send_request_body.complete
DEBUG:httpcore.http11:receive_response_headers.started request=<Request [b'HEAD']>
DEBUG:httpcore.http11:receive_response_headers.complete return_value=(b'HTTP/1.1', 200, b'OK', [(b'Content-Type', b'text/plain; charset=utf-8'), (b'Content-Length', b'776'), (b'Connection', b'keep-alive'), (b'Date', b'Tue, 07 Jul 2026 08:21:41 GMT'), (b'ETag', b'"2ef41cbc275000b29afe157ba487f0530b8c26dc"'), (b'X-Powered-By', b'huggingface-moon'), (b'X-Request-Id', b'Root=1-6a4cb715-6292e27f054136601a88ec80;59a689fc-b0d1-4981-bf0d-995f34ac89e5'), (b'RateLimit', b'"resolvers";r=4926;t=212'), (b'RateLimit-Policy', b'"fixed window";"resolvers";q=5000;w=300'), (b'cross-origin-opener-policy', b'same-origin'), (b'Referrer-Policy', b'strict-origin-when-cross-origin'), (b'Access-Control-Max-Age', b'86400'), (b'Access-Control-Allow-Origin', b'https://huggingface.co'), (b'Vary', b'Origin'), (b'Access-Control-Expose-Headers', b'X-Repo-Commit,X-Request-Id,X-Error-Code,X-Error-Message,X-Total-Count,ETag,Link,Accept-Ranges,Content-Range,X-Linked-Size,X-Linked-ETag,X-Xet-Hash'), (b'X-Repo-Commit', b'01c7f73d771dfac7d292323805ebc428287df4f9'), (b'Accept-Ranges', b'bytes'), (b'X-Hub-Cache', b'MISS'), (b'Content-Disposition', b'inline; filename*=UTF-8\'\'tokenizer_config.json; filename="tokenizer_config.json";'), (b'Content-Security-Policy', b"default-src 'none'; sandbox"), (b'X-Cache', b'Miss from cloudfront'), (b'Via', b'1.1 c4f8afb556f9258ac7023e7bdfda98e6.cloudfront.net (CloudFront)'), (b'X-Amz-Cf-Pop', b'KIX56-P4'), (b'Alt-Svc', b'h3=":443"; ma=86400'), (b'X-Amz-Cf-Id', b'IY_CVUWWbvp10tAVFSS3zOzXftzO-7o67nvaCInSl4Yo_e2TkjSNEg==')])
INFO:httpx:HTTP Request: HEAD https://huggingface.co/meta-llama/Llama-2-7b-hf/resolve/main/tokenizer_config.json "HTTP/1.1 200 OK"
DEBUG:httpcore.http11:receive_response_body.started request=<Request [b'HEAD']>
DEBUG:httpcore.http11:receive_response_body.complete
DEBUG:httpcore.http11:response_closed.started
DEBUG:httpcore.http11:response_closed.complete
DEBUG:httpcore.http11:send_request_headers.started request=<Request [b'GET']>
DEBUG:httpcore.http11:send_request_headers.complete
DEBUG:httpcore.http11:send_request_body.started request=<Request [b'GET']>
DEBUG:httpcore.http11:send_request_body.complete
DEBUG:httpcore.http11:receive_response_headers.started request=<Request [b'GET']>
DEBUG:httpcore.http11:receive_response_headers.complete return_value=(b'HTTP/1.1', 404, b'Not Found', [(b'Content-Type', b'application/json; charset=utf-8'), (b'Content-Length', b'64'), (b'Connection', b'keep-alive'), (b'Date', b'Tue, 07 Jul 2026 08:21:41 GMT'), (b'ETag', b'W/"40-09f9IAqP13xarAhQxFS2W8rvRkM"'), (b'X-Powered-By', b'huggingface-moon'), (b'X-Request-Id', b'Root=1-6a4cb715-62ef1e99463932d1506b07fb;d100b20f-51a8-465c-bead-f5b47302e657'), (b'RateLimit', b'"api";r=970;t=212'), (b'RateLimit-Policy', b'"fixed window";"api";q=1000;w=300'), (b'cross-origin-opener-policy', b'same-origin'), (b'Referrer-Policy', b'strict-origin-when-cross-origin'), (b'Access-Control-Max-Age', b'86400'), (b'Access-Control-Allow-Origin', b'https://huggingface.co'), (b'Vary', b'Origin'), (b'Access-Control-Expose-Headers', b'X-Repo-Commit,X-Request-Id,X-Error-Code,X-Error-Message,X-Total-Count,ETag,Link,Accept-Ranges,Content-Range,X-Linked-Size,X-Linked-ETag,X-Xet-Hash'), (b'X-Error-Code', b'EntryNotFound'), (b'X-Error-Message', b'additional_chat_templates does not exist on "main"'), (b'X-Cache', b'Error from cloudfront'), (b'Via', b'1.1 c4f8afb556f9258ac7023e7bdfda98e6.cloudfront.net (CloudFront)'), (b'X-Amz-Cf-Pop', b'KIX56-P4'), (b'Alt-Svc', b'h3=":443"; ma=86400'), (b'X-Amz-Cf-Id', b'5DXjfp9TD4O4XncJGyyPGTgkfVua2gPXJKU3UQxECI-QGglzGmL-Qg==')])
INFO:httpx:HTTP Request: GET https://huggingface.co/api/models/meta-llama/Llama-2-7b-hf/tree/main/additional_chat_templates?recursive=false&expand=false "HTTP/1.1 404 Not Found"
DEBUG:httpcore.http11:receive_response_body.started request=<Request [b'GET']>
DEBUG:httpcore.http11:receive_response_body.complete
DEBUG:httpcore.http11:response_closed.started
DEBUG:httpcore.http11:response_closed.complete
DEBUG:httpcore.http11:send_request_headers.started request=<Request [b'GET']>
DEBUG:httpcore.http11:send_request_headers.complete
DEBUG:httpcore.http11:send_request_body.started request=<Request [b'GET']>
DEBUG:httpcore.http11:send_request_body.complete
DEBUG:httpcore.http11:receive_response_headers.started request=<Request [b'GET']>
DEBUG:httpcore.http11:receive_response_headers.complete return_value=(b'HTTP/1.1', 200, b'OK', [(b'Content-Type', b'application/json; charset=utf-8'), (b'Transfer-Encoding', b'chunked'), (b'Connection', b'keep-alive'), (b'Date', b'Tue, 07 Jul 2026 08:21:41 GMT'), (b'content-encoding', b'gzip'), (b'ETag', b'W/"bd6-yi76pdnGZUN+EWtdd4fzblEsVG4"'), (b'X-Powered-By', b'huggingface-moon'), (b'X-Request-Id', b'Root=1-6a4cb715-2075ca785c44934e52d1e572;7c62c0ce-325f-4c3b-b07e-9bf420253ecd'), (b'RateLimit', b'"api";r=968;t=212'), (b'RateLimit-Policy', b'"fixed window";"api";q=1000;w=300'), (b'cross-origin-opener-policy', b'same-origin'), (b'Referrer-Policy', b'strict-origin-when-cross-origin'), (b'Access-Control-Max-Age', b'86400'), (b'Access-Control-Allow-Origin', b'https://huggingface.co'), (b'Vary', b'Origin'), (b'vary', b'Accept-Encoding'), (b'Access-Control-Expose-Headers', b'X-Repo-Commit,X-Request-Id,X-Error-Code,X-Error-Message,X-Total-Count,ETag,Link,Accept-Ranges,Content-Range,X-Linked-Size,X-Linked-ETag,X-Xet-Hash'), (b'X-Cache', b'Miss from cloudfront'), (b'Via', b'1.1 c4f8afb556f9258ac7023e7bdfda98e6.cloudfront.net (CloudFront)'), (b'X-Amz-Cf-Pop', b'KIX56-P4'), (b'Alt-Svc', b'h3=":443"; ma=86400'), (b'X-Amz-Cf-Id', b'sV0K17sLNjdJJxeZn9J738Y2oJqu-MvAxw6Db9d8vEsHqb_kjPZGtA==')])
INFO:httpx:HTTP Request: GET https://huggingface.co/api/models/meta-llama/Llama-2-7b-hf/tree/main?recursive=true&expand=false "HTTP/1.1 200 OK"
DEBUG:httpcore.http11:receive_response_body.started request=<Request [b'GET']>
DEBUG:httpcore.http11:receive_response_body.complete
DEBUG:httpcore.http11:response_closed.started
DEBUG:httpcore.http11:response_closed.complete
DEBUG:httpcore.http11:send_request_headers.started request=<Request [b'HEAD']>
DEBUG:httpcore.http11:send_request_headers.complete
DEBUG:httpcore.http11:send_request_body.started request=<Request [b'HEAD']>
DEBUG:httpcore.http11:send_request_body.complete
DEBUG:httpcore.http11:receive_response_headers.started request=<Request [b'HEAD']>
DEBUG:httpcore.http11:receive_response_headers.complete return_value=(b'HTTP/1.1', 200, b'OK', [(b'Content-Type', b'text/plain; charset=utf-8'), (b'Content-Length', b'609'), (b'Connection', b'keep-alive'), (b'Date', b'Tue, 07 Jul 2026 08:21:41 GMT'), (b'ETag', b'"34f901200fa131819b355bc4bed876c957a77a5a"'), (b'X-Powered-By', b'huggingface-moon'), (b'X-Request-Id', b'Root=1-6a4cb715-63b8654a559b74ce6b8b6eb4;a3e1f9c5-c0b9-44aa-a0f5-3ffd5de3bac2'), (b'RateLimit', b'"resolvers";r=4924;t=212'), (b'RateLimit-Policy', b'"fixed window";"resolvers";q=5000;w=300'), (b'cross-origin-opener-policy', b'same-origin'), (b'Referrer-Policy', b'strict-origin-when-cross-origin'), (b'Access-Control-Max-Age', b'86400'), (b'Access-Control-Allow-Origin', b'https://huggingface.co'), (b'Vary', b'Origin'), (b'Access-Control-Expose-Headers', b'X-Repo-Commit,X-Request-Id,X-Error-Code,X-Error-Message,X-Total-Count,ETag,Link,Accept-Ranges,Content-Range,X-Linked-Size,X-Linked-ETag,X-Xet-Hash'), (b'X-Repo-Commit', b'01c7f73d771dfac7d292323805ebc428287df4f9'), (b'Accept-Ranges', b'bytes'), (b'X-Hub-Cache', b'MISS'), (b'Content-Disposition', b'inline; filename*=UTF-8\'\'config.json; filename="config.json";'), (b'Content-Security-Policy', b"default-src 'none'; sandbox"), (b'X-Cache', b'Miss from cloudfront'), (b'Via', b'1.1 c4f8afb556f9258ac7023e7bdfda98e6.cloudfront.net (CloudFront)'), (b'X-Amz-Cf-Pop', b'KIX56-P4'), (b'Alt-Svc', b'h3=":443"; ma=86400'), (b'X-Amz-Cf-Id', b'rK7SG0ugJPkJJqEb_VWoGKOfy2ioHVMkRMumpgVxdsn2Ts6paQZ7xQ==')])
INFO:httpx:HTTP Request: HEAD https://huggingface.co/meta-llama/Llama-2-7b-hf/resolve/main/config.json "HTTP/1.1 200 OK"
DEBUG:httpcore.http11:receive_response_body.started request=<Request [b'HEAD']>
DEBUG:httpcore.http11:receive_response_body.complete
DEBUG:httpcore.http11:response_closed.started
DEBUG:httpcore.http11:response_closed.complete
INFO:root:Vocab size of pretrained model is 32000.
INFO:root:Vocab size of index 0 finetuned model is 32001.
INFO:root:Added pad tokens of index 0 finetuned model is [{'id': 32000, 'content': '[PAD]', 'single_word': False, 'lstrip': False, 'rstrip': False, 'normalized': False, 'special': True}].
INFO:root:Vocab size of index 1 finetuned model is 32001.
INFO:root:Added pad tokens of index 1 finetuned model is [{'id': 32000, 'content': '[PAD]', 'single_word': False, 'lstrip': False, 'rstrip': False, 'normalized': False, 'special': True}].
INFO:root:All added pad tokens of finetuned models are {'[PAD]'}.
[transformers] The new embeddings will be initialized from a multivariate normal distribution that has old embeddings' mean and covariance. As described in this article: https://nlp.stanford.edu/~johnhew/vocab-expansion.html. To disable this, use `mean_resizing=False`
[transformers] The new lm_head weights will be initialized from a multivariate normal distribution that has old embeddings' mean and covariance. As described in this article: https://nlp.stanford.edu/~johnhew/vocab-expansion.html. To disable this, use `mean_resizing=False`
INFO:root:Aligned index 0 model: input token embedding shape torch.Size([32001, 4096]), output token embedding shape torch.Size([32001, 4096]), tokenizer added tokens [{'id': 0, 'content': '<unk>', 'single_word': False, 'lstrip': False, 'rstrip': False, 'normalized': False, 'special': True}, {'id': 1, 'content': '<s>', 'single_word': False, 'lstrip': False, 'rstrip': False, 'normalized': False, 'special': True}, {'id': 2, 'content': '</s>', 'single_word': False, 'lstrip': False, 'rstrip': False, 'normalized': False, 'special': True}, {'id': 32000, 'content': '[PAD]', 'single_word': False, 'lstrip': False, 'rstrip': False, 'normalized': False, 'special': True}].
INFO:root:Skip added pad token [PAD] of index 1 model since its original added pad tokens and token embeddings are matched.
INFO:root:Aligned index 1 model: input token embedding shape torch.Size([32001, 4096]), output token embedding shape torch.Size([32001, 4096]), tokenizer added tokens [{'id': 0, 'content': '<unk>', 'single_word': False, 'lstrip': False, 'rstrip': False, 'normalized': True, 'special': True}, {'id': 1, 'content': '<s>', 'single_word': False, 'lstrip': False, 'rstrip': False, 'normalized': True, 'special': True}, {'id': 2, 'content': '</s>', 'single_word': False, 'lstrip': False, 'rstrip': False, 'normalized': True, 'special': True}, {'id': 32000, 'content': '[PAD]', 'single_word': False, 'lstrip': False, 'rstrip': False, 'normalized': False, 'special': True}].
INFO:root:Skip added pad token [PAD] of index 2 model since its original added pad tokens and token embeddings are matched.
INFO:root:Aligned index 2 model: input token embedding shape torch.Size([32001, 4096]), output token embedding shape torch.Size([32001, 4096]), tokenizer added tokens [{'id': 0, 'content': '<unk>', 'single_word': False, 'lstrip': False, 'rstrip': False, 'normalized': True, 'special': True}, {'id': 1, 'content': '<s>', 'single_word': False, 'lstrip': False, 'rstrip': False, 'normalized': True, 'special': True}, {'id': 2, 'content': '</s>', 'single_word': False, 'lstrip': False, 'rstrip': False, 'normalized': False, 'special': True}, {'id': 32000, 'content': '[PAD]', 'single_word': False, 'lstrip': False, 'rstrip': False, 'normalized': False, 'special': True}].
fuse safety rate:0.5 pattern:01
0it [00:00, ?it/s]1it [00:01,  1.50s/it]291it [00:02, 120.75it/s]291it [00:02, 101.79it/s]
fuse code rate:0.5 pattern:01
0it [00:00, ?it/s]1it [00:01,  1.28s/it]291it [00:02, 133.43it/s]291it [00:02, 113.55it/s]
INFO:root:Saving merged models at /mnt/nas/home/hiromi/src/sst_v2/v3/models/merged/sst_merge_v3_main_led_merging_safety+code_seed42...
fuse scale:1.0
Writing model shards:   0%|          | 0/1 [00:00<?, ?it/s]Writing model shards: 100%|██████████| 1/1 [00:24<00:00, 24.35s/it]Writing model shards: 100%|██████████| 1/1 [00:24<00:00, 24.35s/it]
INFO:root:Saving each finetuned model's tokenizer at /mnt/nas/home/hiromi/src/sst_v2/v3/models/temp_safety_full_seed42...
INFO:root:Saving each finetuned model's tokenizer at /mnt/nas/home/hiromi/src/sst_v2/v3/models/merged/sst_merge_v3_main_led_merging_safety+code_seed42/vanillaOVO/WizardCoder-Python-7B-V1.0...
INFO:root:Merging of /mnt/nas/home/hiromi/src/sst_v2/v3/models/temp_safety_full_seed42_vanillaOVO/WizardCoder-Python-7B-V1.0 with method top_merging is completed.
DEBUG:httpcore.connection:close.started
DEBUG:httpcore.connection:close.complete
DEBUG:httpcore.connection:close.started
DEBUG:httpcore.connection:close.complete
[Steering Hook] Base/model path verification passed: meta-llama/Llama-2-7b-hf
Using cached temporary safety full model: models/temp_safety_full_seed42
Running LED-Merging: /mnt/nas/home/hiromi/src/sst_v2/v3/venv_v3/bin/python /mnt/nas/home/hiromi/src/sst_v2/v3/baselines/LED-Merging/merge_llms.py --models_to_merge /mnt/nas/home/hiromi/src/sst_v2/v3/models/temp_safety_full_seed42 vanillaOVO/WizardCoder-Python-7B-V1.0 --pretrained_model_name meta-llama/Llama-2-7b-hf --merging_method_name top_merging --scaling_coefficient 0.9 --mask_apply_method task_arithmetic --fuse_rates 0.5 0.5 --orders safety code --fuse_types o o --fuse_patterns 01 01 --save /mnt/nas/home/hiromi/src/sst_v2/v3/models/merged/sst_merge_v3_main_led_merging_safety+code_seed42 --model_ft_name llama2 --model_base_name llama2-base
Metadata saved.
[transformers] `torch_dtype` is deprecated! Use `dtype` instead!
[Steering Hook] Base/model path verification passed: meta-llama/Llama-2-7b-hf
Loading weights:   0%|          | 0/291 [00:00<?, ?it/s]Loading weights: 100%|██████████| 291/291 [00:00<00:00, 9978.03it/s]
Loading weights:   0%|          | 0/291 [00:00<?, ?it/s]Loading weights: 100%|██████████| 291/291 [00:00<00:00, 9337.15it/s]
Loading weights:   0%|          | 0/291 [00:00<?, ?it/s]Loading weights: 100%|██████████| 291/291 [00:00<00:00, 40301.88it/s]
[Steering Hook] Base/model path verification passed: meta-llama/Llama-2-7b-hf
Loading cached FIM: cache/fim/benign_code_Llama2_WizardCoder_n500_seed42.pt
Loading cached FIM: cache/fim/harmful_safety_Llama2_SafetyFT_n500_seed42.pt
[matena_fisher] Merging 2 models: ['code', 'safety']
[matena_fisher] normalize_fishers=True, fisher_floor=1e-06
[matena_fisher]   FIM L2 norm for 'code': 7.960172
[matena_fisher]   FIM L2 norm for 'safety': 23.038622
[matena_fisher] Merging:   0%|          | 0/291 [00:00<?, ?it/s][matena_fisher] Merging:   1%|          | 2/291 [00:00<00:47,  6.11it/s][matena_fisher] Merging:   1%|          | 3/291 [00:00<01:02,  4.64it/s][matena_fisher] Merging:   1%|▏         | 4/291 [00:00<01:08,  4.19it/s][matena_fisher] Merging:   2%|▏         | 5/291 [00:01<01:12,  3.96it/s][matena_fisher] Merging:   2%|▏         | 6/291 [00:01<01:58,  2.40it/s][matena_fisher] Merging:   2%|▏         | 7/291 [00:02<02:31,  1.88it/s][matena_fisher] Merging:   3%|▎         | 8/291 [00:03<02:52,  1.64it/s][matena_fisher] Merging:   4%|▍         | 11/291 [00:03<01:30,  3.09it/s][matena_fisher] Merging:   4%|▍         | 12/291 [00:04<01:29,  3.13it/s][matena_fisher] Merging:   4%|▍         | 13/291 [00:04<01:27,  3.19it/s][matena_fisher] Merging:   5%|▍         | 14/291 [00:04<01:24,  3.28it/s][matena_fisher] Merging:   5%|▌         | 15/291 [00:05<01:53,  2.42it/s][matena_fisher] Merging:   5%|▌         | 16/291 [00:06<02:18,  1.98it/s][matena_fisher] Merging:   6%|▌         | 17/291 [00:06<02:40,  1.71it/s][matena_fisher] Merging:   7%|▋         | 20/291 [00:07<01:27,  3.10it/s][matena_fisher] Merging:   7%|▋         | 21/291 [00:07<01:25,  3.17it/s][matena_fisher] Merging:   8%|▊         | 22/291 [00:07<01:23,  3.23it/s][matena_fisher] Merging:   8%|▊         | 23/291 [00:08<01:21,  3.28it/s][matena_fisher] Merging:   8%|▊         | 24/291 [00:08<01:52,  2.38it/s][matena_fisher] Merging:   9%|▊         | 25/291 [00:09<02:16,  1.94it/s][matena_fisher] Merging:   9%|▉         | 26/291 [00:10<02:36,  1.69it/s][matena_fisher] Merging:  10%|▉         | 29/291 [00:10<01:25,  3.06it/s][matena_fisher] Merging:  10%|█         | 30/291 [00:11<01:23,  3.11it/s][matena_fisher] Merging:  11%|█         | 31/291 [00:11<01:22,  3.16it/s][matena_fisher] Merging:  11%|█         | 32/291 [00:11<01:20,  3.22it/s][matena_fisher] Merging:  11%|█▏        | 33/291 [00:12<01:47,  2.40it/s][matena_fisher] Merging:  12%|█▏        | 34/291 [00:13<02:12,  1.94it/s][matena_fisher] Merging:  12%|█▏        | 35/291 [00:13<02:34,  1.66it/s][matena_fisher] Merging:  13%|█▎        | 38/291 [00:14<01:24,  2.98it/s][matena_fisher] Merging:  13%|█▎        | 39/291 [00:14<01:21,  3.10it/s][matena_fisher] Merging:  14%|█▎        | 40/291 [00:14<01:19,  3.15it/s][matena_fisher] Merging:  14%|█▍        | 41/291 [00:15<01:18,  3.19it/s][matena_fisher] Merging:  14%|█▍        | 42/291 [00:15<01:45,  2.35it/s][matena_fisher] Merging:  15%|█▍        | 43/291 [00:16<02:08,  1.93it/s][matena_fisher] Merging:  15%|█▌        | 44/291 [00:17<02:24,  1.70it/s][matena_fisher] Merging:  16%|█▌        | 47/291 [00:17<01:19,  3.08it/s][matena_fisher] Merging:  16%|█▋        | 48/291 [00:18<01:18,  3.10it/s][matena_fisher] Merging:  17%|█▋        | 49/291 [00:18<01:19,  3.06it/s][matena_fisher] Merging:  17%|█▋        | 50/291 [00:18<01:18,  3.09it/s][matena_fisher] Merging:  18%|█▊        | 51/291 [00:19<01:45,  2.28it/s][matena_fisher] Merging:  18%|█▊        | 52/291 [00:20<02:09,  1.84it/s][matena_fisher] Merging:  18%|█▊        | 53/291 [00:21<02:25,  1.63it/s][matena_fisher] Merging:  19%|█▉        | 56/291 [00:21<01:19,  2.94it/s][matena_fisher] Merging:  20%|█▉        | 57/291 [00:21<01:17,  3.00it/s][matena_fisher] Merging:  20%|█▉        | 58/291 [00:22<01:14,  3.11it/s][matena_fisher] Merging:  20%|██        | 59/291 [00:22<01:12,  3.19it/s][matena_fisher] Merging:  21%|██        | 60/291 [00:23<01:37,  2.36it/s][matena_fisher] Merging:  21%|██        | 61/291 [00:23<02:00,  1.91it/s][matena_fisher] Merging:  21%|██▏       | 62/291 [00:24<02:14,  1.70it/s][matena_fisher] Merging:  22%|██▏       | 65/291 [00:24<01:13,  3.09it/s][matena_fisher] Merging:  23%|██▎       | 66/291 [00:25<01:11,  3.15it/s][matena_fisher] Merging:  23%|██▎       | 67/291 [00:25<01:10,  3.16it/s][matena_fisher] Merging:  23%|██▎       | 68/291 [00:25<01:09,  3.21it/s][matena_fisher] Merging:  24%|██▎       | 69/291 [00:26<01:32,  2.40it/s][matena_fisher] Merging:  24%|██▍       | 70/291 [00:27<01:52,  1.97it/s][matena_fisher] Merging:  24%|██▍       | 71/291 [00:28<02:09,  1.70it/s][matena_fisher] Merging:  25%|██▌       | 74/291 [00:28<01:10,  3.07it/s][matena_fisher] Merging:  26%|██▌       | 75/291 [00:28<01:08,  3.13it/s][matena_fisher] Merging:  26%|██▌       | 76/291 [00:29<01:08,  3.15it/s][matena_fisher] Merging:  26%|██▋       | 77/291 [00:29<01:06,  3.20it/s][matena_fisher] Merging:  27%|██▋       | 78/291 [00:30<01:32,  2.30it/s][matena_fisher] Merging:  27%|██▋       | 79/291 [00:30<01:53,  1.87it/s][matena_fisher] Merging:  27%|██▋       | 80/291 [00:31<02:08,  1.65it/s][matena_fisher] Merging:  29%|██▊       | 83/291 [00:32<01:09,  2.98it/s][matena_fisher] Merging:  29%|██▉       | 84/291 [00:32<01:07,  3.06it/s][matena_fisher] Merging:  29%|██▉       | 85/291 [00:32<01:06,  3.12it/s][matena_fisher] Merging:  30%|██▉       | 86/291 [00:32<01:04,  3.17it/s][matena_fisher] Merging:  30%|██▉       | 87/291 [00:33<01:24,  2.41it/s][matena_fisher] Merging:  30%|███       | 88/291 [00:34<01:44,  1.94it/s][matena_fisher] Merging:  31%|███       | 89/291 [00:35<01:59,  1.69it/s][matena_fisher] Merging:  32%|███▏      | 92/291 [00:35<01:04,  3.07it/s][matena_fisher] Merging:  32%|███▏      | 93/291 [00:35<01:03,  3.14it/s][matena_fisher] Merging:  32%|███▏      | 94/291 [00:36<01:02,  3.17it/s][matena_fisher] Merging:  33%|███▎      | 95/291 [00:36<01:00,  3.23it/s][matena_fisher] Merging:  33%|███▎      | 96/291 [00:37<01:24,  2.32it/s][matena_fisher] Merging:  33%|███▎      | 97/291 [00:37<01:41,  1.91it/s][matena_fisher] Merging:  34%|███▎      | 98/291 [00:38<01:55,  1.67it/s][matena_fisher] Merging:  35%|███▍      | 101/291 [00:39<01:02,  3.03it/s][matena_fisher] Merging:  35%|███▌      | 102/291 [00:39<01:01,  3.09it/s][matena_fisher] Merging:  35%|███▌      | 103/291 [00:39<01:00,  3.13it/s][matena_fisher] Merging:  36%|███▌      | 104/291 [00:39<00:59,  3.15it/s][matena_fisher] Merging:  36%|███▌      | 105/291 [00:40<01:19,  2.34it/s][matena_fisher] Merging:  36%|███▋      | 106/291 [00:41<01:36,  1.92it/s][matena_fisher] Merging:  37%|███▋      | 107/291 [00:42<01:51,  1.65it/s][matena_fisher] Merging:  38%|███▊      | 110/291 [00:42<01:00,  3.00it/s][matena_fisher] Merging:  38%|███▊      | 111/291 [00:42<00:59,  3.03it/s][matena_fisher] Merging:  38%|███▊      | 112/291 [00:43<00:58,  3.07it/s][matena_fisher] Merging:  39%|███▉      | 113/291 [00:43<00:56,  3.17it/s][matena_fisher] Merging:  39%|███▉      | 114/291 [00:44<01:17,  2.30it/s][matena_fisher] Merging:  40%|███▉      | 115/291 [00:45<01:34,  1.87it/s][matena_fisher] Merging:  40%|███▉      | 116/291 [00:45<01:45,  1.66it/s][matena_fisher] Merging:  41%|████      | 119/291 [00:46<00:57,  2.98it/s][matena_fisher] Merging:  41%|████      | 120/291 [00:46<00:56,  3.04it/s][matena_fisher] Merging:  42%|████▏     | 121/291 [00:46<00:55,  3.09it/s][matena_fisher] Merging:  42%|████▏     | 122/291 [00:47<00:54,  3.12it/s][matena_fisher] Merging:  42%|████▏     | 123/291 [00:47<01:14,  2.25it/s][matena_fisher] Merging:  43%|████▎     | 124/291 [00:48<01:29,  1.87it/s][matena_fisher] Merging:  43%|████▎     | 125/291 [00:49<01:40,  1.66it/s][matena_fisher] Merging:  44%|████▍     | 128/291 [00:49<00:54,  2.99it/s][matena_fisher] Merging:  44%|████▍     | 129/291 [00:50<00:53,  3.05it/s][matena_fisher] Merging:  45%|████▍     | 130/291 [00:50<00:51,  3.15it/s][matena_fisher] Merging:  45%|████▌     | 131/291 [00:50<00:49,  3.21it/s][matena_fisher] Merging:  45%|████▌     | 132/291 [00:51<01:07,  2.37it/s][matena_fisher] Merging:  46%|████▌     | 133/291 [00:52<01:23,  1.90it/s][matena_fisher] Merging:  46%|████▌     | 134/291 [00:53<01:34,  1.67it/s][matena_fisher] Merging:  47%|████▋     | 137/291 [00:53<00:50,  3.06it/s][matena_fisher] Merging:  47%|████▋     | 138/291 [00:53<00:49,  3.10it/s][matena_fisher] Merging:  48%|████▊     | 139/291 [00:53<00:47,  3.17it/s][matena_fisher] Merging:  48%|████▊     | 140/291 [00:54<00:47,  3.19it/s][matena_fisher] Merging:  48%|████▊     | 141/291 [00:55<01:05,  2.30it/s][matena_fisher] Merging:  49%|████▉     | 142/291 [00:55<01:19,  1.87it/s][matena_fisher] Merging:  49%|████▉     | 143/291 [00:56<01:33,  1.59it/s][matena_fisher] Merging:  50%|█████     | 146/291 [00:57<00:51,  2.84it/s][matena_fisher] Merging:  51%|█████     | 147/291 [00:57<00:49,  2.90it/s][matena_fisher] Merging:  51%|█████     | 148/291 [00:57<00:48,  2.95it/s][matena_fisher] Merging:  51%|█████     | 149/291 [00:58<00:47,  3.00it/s][matena_fisher] Merging:  52%|█████▏    | 150/291 [00:58<01:02,  2.24it/s][matena_fisher] Merging:  52%|█████▏    | 151/291 [00:59<01:14,  1.88it/s][matena_fisher] Merging:  52%|█████▏    | 152/291 [01:00<01:23,  1.66it/s][matena_fisher] Merging:  53%|█████▎    | 155/291 [01:00<00:45,  3.00it/s][matena_fisher] Merging:  54%|█████▎    | 156/291 [01:00<00:43,  3.10it/s][matena_fisher] Merging:  54%|█████▍    | 157/291 [01:01<00:41,  3.20it/s][matena_fisher] Merging:  54%|█████▍    | 158/291 [01:01<00:41,  3.19it/s][matena_fisher] Merging:  55%|█████▍    | 159/291 [01:02<00:57,  2.31it/s][matena_fisher] Merging:  55%|█████▍    | 160/291 [01:03<01:09,  1.89it/s][matena_fisher] Merging:  55%|█████▌    | 161/291 [01:03<01:16,  1.69it/s][matena_fisher] Merging:  56%|█████▋    | 164/291 [01:04<00:41,  3.08it/s][matena_fisher] Merging:  57%|█████▋    | 165/291 [01:04<00:39,  3.19it/s][matena_fisher] Merging:  57%|█████▋    | 166/291 [01:04<00:38,  3.25it/s][matena_fisher] Merging:  57%|█████▋    | 167/291 [01:05<00:39,  3.17it/s][matena_fisher] Merging:  58%|█████▊    | 168/291 [01:05<00:57,  2.13it/s][matena_fisher] Merging:  58%|█████▊    | 169/291 [01:06<01:12,  1.68it/s][matena_fisher] Merging:  58%|█████▊    | 170/291 [01:07<01:24,  1.43it/s][matena_fisher] Merging:  59%|█████▉    | 173/291 [01:08<00:45,  2.61it/s][matena_fisher] Merging:  60%|█████▉    | 174/291 [01:08<00:44,  2.65it/s][matena_fisher] Merging:  60%|██████    | 175/291 [01:08<00:42,  2.70it/s][matena_fisher] Merging:  60%|██████    | 176/291 [01:09<00:41,  2.74it/s][matena_fisher] Merging:  61%|██████    | 177/291 [01:10<00:58,  1.96it/s][matena_fisher] Merging:  61%|██████    | 178/291 [01:11<01:10,  1.61it/s][matena_fisher] Merging:  62%|██████▏   | 179/291 [01:12<01:19,  1.42it/s][matena_fisher] Merging:  63%|██████▎   | 182/291 [01:12<00:42,  2.58it/s][matena_fisher] Merging:  63%|██████▎   | 183/291 [01:12<00:40,  2.64it/s][matena_fisher] Merging:  63%|██████▎   | 184/291 [01:13<00:39,  2.70it/s][matena_fisher] Merging:  64%|██████▎   | 185/291 [01:13<00:38,  2.74it/s][matena_fisher] Merging:  64%|██████▍   | 186/291 [01:14<00:54,  1.93it/s][matena_fisher] Merging:  64%|██████▍   | 187/291 [01:15<01:05,  1.59it/s][matena_fisher] Merging:  65%|██████▍   | 188/291 [01:16<01:13,  1.40it/s][matena_fisher] Merging:  66%|██████▌   | 191/291 [01:16<00:39,  2.55it/s][matena_fisher] Merging:  66%|██████▌   | 192/291 [01:16<00:37,  2.62it/s][matena_fisher] Merging:  66%|██████▋   | 193/291 [01:17<00:36,  2.70it/s][matena_fisher] Merging:  67%|██████▋   | 194/291 [01:17<00:35,  2.70it/s][matena_fisher] Merging:  67%|██████▋   | 195/291 [01:18<00:45,  2.13it/s][matena_fisher] Merging:  67%|██████▋   | 196/291 [01:19<00:52,  1.81it/s][matena_fisher] Merging:  68%|██████▊   | 197/291 [01:19<00:58,  1.60it/s][matena_fisher] Merging:  69%|██████▊   | 200/291 [01:20<00:31,  2.85it/s][matena_fisher] Merging:  69%|██████▉   | 201/291 [01:20<00:31,  2.85it/s][matena_fisher] Merging:  69%|██████▉   | 202/291 [01:21<00:30,  2.87it/s][matena_fisher] Merging:  70%|██████▉   | 203/291 [01:21<00:30,  2.85it/s][matena_fisher] Merging:  70%|███████   | 204/291 [01:22<00:43,  2.00it/s][matena_fisher] Merging:  70%|███████   | 205/291 [01:23<00:53,  1.62it/s][matena_fisher] Merging:  71%|███████   | 206/291 [01:24<00:59,  1.44it/s][matena_fisher] Merging:  72%|███████▏  | 209/291 [01:24<00:31,  2.57it/s][matena_fisher] Merging:  72%|███████▏  | 210/291 [01:24<00:30,  2.65it/s][matena_fisher] Merging:  73%|███████▎  | 211/291 [01:25<00:29,  2.69it/s][matena_fisher] Merging:  73%|███████▎  | 212/291 [01:25<00:29,  2.70it/s][matena_fisher] Merging:  73%|███████▎  | 213/291 [01:26<00:39,  1.99it/s][matena_fisher] Merging:  74%|███████▎  | 214/291 [01:27<00:46,  1.67it/s][matena_fisher] Merging:  74%|███████▍  | 215/291 [01:28<00:52,  1.46it/s][matena_fisher] Merging:  75%|███████▍  | 218/291 [01:28<00:27,  2.66it/s][matena_fisher] Merging:  75%|███████▌  | 219/291 [01:28<00:26,  2.75it/s][matena_fisher] Merging:  76%|███████▌  | 220/291 [01:29<00:25,  2.83it/s][matena_fisher] Merging:  76%|███████▌  | 221/291 [01:29<00:23,  2.92it/s][matena_fisher] Merging:  76%|███████▋  | 222/291 [01:30<00:31,  2.16it/s][matena_fisher] Merging:  77%|███████▋  | 223/291 [01:31<00:37,  1.80it/s][matena_fisher] Merging:  77%|███████▋  | 224/291 [01:31<00:41,  1.61it/s][matena_fisher] Merging:  78%|███████▊  | 227/291 [01:32<00:22,  2.88it/s][matena_fisher] Merging:  78%|███████▊  | 228/291 [01:32<00:21,  2.94it/s][matena_fisher] Merging:  79%|███████▊  | 229/291 [01:32<00:20,  3.02it/s][matena_fisher] Merging:  79%|███████▉  | 230/291 [01:33<00:20,  3.03it/s][matena_fisher] Merging:  79%|███████▉  | 231/291 [01:34<00:27,  2.20it/s][matena_fisher] Merging:  80%|███████▉  | 232/291 [01:34<00:33,  1.76it/s][matena_fisher] Merging:  80%|████████  | 233/291 [01:35<00:36,  1.58it/s][matena_fisher] Merging:  81%|████████  | 236/291 [01:36<00:19,  2.87it/s][matena_fisher] Merging:  81%|████████▏ | 237/291 [01:36<00:18,  2.96it/s][matena_fisher] Merging:  82%|████████▏ | 238/291 [01:36<00:17,  3.03it/s][matena_fisher] Merging:  82%|████████▏ | 239/291 [01:36<00:16,  3.13it/s][matena_fisher] Merging:  82%|████████▏ | 240/291 [01:37<00:22,  2.26it/s][matena_fisher] Merging:  83%|████████▎ | 241/291 [01:38<00:27,  1.84it/s][matena_fisher] Merging:  83%|████████▎ | 242/291 [01:39<00:29,  1.63it/s][matena_fisher] Merging:  84%|████████▍ | 245/291 [01:39<00:15,  2.99it/s][matena_fisher] Merging:  85%|████████▍ | 246/291 [01:39<00:14,  3.06it/s][matena_fisher] Merging:  85%|████████▍ | 247/291 [01:40<00:14,  3.08it/s][matena_fisher] Merging:  85%|████████▌ | 248/291 [01:40<00:13,  3.13it/s][matena_fisher] Merging:  86%|████████▌ | 249/291 [01:41<00:18,  2.33it/s][matena_fisher] Merging:  86%|████████▌ | 250/291 [01:42<00:21,  1.92it/s][matena_fisher] Merging:  86%|████████▋ | 251/291 [01:42<00:24,  1.65it/s][matena_fisher] Merging:  87%|████████▋ | 254/291 [01:43<00:12,  3.00it/s][matena_fisher] Merging:  88%|████████▊ | 255/291 [01:43<00:11,  3.05it/s][matena_fisher] Merging:  88%|████████▊ | 256/291 [01:43<00:11,  3.11it/s][matena_fisher] Merging:  88%|████████▊ | 257/291 [01:44<00:10,  3.19it/s][matena_fisher] Merging:  89%|████████▊ | 258/291 [01:44<00:14,  2.23it/s][matena_fisher] Merging:  89%|████████▉ | 259/291 [01:45<00:17,  1.79it/s][matena_fisher] Merging:  89%|████████▉ | 260/291 [01:46<00:19,  1.57it/s][matena_fisher] Merging:  90%|█████████ | 263/291 [01:46<00:09,  2.84it/s][matena_fisher] Merging:  91%|█████████ | 264/291 [01:47<00:09,  2.93it/s][matena_fisher] Merging:  91%|█████████ | 265/291 [01:47<00:08,  3.02it/s][matena_fisher] Merging:  91%|█████████▏| 266/291 [01:47<00:08,  3.04it/s][matena_fisher] Merging:  92%|█████████▏| 267/291 [01:48<00:11,  2.12it/s][matena_fisher] Merging:  92%|█████████▏| 268/291 [01:49<00:13,  1.68it/s][matena_fisher] Merging:  92%|█████████▏| 269/291 [01:50<00:15,  1.45it/s][matena_fisher] Merging:  93%|█████████▎| 272/291 [01:51<00:07,  2.65it/s][matena_fisher] Merging:  94%|█████████▍| 273/291 [01:51<00:06,  2.75it/s][matena_fisher] Merging:  94%|█████████▍| 274/291 [01:51<00:06,  2.75it/s][matena_fisher] Merging:  95%|█████████▍| 275/291 [01:51<00:05,  2.85it/s][matena_fisher] Merging:  95%|█████████▍| 276/291 [01:52<00:07,  2.02it/s][matena_fisher] Merging:  95%|█████████▌| 277/291 [01:53<00:08,  1.60it/s][matena_fisher] Merging:  96%|█████████▌| 278/291 [01:54<00:09,  1.39it/s][matena_fisher] Merging:  97%|█████████▋| 281/291 [01:55<00:03,  2.52it/s][matena_fisher] Merging:  97%|█████████▋| 282/291 [01:55<00:03,  2.61it/s][matena_fisher] Merging:  97%|█████████▋| 283/291 [01:55<00:03,  2.63it/s][matena_fisher] Merging:  98%|█████████▊| 284/291 [01:56<00:02,  2.68it/s][matena_fisher] Merging:  98%|█████████▊| 285/291 [01:57<00:03,  1.90it/s][matena_fisher] Merging:  98%|█████████▊| 286/291 [01:58<00:03,  1.52it/s][matena_fisher] Merging:  99%|█████████▊| 287/291 [01:59<00:03,  1.32it/s][matena_fisher] Merging: 100%|██████████| 291/291 [01:59<00:00,  3.25it/s][matena_fisher] Merging: 100%|██████████| 291/291 [01:59<00:00,  2.44it/s]
[matena_fisher] Done. target_params_merged=224, base_params_kept=67
Loading weights:   0%|          | 0/291 [00:00<?, ?it/s]Loading weights: 100%|██████████| 291/291 [00:00<00:00, 17937.55it/s]
Writing model shards:   0%|          | 0/1 [00:00<?, ?it/s]Writing model shards: 100%|██████████| 1/1 [00:33<00:00, 33.19s/it]Writing model shards: 100%|██████████| 1/1 [00:33<00:00, 33.19s/it]
Metadata saved.
[transformers] `torch_dtype` is deprecated! Use `dtype` instead!
[Steering Hook] Base/model path verification passed: meta-llama/Llama-2-7b-hf
Loading weights:   0%|          | 0/291 [00:00<?, ?it/s]Loading weights: 100%|██████████| 291/291 [00:00<00:00, 36995.10it/s]
Loading weights:   0%|          | 0/291 [00:00<?, ?it/s]Loading weights: 100%|██████████| 291/291 [00:00<00:00, 11278.14it/s]
[transformers] Model config: pad_token_id must be `None` or an integer within the vocabulary (between 0 and 32000), got -1. This may result in unexpected behavior.
[transformers] The following generation flags are not valid and may be ignored: ['pad_token_id']. Set `TRANSFORMERS_VERBOSITY=info` for more details.
Loading weights:   0%|          | 0/291 [00:00<?, ?it/s]Loading weights:   0%|          | 1/291 [00:00<01:18,  3.67it/s]Loading weights:   4%|▍         | 13/291 [00:00<00:06, 43.16it/s]Loading weights:   8%|▊         | 22/291 [00:00<00:05, 48.26it/s]Loading weights:  11%|█         | 31/291 [00:00<00:05, 49.26it/s]Loading weights:  14%|█▎        | 40/291 [00:00<00:04, 50.35it/s]Loading weights:  17%|█▋        | 49/291 [00:01<00:04, 51.41it/s]Loading weights:  20%|█▉        | 58/291 [00:01<00:04, 48.88it/s]Loading weights:  23%|██▎       | 67/291 [00:01<00:04, 48.12it/s]Loading weights:  26%|██▌       | 76/291 [00:01<00:04, 48.93it/s]Loading weights:  29%|██▉       | 85/291 [00:01<00:04, 49.87it/s]Loading weights:  32%|███▏      | 94/291 [00:01<00:03, 50.04it/s]Loading weights:  35%|███▌      | 103/291 [00:02<00:03, 47.99it/s]Loading weights:  38%|███▊      | 112/291 [00:02<00:03, 48.86it/s]Loading weights:  42%|████▏     | 121/291 [00:02<00:03, 49.52it/s]Loading weights:  45%|████▍     | 130/291 [00:02<00:03, 48.94it/s]Loading weights:  48%|████▊     | 139/291 [00:02<00:03, 48.93it/s]Loading weights:  51%|█████     | 148/291 [00:03<00:03, 43.90it/s]Loading weights:  54%|█████▍    | 157/291 [00:03<00:02, 51.43it/s]Loading weights:  57%|█████▋    | 166/291 [00:03<00:02, 48.06it/s]Loading weights:  60%|██████    | 175/291 [00:03<00:02, 48.86it/s]Loading weights:  63%|██████▎   | 182/291 [00:03<00:02, 50.29it/s]Loading weights:  66%|██████▋   | 193/291 [00:04<00:01, 49.54it/s]Loading weights:  69%|██████▉   | 202/291 [00:04<00:01, 53.16it/s]Loading weights:  73%|███████▎  | 211/291 [00:04<00:01, 55.27it/s]Loading weights:  75%|███████▍  | 218/291 [00:04<00:01, 58.31it/s]Loading weights:  77%|███████▋  | 225/291 [00:04<00:01, 56.03it/s]Loading weights:  79%|███████▉  | 231/291 [00:04<00:01, 47.62it/s]Loading weights:  82%|████████▏ | 238/291 [00:04<00:01, 51.53it/s]Loading weights:  85%|████████▍ | 246/291 [00:04<00:00, 57.27it/s]Loading weights:  87%|████████▋ | 253/291 [00:05<00:00, 53.32it/s]Loading weights:  89%|████████▉ | 259/291 [00:05<00:00, 38.34it/s]Loading weights:  94%|█████████▍| 274/291 [00:05<00:00, 47.30it/s]Loading weights:  97%|█████████▋| 283/291 [00:05<00:00, 50.26it/s]Loading weights: 100%|██████████| 291/291 [00:05<00:00, 50.14it/s]
[Steering Hook] Base/model path verification passed: meta-llama/Llama-2-7b-hf
Estimating FIM: kind=benign, domain=medical, n=500, seed=42
FIM cache will be saved to: cache/fim/benign_medical_Llama2_MedAlpaca_n500_seed42.pt
Reading FIM dataset from data/fim/fim_benign_medical.json...
Estimating FIM:   0%|          | 0/500 [00:00<?, ?it/s]Estimating FIM:   0%|          | 1/500 [00:24<3:27:18, 24.93s/it]Estimating FIM:   0%|          | 2/500 [00:50<3:32:05, 25.55s/it]Estimating FIM:   1%|          | 3/500 [01:24<4:02:32, 29.28s/it]Estimating FIM:   1%|          | 4/500 [01:51<3:54:17, 28.34s/it]Estimating FIM:   1%|          | 5/500 [02:17<3:46:57, 27.51s/it]Estimating FIM:   1%|          | 6/500 [02:41<3:37:14, 26.38s/it]Estimating FIM:   1%|▏         | 7/500 [03:07<3:35:44, 26.26s/it]Estimating FIM:   2%|▏         | 8/500 [03:39<3:50:07, 28.06s/it]Estimating FIM:   2%|▏         | 9/500 [04:11<4:00:25, 29.38s/it]Estimating FIM:   2%|▏         | 10/500 [04:37<3:51:26, 28.34s/it]Estimating FIM:   2%|▏         | 11/500 [05:03<3:43:44, 27.45s/it]Estimating FIM:   2%|▏         | 12/500 [05:29<3:39:15, 26.96s/it]Estimating FIM:   3%|▎         | 13/500 [05:54<3:35:16, 26.52s/it]Estimating FIM:   3%|▎         | 14/500 [06:20<3:32:29, 26.23s/it]Estimating FIM:   3%|▎         | 15/500 [06:45<3:29:29, 25.92s/it]Estimating FIM:   3%|▎         | 16/500 [07:11<3:28:07, 25.80s/it]Estimating FIM:   3%|▎         | 17/500 [07:36<3:26:06, 25.60s/it]Estimating FIM:   4%|▎         | 18/500 [08:01<3:23:46, 25.37s/it]Estimating FIM:   4%|▍         | 19/500 [08:26<3:24:08, 25.46s/it]Estimating FIM:   4%|▍         | 20/500 [08:52<3:23:36, 25.45s/it]Estimating FIM:   4%|▍         | 21/500 [09:17<3:21:53, 25.29s/it]Estimating FIM:   4%|▍         | 22/500 [09:41<3:20:37, 25.18s/it]Estimating FIM:   5%|▍         | 23/500 [10:06<3:19:35, 25.11s/it]Estimating FIM:   5%|▍         | 24/500 [10:30<3:15:33, 24.65s/it]Estimating FIM:   5%|▌         | 25/500 [10:55<3:17:10, 24.91s/it]Estimating FIM:   5%|▌         | 26/500 [11:25<3:26:30, 26.14s/it]Estimating FIM:   5%|▌         | 27/500 [11:55<3:37:21, 27.57s/it]Estimating FIM:   6%|▌         | 28/500 [12:27<3:46:11, 28.75s/it]Estimating FIM:   6%|▌         | 29/500 [12:54<3:41:58, 28.28s/it]Estimating FIM:   6%|▌         | 30/500 [13:21<3:38:08, 27.85s/it]Estimating FIM:   6%|▌         | 31/500 [13:50<3:39:32, 28.09s/it]Estimating FIM:   6%|▋         | 32/500 [14:19<3:41:05, 28.35s/it]Estimating FIM:   7%|▋         | 33/500 [14:45<3:37:06, 27.89s/it]Estimating FIM:   7%|▋         | 34/500 [15:12<3:34:45, 27.65s/it]Estimating FIM:   7%|▋         | 35/500 [15:39<3:32:38, 27.44s/it]Estimating FIM:   7%|▋         | 36/500 [16:06<3:30:51, 27.27s/it]Estimating FIM:   7%|▋         | 37/500 [16:33<3:30:17, 27.25s/it]Estimating FIM:   8%|▊         | 38/500 [17:00<3:29:09, 27.16s/it]Estimating FIM:   8%|▊         | 39/500 [17:27<3:26:24, 26.86s/it]Estimating FIM:   8%|▊         | 40/500 [17:54<3:26:15, 26.90s/it]Estimating FIM:   8%|▊         | 41/500 [18:20<3:25:20, 26.84s/it]Estimating FIM:   8%|▊         | 42/500 [18:47<3:24:01, 26.73s/it]Estimating FIM:   9%|▊         | 43/500 [19:14<3:23:50, 26.76s/it]Estimating FIM:   9%|▉         | 44/500 [19:40<3:23:10, 26.73s/it]Estimating FIM:   9%|▉         | 45/500 [20:06<3:20:35, 26.45s/it]Estimating FIM:   9%|▉         | 46/500 [20:30<3:15:25, 25.83s/it]Estimating FIM:   9%|▉         | 47/500 [20:56<3:13:40, 25.65s/it]Estimating FIM:   9%|▉         | 47/500 [21:06<3:23:29, 26.95s/it]
Traceback (most recent call last):
  File "/mnt/nas/home/hiromi/src/sst_v2/v3/scripts/merge.py", line 1503, in <module>
    main()
  File "/mnt/nas/home/hiromi/src/sst_v2/v3/scripts/merge.py", line 1494, in main
    execute_merge(args, config)
  File "/mnt/nas/home/hiromi/src/sst_v2/v3/scripts/merge.py", line 1321, in execute_merge
    fim_b_dict[m_name] = load_or_estimate_fim(
                         ^^^^^^^^^^^^^^^^^^^^^
  File "/mnt/nas/home/hiromi/src/sst_v2/v3/scripts/merge.py", line 677, in load_or_estimate_fim
    fim = estimate_fim(
          ^^^^^^^^^^^^^
  File "/mnt/nas/home/hiromi/src/sst_v2/v3/scripts/merge.py", line 583, in estimate_fim
    fim[name] += param.grad.detach().float().cpu() ** 2
    ~~~^^^^^^
KeyboardInterrupt
Using result directory: results/debug_limit10

=== Step 3: Merging Models ===
Successful merge output found. Skipping: models/merged/sst_merge_v3_main_diagonal_sst_main_safety+math_alpha0.0_n500_k0.2_FhFb_interpolation_hardmask_nolayerwise_seed42
Successful merge output found. Skipping: models/merged/sst_merge_v3_main_diagonal_sst_main_safety+math_alpha0.2_n500_k0.2_FhFb_interpolation_hardmask_nolayerwise_seed42
Successful merge output found. Skipping: models/merged/sst_merge_v3_main_diagonal_sst_main_safety+math_alpha0.4_n500_k0.2_FhFb_interpolation_hardmask_nolayerwise_seed42
Successful merge output found. Skipping: models/merged/sst_merge_v3_main_diagonal_sst_main_safety+math_alpha0.6_n500_k0.2_FhFb_interpolation_hardmask_nolayerwise_seed42
Successful merge output found. Skipping: models/merged/sst_merge_v3_main_diagonal_sst_main_safety+math_alpha0.8_n500_k0.2_FhFb_interpolation_hardmask_nolayerwise_seed42
Successful merge output found. Skipping: models/merged/sst_merge_v3_main_diagonal_sst_main_safety+math_alpha1.0_n500_k0.2_FhFb_interpolation_hardmask_nolayerwise_seed42
Successful merge output found. Skipping: models/merged/sst_merge_v3_main_data_free_sst_main_safety+math_alpha0.0_n500_k0.2_FhFb_interpolation_hardmask_nolayerwise_seed42
Successful merge output found. Skipping: models/merged/sst_merge_v3_main_data_free_sst_main_safety+math_alpha0.2_n500_k0.2_FhFb_interpolation_hardmask_nolayerwise_seed42
Successful merge output found. Skipping: models/merged/sst_merge_v3_main_data_free_sst_main_safety+math_alpha0.4_n500_k0.2_FhFb_interpolation_hardmask_nolayerwise_seed42
Successful merge output found. Skipping: models/merged/sst_merge_v3_main_data_free_sst_main_safety+math_alpha0.6_n500_k0.2_FhFb_interpolation_hardmask_nolayerwise_seed42
Successful merge output found. Skipping: models/merged/sst_merge_v3_main_data_free_sst_main_safety+math_alpha0.8_n500_k0.2_FhFb_interpolation_hardmask_nolayerwise_seed42
Successful merge output found. Skipping: models/merged/sst_merge_v3_main_data_free_sst_main_safety+math_alpha1.0_n500_k0.2_FhFb_interpolation_hardmask_nolayerwise_seed42
Successful merge output found. Skipping: models/merged/sst_merge_v3_main_fisher_weighted_safety+math_seed42
Successful merge output found. Skipping: models/merged/sst_merge_v3_main_mergealign_safety+math_seed42
Successful merge output found. Skipping: models/merged/sst_merge_v3_main_safemerge_safety+math_seed42
Successful merge output found. Skipping: models/merged/sst_merge_v3_main_led_merging_safety+math_seed42
Successful merge output found. Skipping: models/merged/sst_merge_v3_main_matena_fisher_safety+math_seed42
Successful merge output found. Skipping: models/merged/sst_merge_v3_main_diagonal_sst_main_safety+code_alpha0.0_n500_k0.2_FhFb_interpolation_hardmask_nolayerwise_seed42
Successful merge output found. Skipping: models/merged/sst_merge_v3_main_diagonal_sst_main_safety+code_alpha0.2_n500_k0.2_FhFb_interpolation_hardmask_nolayerwise_seed42
Successful merge output found. Skipping: models/merged/sst_merge_v3_main_diagonal_sst_main_safety+code_alpha0.4_n500_k0.2_FhFb_interpolation_hardmask_nolayerwise_seed42
Successful merge output found. Skipping: models/merged/sst_merge_v3_main_diagonal_sst_main_safety+code_alpha0.6_n500_k0.2_FhFb_interpolation_hardmask_nolayerwise_seed42
Successful merge output found. Skipping: models/merged/sst_merge_v3_main_diagonal_sst_main_safety+code_alpha0.8_n500_k0.2_FhFb_interpolation_hardmask_nolayerwise_seed42
Successful merge output found. Skipping: models/merged/sst_merge_v3_main_diagonal_sst_main_safety+code_alpha1.0_n500_k0.2_FhFb_interpolation_hardmask_nolayerwise_seed42
Successful merge output found. Skipping: models/merged/sst_merge_v3_main_data_free_sst_main_safety+code_alpha0.0_n500_k0.2_FhFb_interpolation_hardmask_nolayerwise_seed42
Successful merge output found. Skipping: models/merged/sst_merge_v3_main_data_free_sst_main_safety+code_alpha0.2_n500_k0.2_FhFb_interpolation_hardmask_nolayerwise_seed42
Successful merge output found. Skipping: models/merged/sst_merge_v3_main_data_free_sst_main_safety+code_alpha0.4_n500_k0.2_FhFb_interpolation_hardmask_nolayerwise_seed42
Successful merge output found. Skipping: models/merged/sst_merge_v3_main_data_free_sst_main_safety+code_alpha0.6_n500_k0.2_FhFb_interpolation_hardmask_nolayerwise_seed42
Successful merge output found. Skipping: models/merged/sst_merge_v3_main_data_free_sst_main_safety+code_alpha0.8_n500_k0.2_FhFb_interpolation_hardmask_nolayerwise_seed42
Successful merge output found. Skipping: models/merged/sst_merge_v3_main_data_free_sst_main_safety+code_alpha1.0_n500_k0.2_FhFb_interpolation_hardmask_nolayerwise_seed42
Successful merge output found. Skipping: models/merged/sst_merge_v3_main_fisher_weighted_safety+code_seed42
Successful merge output found. Skipping: models/merged/sst_merge_v3_main_mergealign_safety+code_seed42
Successful merge output found. Skipping: models/merged/sst_merge_v3_main_safemerge_safety+code_seed42

Running command: /mnt/nas/home/hiromi/src/sst_v2/v3/venv_v3/bin/python scripts/merge.py --config configs/config_main.yaml --method led_merging --pattern safety+code --seed 42 --sample_size 500 --output_dir models/merged/sst_merge_v3_main_led_merging_safety+code_seed42 --fim_cache_dir cache/fim

Running command: /mnt/nas/home/hiromi/src/sst_v2/v3/venv_v3/bin/python scripts/merge.py --config configs/config_main.yaml --method matena_fisher --pattern safety+code --seed 42 --sample_size 500 --output_dir models/merged/sst_merge_v3_main_matena_fisher_safety+code_seed42 --fim_cache_dir cache/fim

Running command: /mnt/nas/home/hiromi/src/sst_v2/v3/venv_v3/bin/python scripts/merge.py --config configs/config_main.yaml --method diagonal_sst --pattern safety+medical --seed 42 --sample_size 500 --output_dir models/merged/sst_merge_v3_main_diagonal_sst_main_safety+medical_alpha0.0_n500_k0.2_FhFb_interpolation_hardmask_nolayerwise_seed42 --alpha 0.0 --k 0.2 --sst_ratio Fh/Fb --variant interpolation --mask_type hard mask --fim_cache_dir cache/fim
Traceback (most recent call last):
  File "/mnt/nas/home/hiromi/src/sst_v2/v3/scripts/run_experiments.py", line 717, in <module>
    main()
  File "/mnt/nas/home/hiromi/src/sst_v2/v3/scripts/run_experiments.py", line 707, in main
    run_merge_phase(config, seeds)
  File "/mnt/nas/home/hiromi/src/sst_v2/v3/scripts/run_experiments.py", line 584, in run_merge_phase
    run_cmd(cmd, is_merge_cmd=True)
  File "/mnt/nas/home/hiromi/src/sst_v2/v3/scripts/run_experiments.py", line 111, in run_cmd
    res = subprocess.run(cmd, text=True)
          ^^^^^^^^^^^^^^^^^^^^^^^^^^^^^^
  File "/usr/lib/python3.12/subprocess.py", line 550, in run
    stdout, stderr = process.communicate(input, timeout=timeout)
                     ^^^^^^^^^^^^^^^^^^^^^^^^^^^^^^^^^^^^^^^^^^^
  File "/usr/lib/python3.12/subprocess.py", line 1201, in communicate
    self.wait()
  File "/usr/lib/python3.12/subprocess.py", line 1264, in wait
    return self._wait(timeout=timeout)
           ^^^^^^^^^^^^^^^^^^^^^^^^^^^
  File "/usr/lib/python3.12/subprocess.py", line 2053, in _wait
    (pid, sts) = self._try_wait(0)
                 ^^^^^^^^^^^^^^^^^
  File "/usr/lib/python3.12/subprocess.py", line 2011, in _try_wait
    (pid, sts) = os.waitpid(self.pid, wait_flags)
                 ^^^^^^^^^^^^^^^^^^^^^^^^^^^^^^^^
KeyboardInterrupt
