model_type,merge_type,alpha,k,layerwise,topk,eval_type,refusal_rate,file_path,rougeL,rouge1,rouge2
utility,,,,False,,jailbreak,0.728,/mnt/nas/home/hiromi/src/sst_v2/v1/eval/finetuned/A6_utility_meta_llama_3.1_8b_instruct_alpaca_r16_10ep_lr2e-4_jailbreak_eval_results.json,,,
safety,,,,False,,jailbreak,1.0,/mnt/nas/home/hiromi/src/sst_v2/v1/eval/finetuned/A7_safety_meta_llama_3.1_8b_instruct_r16_10ep_lr2e-4_jailbreak_eval_results.json,,,
safety,,,,False,,repliqa,,/mnt/nas/home/hiromi/src/sst_v2/v1/eval/finetuned/A7_safety_meta_llama_3.1_8b_instruct_r16_10ep_lr2e-4_repliqa_eval_results.json,0.025015966598984685,0.0288492865961644,0.004940600758019805
utility,,,,False,,repliqa,,/mnt/nas/home/hiromi/src/sst_v2/v1/eval/finetuned/A5_utility_meta_llama_3.1_8b_instruct_repliqa_r16_7ep_lr2e-4_repliqa_eval_results.json,0.54860676506363,0.5699448805379821,0.42451205395163466
base,,,,False,,gsm8k,,/mnt/nas/home/hiromi/src/sst_v2/v1/eval/finetuned/BASE_MODEL_meta_llama_3.1_8b_instruct_gsm8k_eval_results.json,,,
utility,,,,False,,jailbreak,0.596,/mnt/nas/home/hiromi/src/sst_v2/v1/eval/finetuned/A5_utility_meta_llama_3.1_8b_instruct_repliqa_r16_7ep_lr2e-4_jailbreak_eval_results.json,,,
utility,,,,False,,alpaca,,/mnt/nas/home/hiromi/src/sst_v2/v1/eval/finetuned/A6_utility_meta_llama_3.1_8b_instruct_alpaca_r16_3ep_lr2e-4_alpaca_eval_results.json,0.5036789279590946,0.5821958424550746,0.3543803150455791
utility,,,,False,,alpaca,,/mnt/nas/home/hiromi/src/sst_v2/v1/eval/finetuned/A6_utility_meta_llama_3.1_8b_instruct_alpaca_r16_5ep_lr2e-4_alpaca_eval_results.json,0.5482524672521233,0.6246756216658582,0.4040318156412244
utility,,,,False,,jailbreak,0.726,/mnt/nas/home/hiromi/src/sst_v2/v1/eval/finetuned/A5_utility_meta_llama_3.1_8b_instruct_repliqa_r16_5ep_lr2e-4_jailbreak_eval_results.json,,,
utility,,,,False,,jailbreak,0.738,/mnt/nas/home/hiromi/src/sst_v2/v1/eval/finetuned/A5_utility_meta_llama_3.1_8b_instruct_repliqa_r16_3ep_lr2e-4_jailbreak_eval_results.json,,,
safety,,,,False,,repliqa,,/mnt/nas/home/hiromi/src/sst_v2/v1/eval/finetuned/A7_safety_meta_llama_3.1_8b_instruct_r16_3ep_lr2e-4_repliqa_eval_results.json,0.03462913506707927,0.03856649844543827,0.01056774706423029
base,,,,False,,repliqa,,/mnt/nas/home/hiromi/src/sst_v2/v1/eval/finetuned/BASE_MODEL_meta_llama_3.1_8b_instruct_repliqa_eval_results.json,0.10174509914897438,0.12221975237745744,0.04384191467031312
utility,,,,False,,gsm8k,,/mnt/nas/home/hiromi/src/sst_v2/v1/eval/finetuned/A8_math_meta_llama_3.1_8b_instruct_gsm8k_r16_7ep_lr1e-4_gsm8k_eval_results.json,,,
safety,,,,False,,repliqa,,/mnt/nas/home/hiromi/src/sst_v2/v1/eval/finetuned/A7_safety_meta_llama_3.1_8b_instruct_r16_7ep_lr2e-4_repliqa_eval_results.json,0.04573910443245135,0.052779642938037406,0.01527904564164999
utility,,,,False,,jailbreak,0.782,/mnt/nas/home/hiromi/src/sst_v2/v1/eval/finetuned/A6_utility_meta_llama_3.1_8b_instruct_alpaca_r16_3ep_lr2e-4_jailbreak_eval_results.json,,,
utility,,,,False,,jailbreak,0.708,/mnt/nas/home/hiromi/src/sst_v2/v1/eval/finetuned/A5_utility_meta_llama_3.1_8b_instruct_repliqa_r16_10ep_lr2e-4_jailbreak_eval_results.json,,,
safety,,,,False,,jailbreak,1.0,/mnt/nas/home/hiromi/src/sst_v2/v1/eval/finetuned/A7_safety_meta_llama_3.1_8b_instruct_r16_5ep_lr2e-4_jailbreak_eval_results.json,,,
safety,,,,False,,alpaca,,/mnt/nas/home/hiromi/src/sst_v2/v1/eval/finetuned/A7_safety_meta_llama_3.1_8b_instruct_r16_5ep_lr2e-4_alpaca_eval_results.json,0.2074574386568208,0.26897802866493215,0.11995394312388973
safety,,,,False,,jailbreak,1.0,/mnt/nas/home/hiromi/src/sst_v2/v1/eval/finetuned/A7_safety_meta_llama_3.1_8b_instruct_r16_3ep_lr2e-4_jailbreak_eval_results.json,,,
utility,,,,False,,repliqa,,/mnt/nas/home/hiromi/src/sst_v2/v1/eval/finetuned/A5_utility_meta_llama_3.1_8b_instruct_repliqa_r16_3ep_lr2e-4_repliqa_eval_results.json,0.36170482060369274,0.39141403754391035,0.20118356755229252
base,,,,False,,alpaca,,/mnt/nas/home/hiromi/src/sst_v2/v1/eval/finetuned/BASE_MODEL_meta_llama_3.1_8b_instruct_alpaca_eval_results.json,0.23775188321177815,0.30614879108320975,0.1460850109545222
safety,,,,False,,jailbreak,1.0,/mnt/nas/home/hiromi/src/sst_v2/v1/eval/finetuned/A7_safety_meta_llama_3.1_8b_instruct_r16_7ep_lr2e-4_jailbreak_eval_results.json,,,
safety,,,,False,,alpaca,,/mnt/nas/home/hiromi/src/sst_v2/v1/eval/finetuned/A7_safety_meta_llama_3.1_8b_instruct_r16_10ep_lr2e-4_alpaca_eval_results.json,0.22820180649269872,0.296633394127208,0.13429655877608243
safety,,,,False,,alpaca,,/mnt/nas/home/hiromi/src/sst_v2/v1/eval/finetuned/A7_safety_meta_llama_3.1_8b_instruct_r16_7ep_lr2e-4_alpaca_eval_results.json,0.22301859880923774,0.2934048318886157,0.13061046132824292
utility,,,,False,,jailbreak,0.756,/mnt/nas/home/hiromi/src/sst_v2/v1/eval/finetuned/A6_utility_meta_llama_3.1_8b_instruct_alpaca_r16_5ep_lr2e-4_jailbreak_eval_results.json,,,
utility,,,,False,,jailbreak,0.806,/mnt/nas/home/hiromi/src/sst_v2/v1/eval/finetuned/A6_utility_meta_llama_3.1_8b_instruct_alpaca_r16_7ep_lr2e-4_jailbreak_eval_results.json,,,
base,,,,False,,jailbreak,0.846,/mnt/nas/home/hiromi/src/sst_v2/v1/eval/finetuned/BASE_MODEL_meta_llama_3.1_8b_instruct_jailbreak_eval_results.json,,,
utility,,,,False,,repliqa,,/mnt/nas/home/hiromi/src/sst_v2/v1/eval/finetuned/A5_utility_meta_llama_3.1_8b_instruct_repliqa_r16_5ep_lr2e-4_repliqa_eval_results.json,0.4319383364519748,0.45778553983207904,0.2802434531461992
safety,,,,False,,repliqa,,/mnt/nas/home/hiromi/src/sst_v2/v1/eval/finetuned/A7_safety_meta_llama_3.1_8b_instruct_r16_5ep_lr2e-4_repliqa_eval_results.json,0.022930007939236583,0.026224988388834646,0.004606862012873304
utility,,,,False,,alpaca,,/mnt/nas/home/hiromi/src/sst_v2/v1/eval/finetuned/A6_utility_meta_llama_3.1_8b_instruct_alpaca_r16_7ep_lr2e-4_alpaca_eval_results.json,0.5890185329385852,0.6609859965314836,0.4426877549840633
safety,,,,False,,alpaca,,/mnt/nas/home/hiromi/src/sst_v2/v1/eval/finetuned/A7_safety_meta_llama_3.1_8b_instruct_r16_3ep_lr2e-4_alpaca_eval_results.json,0.23490950078709785,0.30299449642903675,0.14235430808034635
utility,,,,False,,alpaca,,/mnt/nas/home/hiromi/src/sst_v2/v1/eval/finetuned/A6_utility_meta_llama_3.1_8b_instruct_alpaca_r16_10ep_lr2e-4_alpaca_eval_results.json,0.6394696322844753,0.7004782364771213,0.5077896573138706
utility,,,,False,,repliqa,,/mnt/nas/home/hiromi/src/sst_v2/v1/eval/finetuned/A5_utility_meta_llama_3.1_8b_instruct_repliqa_r16_10ep_lr2e-4_repliqa_eval_results.json,0.6956628605110864,0.7082277777621745,0.6102047895530724
utility,,,,False,,jailbreak,0.672,/mnt/nas/home/hiromi/src/sst_v2/v1/eval/merged/baseline/A5_A7_dare_a0.1_jailbreak_eval_results.json,,,
utility,,,,False,,repliqa,,/mnt/nas/home/hiromi/src/sst_v2/v1/eval/merged/baseline/A5_A7_ties_a1.0_repliqa_eval_results.json,0.02433782260034318,0.027790786417290915,0.006109034927833012
utility,,,,False,,jailbreak,0.968,/mnt/nas/home/hiromi/src/sst_v2/v1/eval/merged/baseline/A5_A7_task_arithmetic_a0.6_jailbreak_eval_results.json,,,
utility,,,,False,,repliqa,,/mnt/nas/home/hiromi/src/sst_v2/v1/eval/merged/baseline/A5_A7_ties_a0.4_repliqa_eval_results.json,0.6586723406037086,0.6750183375193708,0.5646556300724447
utility,,,,False,,repliqa,,/mnt/nas/home/hiromi/src/sst_v2/v1/eval/merged/baseline/A5_A7_dare_a0.2_repliqa_eval_results.json,0.2846233569324169,0.30967270202036146,0.1414817470590383
utility,,,,False,,repliqa,,/mnt/nas/home/hiromi/src/sst_v2/v1/eval/merged/baseline/A5_A7_dare_a0.4_repliqa_eval_results.json,0.32691733357356156,0.3571228202353412,0.18495700149933486
utility,,,,False,,repliqa,,/mnt/nas/home/hiromi/src/sst_v2/v1/eval/merged/baseline/A5_A7_ties_a0.6_repliqa_eval_results.json,0.6045224578869578,0.6243288198205144,0.5003594705546567
utility,,,,False,,jailbreak,0.912,/mnt/nas/home/hiromi/src/sst_v2/v1/eval/merged/baseline/A5_A7_dare_a0.5_jailbreak_eval_results.json,,,
utility,,,,False,,jailbreak,0.926,/mnt/nas/home/hiromi/src/sst_v2/v1/eval/merged/baseline/A5_A7_dare_a0.6_jailbreak_eval_results.json,,,
utility,,,,False,,repliqa,,/mnt/nas/home/hiromi/src/sst_v2/v1/eval/merged/baseline/A5_A7_ties_a0.1_repliqa_eval_results.json,0.6829243336201909,0.6980862870791448,0.5920515220844063
utility,,,,False,,jailbreak,0.828,/mnt/nas/home/hiromi/src/sst_v2/v1/eval/merged/baseline/A5_A7_ties_a0.4_jailbreak_eval_results.json,,,
utility,,,,False,,jailbreak,0.804,/mnt/nas/home/hiromi/src/sst_v2/v1/eval/merged/baseline/A6_A7_dare_jailbreak_eval_results.json,,,
utility,,,,False,,jailbreak,0.8,/mnt/nas/home/hiromi/src/sst_v2/v1/eval/merged/baseline/A5_A7_ties_a0.3_jailbreak_eval_results.json,,,
utility,,,,False,,repliqa,,/mnt/nas/home/hiromi/src/sst_v2/v1/eval/merged/baseline/A5_A7_task_arithmetic_repliqa_eval_results.json,0.35713409190474815,0.38999973912524455,0.21581864973450887
utility,,,,False,,jailbreak,1.0,/mnt/nas/home/hiromi/src/sst_v2/v1/eval/merged/baseline/A5_A7_task_arithmetic_a0.8_jailbreak_eval_results.json,,,
utility,,,,False,,jailbreak,0.778,/mnt/nas/home/hiromi/src/sst_v2/v1/eval/merged/baseline/A5_A7_ties_a0.1_jailbreak_eval_results.json,,,
utility,,,,False,,jailbreak,0.786,/mnt/nas/home/hiromi/src/sst_v2/v1/eval/merged/baseline/A5_A7_ties_a0.5_jailbreak_eval_results.json,,,
utility,,,,False,,repliqa,,/mnt/nas/home/hiromi/src/sst_v2/v1/eval/merged/baseline/A5_A7_ties_a0.9_repliqa_eval_results.json,0.3981668589001333,0.4245602094002996,0.25873923245525643
utility,,,,False,,repliqa,,/mnt/nas/home/hiromi/src/sst_v2/v1/eval/merged/baseline/A5_A7_ties_a0.8_repliqa_eval_results.json,0.48579848929542935,0.5106981742049592,0.3634658409122541
utility,,,,False,,jailbreak,0.992,/mnt/nas/home/hiromi/src/sst_v2/v1/eval/merged/baseline/A5_A7_dare_a0.7_jailbreak_eval_results.json,,,
utility,,,,False,,repliqa,,/mnt/nas/home/hiromi/src/sst_v2/v1/eval/merged/baseline/A5_A7_ties_a0.7_repliqa_eval_results.json,0.5564650906214347,0.5793936319751679,0.44289809231213884
utility,,,,False,,repliqa,,/mnt/nas/home/hiromi/src/sst_v2/v1/eval/merged/baseline/A5_A7_task_arithmetic_a0.8_repliqa_eval_results.json,0.13889481024006708,0.1611883324073754,0.0634620605122497
utility,,,,False,,alpaca,,/mnt/nas/home/hiromi/src/sst_v2/v1/eval/merged/baseline/A6_A7_task_arithmetic_alpaca_eval_results.json,0.4641011928474742,0.5461470879171793,0.318583378416701
utility,,,,False,,jailbreak,0.998,/mnt/nas/home/hiromi/src/sst_v2/v1/eval/merged/baseline/A5_A7_dare_a1.0_jailbreak_eval_results.json,,,
utility,,,,False,,repliqa,,/mnt/nas/home/hiromi/src/sst_v2/v1/eval/merged/baseline/A5_A7_ties_a0.5_repliqa_eval_results.json,0.6373245071731917,0.6564400673855223,0.5407509481910101
utility,,,,False,,repliqa,,/mnt/nas/home/hiromi/src/sst_v2/v1/eval/merged/baseline/A5_A7_dare_a0.8_repliqa_eval_results.json,0.1477276192698325,0.17232881072800307,0.06735508536086189
utility,,,,False,,repliqa,,/mnt/nas/home/hiromi/src/sst_v2/v1/eval/merged/baseline/A5_A7_ties_a0.2_repliqa_eval_results.json,0.6798509821978973,0.695837050927468,0.5879930303428755
utility,,,,False,,jailbreak,0.928,/mnt/nas/home/hiromi/src/sst_v2/v1/eval/merged/baseline/A5_A7_ties_a0.9_jailbreak_eval_results.json,,,
utility,,,,False,,alpaca,,/mnt/nas/home/hiromi/src/sst_v2/v1/eval/merged/baseline/A6_A7_ties_alpaca_eval_results.json,0.6077984360307583,0.6727559191602781,0.48103073008450015
utility,,,,False,,repliqa,,/mnt/nas/home/hiromi/src/sst_v2/v1/eval/merged/baseline/A5_A7_task_arithmetic_a0.4_repliqa_eval_results.json,0.3875127306476428,0.41929776937826857,0.24915441470901456
utility,,,,False,,repliqa,,/mnt/nas/home/hiromi/src/sst_v2/v1/eval/merged/baseline/A5_A7_task_arithmetic_a0.9_repliqa_eval_results.json,0.04285564078248837,0.05011870786145678,0.012843667089112441
utility,,,,False,,jailbreak,0.774,/mnt/nas/home/hiromi/src/sst_v2/v1/eval/merged/baseline/A5_A7_dare_a0.2_jailbreak_eval_results.json,,,
utility,,,,False,,repliqa,,/mnt/nas/home/hiromi/src/sst_v2/v1/eval/merged/baseline/A5_A7_dare_repliqa_eval_results.json,0.3287879775386046,0.3599795701035442,0.18136025545311624
utility,,,,False,,jailbreak,0.708,/mnt/nas/home/hiromi/src/sst_v2/v1/eval/merged/baseline/A5_A7_task_arithmetic_a0.1_jailbreak_eval_results.json,,,
utility,,,,False,,repliqa,,/mnt/nas/home/hiromi/src/sst_v2/v1/eval/merged/baseline/A5_A7_ties_a0.3_repliqa_eval_results.json,0.670038726863218,0.685295310463396,0.5748413510641655
utility,,,,False,,jailbreak,0.808,/mnt/nas/home/hiromi/src/sst_v2/v1/eval/merged/baseline/A5_A7_ties_a0.6_jailbreak_eval_results.json,,,
utility,,,,False,,jailbreak,0.908,/mnt/nas/home/hiromi/src/sst_v2/v1/eval/merged/baseline/A5_A7_task_arithmetic_jailbreak_eval_results.json,,,
utility,,,,False,,repliqa,,/mnt/nas/home/hiromi/src/sst_v2/v1/eval/merged/baseline/A5_A7_dare_a0.3_repliqa_eval_results.json,0.30740135578754824,0.33695168320458074,0.1604774637486296
utility,,,,False,,jailbreak,0.83,/mnt/nas/home/hiromi/src/sst_v2/v1/eval/merged/baseline/A5_A7_task_arithmetic_a0.3_jailbreak_eval_results.json,,,
utility,,,,False,,repliqa,,/mnt/nas/home/hiromi/src/sst_v2/v1/eval/merged/baseline/A5_A7_task_arithmetic_a0.6_repliqa_eval_results.json,0.3250634160662288,0.3587622508762387,0.1904555930707072
utility,,,,False,,jailbreak,0.778,/mnt/nas/home/hiromi/src/sst_v2/v1/eval/merged/baseline/A5_A7_dare_a0.3_jailbreak_eval_results.json,,,
utility,,,,False,,jailbreak,0.894,/mnt/nas/home/hiromi/src/sst_v2/v1/eval/merged/baseline/A5_A7_ties_a0.8_jailbreak_eval_results.json,,,
utility,,,,False,,jailbreak,0.998,/mnt/nas/home/hiromi/src/sst_v2/v1/eval/merged/baseline/A5_A7_task_arithmetic_a0.9_jailbreak_eval_results.json,,,
utility,,,,False,,repliqa,,/mnt/nas/home/hiromi/src/sst_v2/v1/eval/merged/baseline/A5_A7_dare_a0.6_repliqa_eval_results.json,0.3027689732698892,0.33722249327129444,0.16991435814708072
utility,,,,False,,repliqa,,/mnt/nas/home/hiromi/src/sst_v2/v1/eval/merged/baseline/A5_A7_task_arithmetic_a1.0_repliqa_eval_results.json,0.02350156227632889,0.026779475441161035,0.004961294846173298
utility,,,,False,,repliqa,,/mnt/nas/home/hiromi/src/sst_v2/v1/eval/merged/baseline/A5_A7_dare_a0.7_repliqa_eval_results.json,0.25074574475795003,0.2876466191098635,0.12275418637091194
utility,,,,False,,jailbreak,1.0,/mnt/nas/home/hiromi/src/sst_v2/v1/eval/merged/baseline/A5_A7_dare_a0.9_jailbreak_eval_results.json,,,
utility,,,,False,,repliqa,,/mnt/nas/home/hiromi/src/sst_v2/v1/eval/merged/baseline/A5_A7_task_arithmetic_a0.1_repliqa_eval_results.json,0.6466602894841612,0.6628995096395743,0.5424472210575559
utility,,,,False,,repliqa,,/mnt/nas/home/hiromi/src/sst_v2/v1/eval/merged/baseline/A5_A7_dare_a0.9_repliqa_eval_results.json,0.04559767429148141,0.05209376586944755,0.016065997568094362
utility,,,,False,,repliqa,,/mnt/nas/home/hiromi/src/sst_v2/v1/eval/merged/baseline/A5_A7_task_arithmetic_a0.3_repliqa_eval_results.json,0.44512066087652385,0.4736780909884169,0.3099853434805673
utility,,,,False,,jailbreak,0.778,/mnt/nas/home/hiromi/src/sst_v2/v1/eval/merged/baseline/A5_A7_dare_a0.4_jailbreak_eval_results.json,,,
utility,,,,False,,jailbreak,1.0,/mnt/nas/home/hiromi/src/sst_v2/v1/eval/merged/baseline/A5_A7_ties_a1.0_jailbreak_eval_results.json,,,
utility,,,,False,,jailbreak,0.868,/mnt/nas/home/hiromi/src/sst_v2/v1/eval/merged/baseline/A6_A7_task_arithmetic_jailbreak_eval_results.json,,,
utility,,,,False,,jailbreak,0.982,/mnt/nas/home/hiromi/src/sst_v2/v1/eval/merged/baseline/A5_A7_dare_a0.8_jailbreak_eval_results.json,,,
utility,,,,False,,jailbreak,0.982,/mnt/nas/home/hiromi/src/sst_v2/v1/eval/merged/baseline/A5_A7_task_arithmetic_a0.7_jailbreak_eval_results.json,,,
utility,,,,False,,repliqa,,/mnt/nas/home/hiromi/src/sst_v2/v1/eval/merged/baseline/A5_A7_task_arithmetic_a0.2_repliqa_eval_results.json,0.549200914043396,0.5704094901150334,0.43307693941316017
utility,,,,False,,repliqa,,/mnt/nas/home/hiromi/src/sst_v2/v1/eval/merged/baseline/A5_A7_dare_a1.0_repliqa_eval_results.json,0.03532805523063607,0.04159271104701169,0.009498052729202008
utility,,,,False,,jailbreak,0.764,/mnt/nas/home/hiromi/src/sst_v2/v1/eval/merged/baseline/A5_A7_task_arithmetic_a0.2_jailbreak_eval_results.json,,,
utility,,,,False,,jailbreak,0.908,/mnt/nas/home/hiromi/src/sst_v2/v1/eval/merged/baseline/A5_A7_task_arithmetic_a0.5_jailbreak_eval_results.json,,,
utility,,,,False,,repliqa,,/mnt/nas/home/hiromi/src/sst_v2/v1/eval/merged/baseline/A5_A7_dare_a0.5_repliqa_eval_results.json,0.3280740669778066,0.3623516700725571,0.18553782817080822
utility,,,,False,,repliqa,,/mnt/nas/home/hiromi/src/sst_v2/v1/eval/merged/baseline/A5_A7_ties_repliqa_eval_results.json,0.6373245071731917,0.6564400673855223,0.5407509481910101
utility,,,,False,,jailbreak,0.734,/mnt/nas/home/hiromi/src/sst_v2/v1/eval/merged/baseline/A6_A7_ties_jailbreak_eval_results.json,,,
utility,,,,False,,repliqa,,/mnt/nas/home/hiromi/src/sst_v2/v1/eval/merged/baseline/A5_A7_task_arithmetic_a0.5_repliqa_eval_results.json,0.35713409190474815,0.38999973912524455,0.21581864973450887
utility,,,,False,,jailbreak,0.786,/mnt/nas/home/hiromi/src/sst_v2/v1/eval/merged/baseline/A5_A7_ties_jailbreak_eval_results.json,,,
utility,,,,False,,alpaca,,/mnt/nas/home/hiromi/src/sst_v2/v1/eval/merged/baseline/A6_A7_dare_alpaca_eval_results.json,0.42015087745885205,0.5003094284111108,0.2752503619633172
utility,,,,False,,jailbreak,0.85,/mnt/nas/home/hiromi/src/sst_v2/v1/eval/merged/baseline/A5_A7_task_arithmetic_a0.4_jailbreak_eval_results.json,,,
utility,,,,False,,repliqa,,/mnt/nas/home/hiromi/src/sst_v2/v1/eval/merged/baseline/A5_A7_task_arithmetic_a0.7_repliqa_eval_results.json,0.26916531034823504,0.3061061720098864,0.14027300677592933
utility,,,,False,,jailbreak,0.928,/mnt/nas/home/hiromi/src/sst_v2/v1/eval/merged/baseline/A5_A7_dare_jailbreak_eval_results.json,,,
utility,,,,False,,jailbreak,0.816,/mnt/nas/home/hiromi/src/sst_v2/v1/eval/merged/baseline/A5_A7_ties_a0.7_jailbreak_eval_results.json,,,
utility,,,,False,,jailbreak,0.798,/mnt/nas/home/hiromi/src/sst_v2/v1/eval/merged/baseline/A5_A7_ties_a0.2_jailbreak_eval_results.json,,,
utility,,,,False,,jailbreak,1.0,/mnt/nas/home/hiromi/src/sst_v2/v1/eval/merged/baseline/A5_A7_task_arithmetic_a1.0_jailbreak_eval_results.json,,,
utility,,,,False,,repliqa,,/mnt/nas/home/hiromi/src/sst_v2/v1/eval/merged/baseline/A5_A7_dare_a0.1_repliqa_eval_results.json,0.2576482169434756,0.28261730832928844,0.12110711955740036
utility,,,,False,,jailbreak,0.758,/mnt/nas/home/hiromi/src/sst_v2/v1/eval/merged/sst_merge/merge_eval/A6_A7_ties_a0.1_jailbreak_eval_results.json,,,
utility,,,,False,,alpaca,,/mnt/nas/home/hiromi/src/sst_v2/v1/eval/merged/sst_merge/merge_eval/A6_A7_sst_k10_lw_a1.0_alpaca_eval_results.json,0.5137962372174427,0.5926249064240015,0.36419376561552064
utility,,,,False,,jailbreak,0.816,/mnt/nas/home/hiromi/src/sst_v2/v1/eval/merged/sst_merge/merge_eval/A6_A7_sst_k10_lw_a0.3_jailbreak_eval_results.json,,,
utility,,,,False,,repliqa,,/mnt/nas/home/hiromi/src/sst_v2/v1/eval/merged/sst_merge/merge_eval/A5_A7_sst_k5_lw_a0.7_repliqa_eval_results.json,0.4280277753695391,0.45679351739351987,0.28896724300569704
utility,,,,False,,alpaca,,/mnt/nas/home/hiromi/src/sst_v2/v1/eval/merged/sst_merge/merge_eval/A6_A7_task_arithmetic_a0.15_alpaca_eval_results.json,0.5947590571205298,0.6646333418344381,0.4564884032437114
utility,,,,False,,jailbreak,0.696,/mnt/nas/home/hiromi/src/sst_v2/v1/eval/merged/sst_merge/merge_eval/A5_A7_sst_k5_a0.05_jailbreak_eval_results.json,,,
utility,,,,False,,alpaca,,/mnt/nas/home/hiromi/src/sst_v2/v1/eval/merged/sst_merge/merge_eval/A6_A7_task_arithmetic_a0.7_alpaca_eval_results.json,0.29376297582973876,0.36380658403821475,0.18572577194085255
utility,,,,False,,jailbreak,0.756,/mnt/nas/home/hiromi/src/sst_v2/v1/eval/merged/sst_merge/merge_eval/A5_A7_task_arithmetic_a0.12_jailbreak_eval_results.json,,,
utility,,,,False,,jailbreak,0.146,/mnt/nas/home/hiromi/src/sst_v2/v1/eval/merged/sst_merge/merge_eval/A5_A7_dare_a0.1_jailbreak_eval_results.json,,,
utility,,,,False,,jailbreak,0.81,/mnt/nas/home/hiromi/src/sst_v2/v1/eval/merged/sst_merge/merge_eval/A6_A7_sst_k20_a0.6_jailbreak_eval_results.json,,,
utility,,,,False,,repliqa,,/mnt/nas/home/hiromi/src/sst_v2/v1/eval/merged/sst_merge/merge_eval/A5_A7_sst_k5_lw_a0.15_repliqa_eval_results.json,0.6737360813702332,0.6863082889779776,0.5780331199422556
utility,,,,False,,jailbreak,0.084,/mnt/nas/home/hiromi/src/sst_v2/v1/eval/merged/sst_merge/merge_eval/A6_A7_dare_a0.8_jailbreak_eval_results.json,,,
utility,,,,False,,repliqa,,/mnt/nas/home/hiromi/src/sst_v2/v1/eval/merged/sst_merge/merge_eval/A5_A7_sst_k5_lw_a0.8_repliqa_eval_results.json,0.412739395173807,0.4417743511359138,0.26490230781446983
utility,,,,False,,alpaca,,/mnt/nas/home/hiromi/src/sst_v2/v1/eval/merged/sst_merge/merge_eval/A6_A7_sst_k20_lw_a0.12_alpaca_eval_results.json,0.6369334050154029,0.7007027135113886,0.5004020242776166
utility,,,,False,,alpaca,,/mnt/nas/home/hiromi/src/sst_v2/v1/eval/merged/sst_merge/merge_eval/A6_A7_sst_k5_lw_a1.0_alpaca_eval_results.json,0.5134041936641242,0.5930651357562071,0.36423253827896124
utility,,,,False,,repliqa,,/mnt/nas/home/hiromi/src/sst_v2/v1/eval/merged/sst_merge/merge_eval/A5_A7_sst_k10_lw_a0.07_repliqa_eval_results.json,0.6971458156001712,0.7113436071251444,0.6067896345191405
utility,,,,False,,jailbreak,0.678,/mnt/nas/home/hiromi/src/sst_v2/v1/eval/merged/sst_merge/merge_eval/A5_A7_sst_k20_a0.2_jailbreak_eval_results.json,,,
utility,,,,False,,jailbreak,0.812,/mnt/nas/home/hiromi/src/sst_v2/v1/eval/merged/sst_merge/merge_eval/A6_A7_sst_k10_lw_a0.8_jailbreak_eval_results.json,,,
utility,,,,False,,repliqa,,/mnt/nas/home/hiromi/src/sst_v2/v1/eval/merged/sst_merge/merge_eval/A5_A7_sst_k5_a0.5_repliqa_eval_results.json,0.4762000096663723,0.5012968121142968,0.34074682388870153
utility,,,,False,,jailbreak,0.0,/mnt/nas/home/hiromi/src/sst_v2/v1/eval/merged/sst_merge/merge_eval/A6_A7_dare_a0.12_jailbreak_eval_results.json,,,
utility,,,,False,,jailbreak,0.76,/mnt/nas/home/hiromi/src/sst_v2/v1/eval/merged/sst_merge/merge_eval/A6_A7_sst_k5_a0.12_jailbreak_eval_results.json,,,
utility,,,,False,,jailbreak,0.826,/mnt/nas/home/hiromi/src/sst_v2/v1/eval/merged/sst_merge/merge_eval/A6_A7_sst_k20_lw_a1.0_jailbreak_eval_results.json,,,
utility,,,,False,,jailbreak,0.034,/mnt/nas/home/hiromi/src/sst_v2/v1/eval/merged/sst_merge/merge_eval/A5_A7_dare_a0.09_jailbreak_eval_results.json,,,
utility,,,,False,,alpaca,,/mnt/nas/home/hiromi/src/sst_v2/v1/eval/merged/sst_merge/merge_eval/A6_A7_sst_k5_a0.4_alpaca_eval_results.json,0.5927965203456862,0.6625402573786766,0.45730415127317386
utility,,,,False,,jailbreak,0.724,/mnt/nas/home/hiromi/src/sst_v2/v1/eval/merged/sst_merge/merge_eval/A5_A7_sst_k5_a0.7_jailbreak_eval_results.json,,,
utility,,,,False,,repliqa,,/mnt/nas/home/hiromi/src/sst_v2/v1/eval/merged/sst_merge/merge_eval/A5_A7_sst_k10_a0.3_repliqa_eval_results.json,0.5819577690045846,0.603994471583961,0.46431775372197476
utility,,,,False,,jailbreak,0.762,/mnt/nas/home/hiromi/src/sst_v2/v1/eval/merged/sst_merge/merge_eval/A6_A7_sst_k20_lw_a0.09_jailbreak_eval_results.json,,,
utility,,,,False,,alpaca,,/mnt/nas/home/hiromi/src/sst_v2/v1/eval/merged/sst_merge/merge_eval/A6_A7_dare_a0.07_alpaca_eval_results.json,0.00030341969653285904,0.00030341969653285904,0.0
utility,,,,False,,repliqa,,/mnt/nas/home/hiromi/src/sst_v2/v1/eval/merged/sst_merge/merge_eval/A5_A7_ties_a1.0_repliqa_eval_results.json,0.05564855207284858,0.06369803851111966,0.019796637830187806
utility,,,,False,,repliqa,,/mnt/nas/home/hiromi/src/sst_v2/v1/eval/merged/sst_merge/merge_eval/A5_A7_sst_k20_a0.2_repliqa_eval_results.json,0.6417145030776897,0.6583229958562924,0.5410331506286475
utility,,,,False,,alpaca,,/mnt/nas/home/hiromi/src/sst_v2/v1/eval/merged/sst_merge/merge_eval/A6_A7_sst_k5_a0.3_alpaca_eval_results.json,0.6095786636187573,0.6779845774464155,0.4744938119326155
utility,,,,False,,alpaca,,/mnt/nas/home/hiromi/src/sst_v2/v1/eval/merged/sst_merge/merge_eval/A6_A7_task_arithmetic_a0.4_alpaca_eval_results.json,0.4455238376700933,0.5235650325871258,0.30275420886888277
utility,,,,False,,jailbreak,0.82,/mnt/nas/home/hiromi/src/sst_v2/v1/eval/merged/sst_merge/merge_eval/A6_A7_sst_k20_a0.7_jailbreak_eval_results.json,,,
utility,,,,False,,jailbreak,0.168,/mnt/nas/home/hiromi/src/sst_v2/v1/eval/merged/sst_merge/merge_eval/A6_A7_dare_a0.9_jailbreak_eval_results.json,,,
utility,,,,False,,jailbreak,0.822,/mnt/nas/home/hiromi/src/sst_v2/v1/eval/merged/sst_merge/merge_eval/A6_A7_sst_k5_a1.0_jailbreak_eval_results.json,,,
utility,,,,False,,jailbreak,0.816,/mnt/nas/home/hiromi/src/sst_v2/v1/eval/merged/sst_merge/merge_eval/A6_A7_sst_k10_a0.8_jailbreak_eval_results.json,,,
utility,,,,False,,jailbreak,0.664,/mnt/nas/home/hiromi/src/sst_v2/v1/eval/merged/sst_merge/merge_eval/A5_A7_sst_k5_a0.2_jailbreak_eval_results.json,,,
utility,,,,False,,jailbreak,0.764,/mnt/nas/home/hiromi/src/sst_v2/v1/eval/merged/sst_merge/merge_eval/A6_A7_sst_k5_lw_a0.12_jailbreak_eval_results.json,,,
utility,,,,False,,jailbreak,0.786,/mnt/nas/home/hiromi/src/sst_v2/v1/eval/merged/sst_merge/merge_eval/A6_A7_sst_k10_a0.15_jailbreak_eval_results.json,,,
utility,,,,False,,jailbreak,0.22,/mnt/nas/home/hiromi/src/sst_v2/v1/eval/merged/sst_merge/merge_eval/A5_A7_dare_a0.15_jailbreak_eval_results.json,,,
utility,,,,False,,jailbreak,0.964,/mnt/nas/home/hiromi/src/sst_v2/v1/eval/merged/sst_merge/merge_eval/A5_A7_task_arithmetic_a0.6_jailbreak_eval_results.json,,,
utility,,,,False,,jailbreak,0.762,/mnt/nas/home/hiromi/src/sst_v2/v1/eval/merged/sst_merge/merge_eval/A6_A7_sst_k5_lw_a0.15_jailbreak_eval_results.json,,,
utility,,,,False,,alpaca,,/mnt/nas/home/hiromi/src/sst_v2/v1/eval/merged/sst_merge/merge_eval/A6_A7_sst_k20_lw_a0.9_alpaca_eval_results.json,0.5261730217562498,0.6049652797755113,0.376496350246505
utility,,,,False,,alpaca,,/mnt/nas/home/hiromi/src/sst_v2/v1/eval/merged/sst_merge/merge_eval/A6_A7_ties_a1.0_alpaca_eval_results.json,0.2367734851410146,0.30544300091232596,0.14210031588592023
utility,,,,False,,alpaca,,/mnt/nas/home/hiromi/src/sst_v2/v1/eval/merged/sst_merge/merge_eval/A6_A7_sst_k5_a0.05_alpaca_eval_results.json,0.6473533295213008,0.7060338432908759,0.51327043479588
utility,,,,False,,jailbreak,0.754,/mnt/nas/home/hiromi/src/sst_v2/v1/eval/merged/sst_merge/merge_eval/A6_A7_task_arithmetic_a0.07_jailbreak_eval_results.json,,,
utility,,,,False,,alpaca,,/mnt/nas/home/hiromi/src/sst_v2/v1/eval/merged/sst_merge/merge_eval/A6_A7_sst_k10_a0.07_alpaca_eval_results.json,0.647624776090649,0.7070420662747795,0.5152419210345576
utility,,,,False,,alpaca,,/mnt/nas/home/hiromi/src/sst_v2/v1/eval/merged/sst_merge/merge_eval/A6_A7_sst_k5_a0.2_alpaca_eval_results.json,0.6244975293293165,0.6882012556152814,0.4858959587483717
utility,,,,False,,alpaca,,/mnt/nas/home/hiromi/src/sst_v2/v1/eval/merged/sst_merge/merge_eval/A6_A7_sst_k20_a0.6_alpaca_eval_results.json,0.5506050368809815,0.6285029944786498,0.403633503672506
utility,,,,False,,jailbreak,0.832,/mnt/nas/home/hiromi/src/sst_v2/v1/eval/merged/sst_merge/merge_eval/A6_A7_sst_k5_a0.9_jailbreak_eval_results.json,,,
utility,,,,False,,jailbreak,0.684,/mnt/nas/home/hiromi/src/sst_v2/v1/eval/merged/sst_merge/merge_eval/A5_A7_sst_k5_lw_a0.4_jailbreak_eval_results.json,,,
utility,,,,False,,jailbreak,0.952,/mnt/nas/home/hiromi/src/sst_v2/v1/eval/merged/sst_merge/merge_eval/A6_A7_task_arithmetic_a0.6_jailbreak_eval_results.json,,,
utility,,,,False,,jailbreak,0.778,/mnt/nas/home/hiromi/src/sst_v2/v1/eval/merged/sst_merge/merge_eval/A6_A7_ties_a0.12_jailbreak_eval_results.json,,,
utility,,,,False,,jailbreak,0.762,/mnt/nas/home/hiromi/src/sst_v2/v1/eval/merged/sst_merge/merge_eval/A6_A7_task_arithmetic_a0.15_jailbreak_eval_results.json,,,
utility,,,,False,,jailbreak,0.69,/mnt/nas/home/hiromi/src/sst_v2/v1/eval/merged/sst_merge/merge_eval/A5_A7_sst_k10_a0.6_jailbreak_eval_results.json,,,
utility,,,,False,,alpaca,,/mnt/nas/home/hiromi/src/sst_v2/v1/eval/merged/sst_merge/merge_eval/A6_A7_ties_a0.7_alpaca_eval_results.json,0.29265549959677717,0.36480953116615866,0.18084750774438338
utility,,,,False,,alpaca,,/mnt/nas/home/hiromi/src/sst_v2/v1/eval/merged/sst_merge/merge_eval/A6_A7_sst_k10_a0.05_alpaca_eval_results.json,0.647032851006785,0.7065005847224972,0.5128095019121334
utility,,,,False,,alpaca,,/mnt/nas/home/hiromi/src/sst_v2/v1/eval/merged/sst_merge/merge_eval/A6_A7_sst_k10_lw_a0.7_alpaca_eval_results.json,0.5484060095615526,0.6276647617355722,0.39782931131271637
utility,,,,False,,alpaca,,/mnt/nas/home/hiromi/src/sst_v2/v1/eval/merged/sst_merge/merge_eval/A6_A7_ties_a0.15_alpaca_eval_results.json,0.48386475319698385,0.5639041144328182,0.34686803115805503
utility,,,,False,,alpaca,,/mnt/nas/home/hiromi/src/sst_v2/v1/eval/merged/sst_merge/merge_eval/A6_A7_sst_k10_a0.7_alpaca_eval_results.json,0.5506187721449092,0.6286174529001048,0.4021152572193805
utility,,,,False,,jailbreak,0.69,/mnt/nas/home/hiromi/src/sst_v2/v1/eval/merged/sst_merge/merge_eval/A5_A7_sst_k20_a0.07_jailbreak_eval_results.json,,,
utility,,,,False,,repliqa,,/mnt/nas/home/hiromi/src/sst_v2/v1/eval/merged/sst_merge/merge_eval/A5_A7_ties_a0.4_repliqa_eval_results.json,0.2609638993674703,0.29664510354663026,0.13420186299343137
utility,,,,False,,alpaca,,/mnt/nas/home/hiromi/src/sst_v2/v1/eval/merged/sst_merge/merge_eval/A6_A7_ties_a0.2_alpaca_eval_results.json,0.4692586788007758,0.551897440212941,0.32885321199006384
utility,,,,False,,alpaca,,/mnt/nas/home/hiromi/src/sst_v2/v1/eval/merged/sst_merge/merge_eval/A6_A7_sst_k5_lw_a0.4_alpaca_eval_results.json,0.5881939561702915,0.6585787341524165,0.45012460051749165
utility,,,,False,,jailbreak,0.694,/mnt/nas/home/hiromi/src/sst_v2/v1/eval/merged/sst_merge/merge_eval/A5_A7_sst_k10_lw_a0.12_jailbreak_eval_results.json,,,
utility,,,,False,,jailbreak,0.678,/mnt/nas/home/hiromi/src/sst_v2/v1/eval/merged/sst_merge/merge_eval/A5_A7_sst_k10_lw_a0.2_jailbreak_eval_results.json,,,
utility,,,,False,,repliqa,,/mnt/nas/home/hiromi/src/sst_v2/v1/eval/merged/sst_merge/merge_eval/A5_A7_sst_k20_lw_a0.6_repliqa_eval_results.json,0.44381467259569013,0.4690704496456378,0.304064013849662
utility,,,,False,,repliqa,,/mnt/nas/home/hiromi/src/sst_v2/v1/eval/merged/sst_merge/merge_eval/A5_A7_sst_k5_lw_a0.05_repliqa_eval_results.json,0.6962962771068348,0.7117364031999673,0.6105517330244057
utility,,,,False,,jailbreak,0.79,/mnt/nas/home/hiromi/src/sst_v2/v1/eval/merged/sst_merge/merge_eval/A6_A7_ties_a0.15_jailbreak_eval_results.json,,,
utility,,,,False,,alpaca,,/mnt/nas/home/hiromi/src/sst_v2/v1/eval/merged/sst_merge/merge_eval/A6_A7_sst_k10_a0.09_alpaca_eval_results.json,0.6419084987576753,0.7024849228679889,0.5056007092290008
utility,,,,False,,repliqa,,/mnt/nas/home/hiromi/src/sst_v2/v1/eval/merged/sst_merge/merge_eval/A5_A7_dare_a0.05_repliqa_eval_results.json,0.012202938837781244,0.012522340282569685,0.0
utility,,,,False,,repliqa,,/mnt/nas/home/hiromi/src/sst_v2/v1/eval/merged/sst_merge/merge_eval/A5_A7_dare_a0.2_repliqa_eval_results.json,0.01235881027254155,0.013680232314798448,0.0008785426340909793
utility,,,,False,,jailbreak,0.846,/mnt/nas/home/hiromi/src/sst_v2/v1/eval/merged/sst_merge/merge_eval/A6_A7_sst_k10_lw_a1.0_jailbreak_eval_results.json,,,
utility,,,,False,,repliqa,,/mnt/nas/home/hiromi/src/sst_v2/v1/eval/merged/sst_merge/merge_eval/A5_A7_dare_a0.4_repliqa_eval_results.json,0.09736858547415625,0.10783869533228793,0.024048088979494692
utility,,,,False,,jailbreak,1.0,/mnt/nas/home/hiromi/src/sst_v2/v1/eval/merged/sst_merge/merge_eval/A6_A7_task_arithmetic_a1.0_jailbreak_eval_results.json,,,
utility,,,,False,,repliqa,,/mnt/nas/home/hiromi/src/sst_v2/v1/eval/merged/sst_merge/merge_eval/A5_A7_ties_a0.6_repliqa_eval_results.json,0.15298690760061173,0.180657764958384,0.07369684261345902
utility,,,,False,,alpaca,,/mnt/nas/home/hiromi/src/sst_v2/v1/eval/merged/sst_merge/merge_eval/A6_A7_sst_k10_a0.5_alpaca_eval_results.json,0.5665814385550653,0.6381843841237513,0.42342174558655277
utility,,,,False,,jailbreak,0.716,/mnt/nas/home/hiromi/src/sst_v2/v1/eval/merged/sst_merge/merge_eval/A5_A7_sst_k10_lw_a0.7_jailbreak_eval_results.json,,,
utility,,,,False,,jailbreak,0.84,/mnt/nas/home/hiromi/src/sst_v2/v1/eval/merged/sst_merge/merge_eval/A6_A7_sst_k10_a1.0_jailbreak_eval_results.json,,,
utility,,,,False,,jailbreak,0.814,/mnt/nas/home/hiromi/src/sst_v2/v1/eval/merged/sst_merge/merge_eval/A6_A7_sst_k5_nogevp_a1.0_jailbreak_eval_results.json,,,
utility,,,,False,,jailbreak,0.366,/mnt/nas/home/hiromi/src/sst_v2/v1/eval/merged/sst_merge/merge_eval/A5_A7_dare_a0.5_jailbreak_eval_results.json,,,
utility,,,,False,,repliqa,,/mnt/nas/home/hiromi/src/sst_v2/v1/eval/merged/sst_merge/merge_eval/A5_A7_sst_k10_lw_a0.12_repliqa_eval_results.json,0.6886034797815055,0.702056930285263,0.5990006303734682
utility,,,,False,,jailbreak,0.738,/mnt/nas/home/hiromi/src/sst_v2/v1/eval/merged/sst_merge/merge_eval/A5_A7_dare_a0.6_jailbreak_eval_results.json,,,
utility,,,,False,,jailbreak,0.708,/mnt/nas/home/hiromi/src/sst_v2/v1/eval/merged/sst_merge/merge_eval/A5_A7_sst_k20_lw_a0.4_jailbreak_eval_results.json,,,
utility,,,,False,,jailbreak,0.826,/mnt/nas/home/hiromi/src/sst_v2/v1/eval/merged/sst_merge/merge_eval/A6_A7_sst_k5_lw_a0.8_jailbreak_eval_results.json,,,
utility,,,,False,,repliqa,,/mnt/nas/home/hiromi/src/sst_v2/v1/eval/merged/sst_merge/merge_eval/A5_A7_ties_a0.1_repliqa_eval_results.json,0.40037201883926654,0.4297562556253712,0.25677505209721324
utility,,,,False,,jailbreak,0.76,/mnt/nas/home/hiromi/src/sst_v2/v1/eval/merged/sst_merge/merge_eval/A6_A7_sst_k10_a0.12_jailbreak_eval_results.json,,,
utility,,,,False,,alpaca,,/mnt/nas/home/hiromi/src/sst_v2/v1/eval/merged/sst_merge/merge_eval/A6_A7_sst_k20_lw_a0.15_alpaca_eval_results.json,0.6282413830940577,0.6914346384322134,0.48918321691564803
utility,,,,False,,jailbreak,0.688,/mnt/nas/home/hiromi/src/sst_v2/v1/eval/merged/sst_merge/merge_eval/A5_A7_sst_k20_lw_a0.1_jailbreak_eval_results.json,,,
utility,,,,False,,jailbreak,0.002,/mnt/nas/home/hiromi/src/sst_v2/v1/eval/merged/sst_merge/merge_eval/A5_A7_dare_a0.05_jailbreak_eval_results.json,,,
utility,,,,False,,jailbreak,0.93,/mnt/nas/home/hiromi/src/sst_v2/v1/eval/merged/sst_merge/merge_eval/A5_A7_ties_a0.4_jailbreak_eval_results.json,,,
utility,,,,False,,jailbreak,0.778,/mnt/nas/home/hiromi/src/sst_v2/v1/eval/merged/sst_merge/merge_eval/A5_A7_ties_a0.05_jailbreak_eval_results.json,,,
utility,,,,False,,repliqa,,/mnt/nas/home/hiromi/src/sst_v2/v1/eval/merged/sst_merge/merge_eval/A5_A7_sst_k10_lw_a1.0_repliqa_eval_results.json,0.37979384773071967,0.4087165371113702,0.22956471333677705
utility,,,,False,,jailbreak,0.804,/mnt/nas/home/hiromi/src/sst_v2/v1/eval/merged/sst_merge/merge_eval/A6_A7_dare_jailbreak_eval_results.json,,,
utility,,,,False,,jailbreak,0.822,/mnt/nas/home/hiromi/src/sst_v2/v1/eval/merged/sst_merge/merge_eval/A5_A7_ties_a0.12_jailbreak_eval_results.json,,,
utility,,,,False,,jailbreak,0.692,/mnt/nas/home/hiromi/src/sst_v2/v1/eval/merged/sst_merge/merge_eval/A5_A7_sst_k10_lw_a0.5_jailbreak_eval_results.json,,,
utility,,,,False,,jailbreak,0.694,/mnt/nas/home/hiromi/src/sst_v2/v1/eval/merged/sst_merge/merge_eval/A5_A7_sst_k5_lw_a0.6_jailbreak_eval_results.json,,,
utility,,,,False,,jailbreak,0.698,/mnt/nas/home/hiromi/src/sst_v2/v1/eval/merged/sst_merge/merge_eval/A5_A7_sst_k10_a0.05_jailbreak_eval_results.json,,,
utility,,,,False,,jailbreak,0.908,/mnt/nas/home/hiromi/src/sst_v2/v1/eval/merged/sst_merge/merge_eval/A5_A7_ties_a0.3_jailbreak_eval_results.json,,,
utility,,,,False,,jailbreak,0.732,/mnt/nas/home/hiromi/src/sst_v2/v1/eval/merged/sst_merge/merge_eval/A5_A7_sst_k5_lw_a1.0_jailbreak_eval_results.json,,,
utility,,,,False,,repliqa,,/mnt/nas/home/hiromi/src/sst_v2/v1/eval/merged/sst_merge/merge_eval/A5_A7_sst_k5_a0.6_repliqa_eval_results.json,0.4418260445142902,0.4682673849620824,0.3013785589935473
utility,,,,False,,jailbreak,0.8,/mnt/nas/home/hiromi/src/sst_v2/v1/eval/merged/sst_merge/merge_eval/A6_A7_sst_k20_lw_a0.3_jailbreak_eval_results.json,,,
utility,,,,False,,jailbreak,0.786,/mnt/nas/home/hiromi/src/sst_v2/v1/eval/merged/sst_merge/merge_eval/A5_A7_ties_a0.09_jailbreak_eval_results.json,,,
utility,,,,False,,alpaca,,/mnt/nas/home/hiromi/src/sst_v2/v1/eval/merged/sst_merge/merge_eval/A6_A7_sst_k20_a1.0_alpaca_eval_results.json,0.5104340684169525,0.5896663602305643,0.36016474945269783
utility,,,,False,,jailbreak,0.71,/mnt/nas/home/hiromi/src/sst_v2/v1/eval/merged/sst_merge/merge_eval/A5_A7_sst_k10_lw_a0.05_jailbreak_eval_results.json,,,
utility,,,,False,,alpaca,,/mnt/nas/home/hiromi/src/sst_v2/v1/eval/merged/sst_merge/merge_eval/A6_A7_sst_k20_lw_a0.6_alpaca_eval_results.json,0.5557911429025906,0.6290037051830014,0.4124694774090746
utility,,,,False,,jailbreak,0.0,/mnt/nas/home/hiromi/src/sst_v2/v1/eval/merged/sst_merge/merge_eval/A6_A7_dare_a0.07_jailbreak_eval_results.json,,,
utility,,,,False,,repliqa,,/mnt/nas/home/hiromi/src/sst_v2/v1/eval/merged/sst_merge/merge_eval/A5_A7_task_arithmetic_a0.12_repliqa_eval_results.json,0.5873028630326955,0.60718929498364,0.4808990885304751
utility,,,,False,,jailbreak,0.818,/mnt/nas/home/hiromi/src/sst_v2/v1/eval/merged/sst_merge/merge_eval/A6_A7_sst_k10_a0.5_jailbreak_eval_results.json,,,
utility,,,,False,,alpaca,,/mnt/nas/home/hiromi/src/sst_v2/v1/eval/merged/sst_merge/merge_eval/A6_A7_sst_k5_lw_a0.5_alpaca_eval_results.json,0.5736942639134278,0.6443579111617772,0.43053457596398426
utility,,,,False,,repliqa,,/mnt/nas/home/hiromi/src/sst_v2/v1/eval/merged/sst_merge/merge_eval/A5_A7_sst_k5_a0.07_repliqa_eval_results.json,0.698591449350392,0.7129101396090772,0.6122334068514813
utility,,,,False,,alpaca,,/mnt/nas/home/hiromi/src/sst_v2/v1/eval/merged/sst_merge/merge_eval/A6_A7_dare_a0.05_alpaca_eval_results.json,0.0,0.0,0.0
utility,,,,False,,jailbreak,0.74,/mnt/nas/home/hiromi/src/sst_v2/v1/eval/merged/sst_merge/merge_eval/A6_A7_sst_k5_lw_a0.07_jailbreak_eval_results.json,,,
utility,,,,False,,alpaca,,/mnt/nas/home/hiromi/src/sst_v2/v1/eval/merged/sst_merge/merge_eval/A6_A7_sst_k10_a0.3_alpaca_eval_results.json,0.6077146375059431,0.6740101509581579,0.4693503260820232
utility,,,,False,,repliqa,,/mnt/nas/home/hiromi/src/sst_v2/v1/eval/merged/sst_merge/merge_eval/A5_A7_task_arithmetic_repliqa_eval_results.json,0.35713409190474815,0.38999973912524455,0.21581864973450887
utility,,,,False,,jailbreak,0.998,/mnt/nas/home/hiromi/src/sst_v2/v1/eval/merged/sst_merge/merge_eval/A5_A7_task_arithmetic_a0.8_jailbreak_eval_results.json,,,
utility,,,,False,,repliqa,,/mnt/nas/home/hiromi/src/sst_v2/v1/eval/merged/sst_merge/merge_eval/A5_A7_sst_k20_lw_a0.1_repliqa_eval_results.json,0.708199234815221,0.7224553623397018,0.6225355314962858
utility,,,,False,,repliqa,,/mnt/nas/home/hiromi/src/sst_v2/v1/eval/merged/sst_merge/merge_eval/A5_A7_sst_k20_a0.6_repliqa_eval_results.json,0.4457361717989165,0.472613205395834,0.3034408041223648
utility,,,,False,,jailbreak,0.754,/mnt/nas/home/hiromi/src/sst_v2/v1/eval/merged/sst_merge/merge_eval/A6_A7_sst_k20_a0.15_jailbreak_eval_results.json,,,
utility,,,,False,,jailbreak,0.0,/mnt/nas/home/hiromi/src/sst_v2/v1/eval/merged/sst_merge/merge_eval/A6_A7_dare_a0.3_jailbreak_eval_results.json,,,
utility,,,,False,,jailbreak,0.678,/mnt/nas/home/hiromi/src/sst_v2/v1/eval/merged/sst_merge/merge_eval/A5_A7_sst_k10_a0.15_jailbreak_eval_results.json,,,
utility,,,,False,,alpaca,,/mnt/nas/home/hiromi/src/sst_v2/v1/eval/merged/sst_merge/merge_eval/A6_A7_sst_k10_lw_a0.5_alpaca_eval_results.json,0.5721609476317893,0.6433527241682281,0.42868957443072464
utility,,,,False,,jailbreak,0.948,/mnt/nas/home/hiromi/src/sst_v2/v1/eval/merged/sst_merge/merge_eval/A6_A7_ties_a0.5_jailbreak_eval_results.json,,,
utility,,,,False,,jailbreak,1.0,/mnt/nas/home/hiromi/src/sst_v2/v1/eval/merged/sst_merge/merge_eval/A6_A7_task_arithmetic_a0.9_jailbreak_eval_results.json,,,
utility,,,,False,,alpaca,,/mnt/nas/home/hiromi/src/sst_v2/v1/eval/merged/sst_merge/merge_eval/A6_A7_sst_k10_lw_a0.9_alpaca_eval_results.json,0.5284571823557692,0.6079580227446905,0.38005871030327354
utility,,,,False,,jailbreak,0.812,/mnt/nas/home/hiromi/src/sst_v2/v1/eval/merged/sst_merge/merge_eval/A5_A7_ties_a0.1_jailbreak_eval_results.json,,,
utility,,,,False,,jailbreak,0.746,/mnt/nas/home/hiromi/src/sst_v2/v1/eval/merged/sst_merge/merge_eval/A6_A7_sst_k10_lw_a0.05_jailbreak_eval_results.json,,,
utility,,,,False,,alpaca,,/mnt/nas/home/hiromi/src/sst_v2/v1/eval/merged/sst_merge/merge_eval/A6_A7_sst_k10_lw_a0.3_alpaca_eval_results.json,0.6101832529382951,0.6769790621126486,0.47465128345552093
utility,,,,False,,alpaca,,/mnt/nas/home/hiromi/src/sst_v2/v1/eval/merged/sst_merge/merge_eval/A6_A7_sst_k5_a0.7_alpaca_eval_results.json,0.5453713300560087,0.6252785823787723,0.39820125131970824
utility,,,,False,,alpaca,,/mnt/nas/home/hiromi/src/sst_v2/v1/eval/merged/sst_merge/merge_eval/A6_A7_dare_a1.0_alpaca_eval_results.json,0.018251075674226746,0.018695182214823837,0.0018251487060633501
utility,,,,False,,jailbreak,0.952,/mnt/nas/home/hiromi/src/sst_v2/v1/eval/merged/sst_merge/merge_eval/A5_A7_ties_a0.5_jailbreak_eval_results.json,,,
utility,,,,False,,alpaca,,/mnt/nas/home/hiromi/src/sst_v2/v1/eval/merged/sst_merge/merge_eval/A6_A7_sst_k20_a0.15_alpaca_eval_results.json,0.6265759147090053,0.6892509936292563,0.4882628737791473
utility,,,,False,,repliqa,,/mnt/nas/home/hiromi/src/sst_v2/v1/eval/merged/sst_merge/merge_eval/A5_A7_sst_k5_lw_a0.9_repliqa_eval_results.json,0.3967057440393986,0.4247828436288003,0.24932140688441434
utility,,,,False,,jailbreak,0.808,/mnt/nas/home/hiromi/src/sst_v2/v1/eval/merged/sst_merge/merge_eval/A6_A7_sst_k20_a0.8_jailbreak_eval_results.json,,,
utility,,,,False,,jailbreak,0.67,/mnt/nas/home/hiromi/src/sst_v2/v1/eval/merged/sst_merge/merge_eval/A5_A7_sst_k5_a0.15_jailbreak_eval_results.json,,,
utility,,,,False,,jailbreak,0.716,/mnt/nas/home/hiromi/src/sst_v2/v1/eval/merged/sst_merge/merge_eval/A5_A7_sst_k5_lw_a0.7_jailbreak_eval_results.json,,,
utility,,,,False,,jailbreak,0.73,/mnt/nas/home/hiromi/src/sst_v2/v1/eval/merged/sst_merge/merge_eval/A6_A7_sst_k10_a0.05_jailbreak_eval_results.json,,,
utility,,,,False,,repliqa,,/mnt/nas/home/hiromi/src/sst_v2/v1/eval/merged/sst_merge/merge_eval/A5_A7_sst_k10_a0.05_repliqa_eval_results.json,0.6977479216261447,0.7124311650136608,0.6117894522942461
utility,,,,False,,repliqa,,/mnt/nas/home/hiromi/src/sst_v2/v1/eval/merged/sst_merge/merge_eval/A5_A7_task_arithmetic_a0.15_repliqa_eval_results.json,0.5248419788583109,0.5469184074854817,0.4086465669474304
utility,,,,False,,jailbreak,0.736,/mnt/nas/home/hiromi/src/sst_v2/v1/eval/merged/sst_merge/merge_eval/A6_A7_ties_a0.05_jailbreak_eval_results.json,,,
utility,,,,False,,jailbreak,0.802,/mnt/nas/home/hiromi/src/sst_v2/v1/eval/merged/sst_merge/merge_eval/A6_A7_sst_k5_a0.8_jailbreak_eval_results.json,,,
utility,,,,False,,repliqa,,/mnt/nas/home/hiromi/src/sst_v2/v1/eval/merged/sst_merge/merge_eval/A5_A7_sst_k5_lw_a0.07_repliqa_eval_results.json,0.6978435468669288,0.7131986505684493,0.6097922133362419
utility,,,,False,,jailbreak,0.0,/mnt/nas/home/hiromi/src/sst_v2/v1/eval/merged/sst_merge/merge_eval/A6_A7_dare_a1.0_jailbreak_eval_results.json,,,
utility,,,,False,,repliqa,,/mnt/nas/home/hiromi/src/sst_v2/v1/eval/merged/sst_merge/merge_eval/A5_A7_sst_k5_a0.15_repliqa_eval_results.json,0.6789522393943332,0.6929061949337024,0.5847312040249659
utility,,,,False,,jailbreak,0.692,/mnt/nas/home/hiromi/src/sst_v2/v1/eval/merged/sst_merge/merge_eval/A5_A7_sst_k5_a0.5_jailbreak_eval_results.json,,,
utility,,,,False,,alpaca,,/mnt/nas/home/hiromi/src/sst_v2/v1/eval/merged/sst_merge/merge_eval/A6_A7_sst_k10_lw_a0.1_alpaca_eval_results.json,0.6429208334767151,0.7026663685212159,0.5053222504941476
utility,,,,False,,alpaca,,/mnt/nas/home/hiromi/src/sst_v2/v1/eval/merged/sst_merge/merge_eval/A6_A7_ties_a0.07_alpaca_eval_results.json,0.5224240775249988,0.6000146185033928,0.3845940788997184
utility,,,,False,,repliqa,,/mnt/nas/home/hiromi/src/sst_v2/v1/eval/merged/sst_merge/merge_eval/A5_A7_ties_a0.9_repliqa_eval_results.json,0.07242307125855386,0.08350874253080823,0.028605075255402172
utility,,,,False,,jailbreak,0.982,/mnt/nas/home/hiromi/src/sst_v2/v1/eval/merged/sst_merge/merge_eval/A6_A7_task_arithmetic_a0.7_jailbreak_eval_results.json,,,
utility,,,,False,,repliqa,,/mnt/nas/home/hiromi/src/sst_v2/v1/eval/merged/sst_merge/merge_eval/A5_A7_sst_k10_a0.5_repliqa_eval_results.json,0.4698619885978994,0.4953254262903165,0.3339155111567011
utility,,,,False,,repliqa,,/mnt/nas/home/hiromi/src/sst_v2/v1/eval/merged/sst_merge/merge_eval/A5_A7_sst_k20_lw_a0.2_repliqa_eval_results.json,0.6330637398092241,0.6506498197519804,0.528964444746123
utility,,,,False,,repliqa,,/mnt/nas/home/hiromi/src/sst_v2/v1/eval/merged/sst_merge/merge_eval/A5_A7_ties_a0.8_repliqa_eval_results.json,0.0907133748145586,0.10541953320857346,0.03798914042659312
utility,,,,False,,alpaca,,/mnt/nas/home/hiromi/src/sst_v2/v1/eval/merged/sst_merge/merge_eval/A6_A7_sst_k20_a0.05_alpaca_eval_results.json,0.642712138787424,0.701142975836262,0.5069343847511962
utility,,,,False,,repliqa,,/mnt/nas/home/hiromi/src/sst_v2/v1/eval/merged/sst_merge/merge_eval/A5_A7_sst_k10_a0.09_repliqa_eval_results.json,0.7027894325687201,0.7168468933203377,0.6156605578471359
utility,,,,False,,jailbreak,0.82,/mnt/nas/home/hiromi/src/sst_v2/v1/eval/merged/sst_merge/merge_eval/A6_A7_sst_k20_a1.0_jailbreak_eval_results.json,,,
utility,,,,False,,alpaca,,/mnt/nas/home/hiromi/src/sst_v2/v1/eval/merged/sst_merge/merge_eval/A6_A7_sst_k10_a0.8_alpaca_eval_results.json,0.5369426200953333,0.6142976969841354,0.3866338867189977
utility,,,,False,,repliqa,,/mnt/nas/home/hiromi/src/sst_v2/v1/eval/merged/sst_merge/merge_eval/A5_A7_dare_a0.15_repliqa_eval_results.json,0.06566591448837959,0.06830382454410361,0.008015211711017616
utility,,,,False,,repliqa,,/mnt/nas/home/hiromi/src/sst_v2/v1/eval/merged/sst_merge/merge_eval/A5_A7_sst_k10_lw_a0.2_repliqa_eval_results.json,0.6394249109557186,0.6577961447459381,0.5355782307140284
utility,,,,False,,jailbreak,0.706,/mnt/nas/home/hiromi/src/sst_v2/v1/eval/merged/sst_merge/merge_eval/A5_A7_dare_a0.7_jailbreak_eval_results.json,,,
utility,,,,False,,jailbreak,0.702,/mnt/nas/home/hiromi/src/sst_v2/v1/eval/merged/sst_merge/merge_eval/A5_A7_sst_k10_lw_a0.09_jailbreak_eval_results.json,,,
utility,,,,False,,alpaca,,/mnt/nas/home/hiromi/src/sst_v2/v1/eval/merged/sst_merge/merge_eval/A6_A7_sst_k20_lw_a1.0_alpaca_eval_results.json,0.5116627622490271,0.5914963648538651,0.3622135335843882
utility,,,,False,,alpaca,,/mnt/nas/home/hiromi/src/sst_v2/v1/eval/merged/sst_merge/merge_eval/A6_A7_ties_a0.05_alpaca_eval_results.json,0.5247594645076545,0.6020517795931702,0.38877083715452515
utility,,,,False,,jailbreak,0.752,/mnt/nas/home/hiromi/src/sst_v2/v1/eval/merged/sst_merge/merge_eval/A6_A7_sst_k5_a0.05_jailbreak_eval_results.json,,,
utility,,,,False,,jailbreak,0.788,/mnt/nas/home/hiromi/src/sst_v2/v1/eval/merged/sst_merge/merge_eval/A6_A7_task_arithmetic_a0.3_jailbreak_eval_results.json,,,
utility,,,,False,,jailbreak,0.83,/mnt/nas/home/hiromi/src/sst_v2/v1/eval/merged/sst_merge/merge_eval/A6_A7_sst_k5_a0.6_jailbreak_eval_results.json,,,
utility,,,,False,,repliqa,,/mnt/nas/home/hiromi/src/sst_v2/v1/eval/merged/sst_merge/merge_eval/A5_A7_ties_a0.7_repliqa_eval_results.json,0.11839034413081066,0.13665993910282237,0.055732229486236295
utility,,,,False,,alpaca,,/mnt/nas/home/hiromi/src/sst_v2/v1/eval/merged/sst_merge/merge_eval/A6_A7_sst_k5_a0.09_alpaca_eval_results.json,0.6405617403738749,0.6999204550265397,0.5055592406970696
utility,,,,False,,repliqa,,/mnt/nas/home/hiromi/src/sst_v2/v1/eval/merged/sst_merge/merge_eval/A5_A7_task_arithmetic_a0.8_repliqa_eval_results.json,0.07007430052866405,0.0806068452067242,0.028556608095083914
utility,,,,False,,jailbreak,0.814,/mnt/nas/home/hiromi/src/sst_v2/v1/eval/merged/sst_merge/merge_eval/A6_A7_sst_k10_lw_a0.5_jailbreak_eval_results.json,,,
utility,,,,False,,jailbreak,0.152,/mnt/nas/home/hiromi/src/sst_v2/v1/eval/merged/sst_merge/merge_eval/A6_A7_dare_a0.7_jailbreak_eval_results.json,,,
utility,,,,False,,repliqa,,/mnt/nas/home/hiromi/src/sst_v2/v1/eval/merged/sst_merge/merge_eval/A5_A7_sst_k20_lw_a0.9_repliqa_eval_results.json,0.38848122665611684,0.417641189865348,0.240110312332136
utility,,,,False,,jailbreak,0.746,/mnt/nas/home/hiromi/src/sst_v2/v1/eval/merged/sst_merge/merge_eval/A5_A7_task_arithmetic_a0.09_jailbreak_eval_results.json,,,
utility,,,,False,,alpaca,,/mnt/nas/home/hiromi/src/sst_v2/v1/eval/merged/sst_merge/merge_eval/A6_A7_sst_k5_lw_a0.7_alpaca_eval_results.json,0.5464331067454483,0.6244088791928193,0.39705882371933765
utility,,,,False,,repliqa,,/mnt/nas/home/hiromi/src/sst_v2/v1/eval/merged/sst_merge/merge_eval/A5_A7_sst_k20_lw_a0.7_repliqa_eval_results.json,0.43088398963179075,0.4590484767005466,0.2906106233838443
utility,,,,False,,jailbreak,0.75,/mnt/nas/home/hiromi/src/sst_v2/v1/eval/merged/sst_merge/merge_eval/A6_A7_sst_k10_lw_a0.1_jailbreak_eval_results.json,,,
utility,,,,False,,alpaca,,/mnt/nas/home/hiromi/src/sst_v2/v1/eval/merged/sst_merge/merge_eval/A6_A7_sst_k5_a0.5_alpaca_eval_results.json,0.5700318304562187,0.6408666118569037,0.427196929086296
utility,,,,False,,repliqa,,/mnt/nas/home/hiromi/src/sst_v2/v1/eval/merged/sst_merge/merge_eval/A5_A7_sst_k10_a0.12_repliqa_eval_results.json,0.6954069556637599,0.7086656235686362,0.6077260832008922
utility,,,,False,,jailbreak,0.692,/mnt/nas/home/hiromi/src/sst_v2/v1/eval/merged/sst_merge/merge_eval/A5_A7_sst_k5_a0.4_jailbreak_eval_results.json,,,
utility,,,,False,,alpaca,,/mnt/nas/home/hiromi/src/sst_v2/v1/eval/merged/sst_merge/merge_eval/A6_A7_task_arithmetic_alpaca_eval_results.json,0.4641011928474742,0.5461470879171793,0.318583378416701
utility,,,,False,,alpaca,,/mnt/nas/home/hiromi/src/sst_v2/v1/eval/merged/sst_merge/merge_eval/A6_A7_task_arithmetic_a0.09_alpaca_eval_results.json,0.6301128901248169,0.6937821281620745,0.5009631103817606
utility,,,,False,,jailbreak,0.044,/mnt/nas/home/hiromi/src/sst_v2/v1/eval/merged/sst_merge/merge_eval/A6_A7_dare_a0.5_jailbreak_eval_results.json,,,
utility,,,,False,,alpaca,,/mnt/nas/home/hiromi/src/sst_v2/v1/eval/merged/sst_merge/merge_eval/A6_A7_task_arithmetic_a0.12_alpaca_eval_results.json,0.6108571849633379,0.6794181328589507,0.4767462315736883
utility,,,,False,,jailbreak,0.996,/mnt/nas/home/hiromi/src/sst_v2/v1/eval/merged/sst_merge/merge_eval/A6_A7_task_arithmetic_a0.8_jailbreak_eval_results.json,,,
utility,,,,False,,jailbreak,0.696,/mnt/nas/home/hiromi/src/sst_v2/v1/eval/merged/sst_merge/merge_eval/A5_A7_sst_k20_a0.5_jailbreak_eval_results.json,,,
utility,,,,False,,jailbreak,0.748,/mnt/nas/home/hiromi/src/sst_v2/v1/eval/merged/sst_merge/merge_eval/A5_A7_sst_k5_lw_a0.9_jailbreak_eval_results.json,,,
utility,,,,False,,jailbreak,0.744,/mnt/nas/home/hiromi/src/sst_v2/v1/eval/merged/sst_merge/merge_eval/A6_A7_sst_k10_a0.09_jailbreak_eval_results.json,,,
utility,,,,False,,alpaca,,/mnt/nas/home/hiromi/src/sst_v2/v1/eval/merged/sst_merge/merge_eval/A6_A7_sst_k5_lw_a0.6_alpaca_eval_results.json,0.5510697525394888,0.6266390450598531,0.40679626626379295
utility,,,,False,,jailbreak,0.836,/mnt/nas/home/hiromi/src/sst_v2/v1/eval/merged/sst_merge/merge_eval/A6_A7_sst_k5_lw_a1.0_jailbreak_eval_results.json,,,
utility,,,,False,,jailbreak,0.7,/mnt/nas/home/hiromi/src/sst_v2/v1/eval/merged/sst_merge/merge_eval/A5_A7_sst_k20_lw_a0.05_jailbreak_eval_results.json,,,
utility,,,,False,,jailbreak,0.764,/mnt/nas/home/hiromi/src/sst_v2/v1/eval/merged/sst_merge/merge_eval/A6_A7_sst_k5_a0.2_jailbreak_eval_results.json,,,
utility,,,,False,,jailbreak,0.694,/mnt/nas/home/hiromi/src/sst_v2/v1/eval/merged/sst_merge/merge_eval/A5_A7_sst_k5_a0.09_jailbreak_eval_results.json,,,
utility,,,,False,,repliqa,,/mnt/nas/home/hiromi/src/sst_v2/v1/eval/merged/sst_merge/merge_eval/A5_A7_task_arithmetic_a0.09_repliqa_eval_results.json,0.6315589034465301,0.6489599448652172,0.5300672408460742
utility,,,,False,,alpaca,,/mnt/nas/home/hiromi/src/sst_v2/v1/eval/merged/sst_merge/merge_eval/A6_A7_sst_k10_a1.0_alpaca_eval_results.json,0.5136857802404852,0.594201301397172,0.3637154889605348
utility,,,,False,,repliqa,,/mnt/nas/home/hiromi/src/sst_v2/v1/eval/merged/sst_merge/merge_eval/A5_A7_sst_k10_a0.8_repliqa_eval_results.json,0.4106785405209718,0.4402352105424217,0.2641740438353346
utility,,,,False,,alpaca,,/mnt/nas/home/hiromi/src/sst_v2/v1/eval/merged/sst_merge/merge_eval/A6_A7_sst_k20_lw_a0.3_alpaca_eval_results.json,0.6105714556185488,0.6776907232033793,0.47247163294857186
utility,,,,False,,jailbreak,0.764,/mnt/nas/home/hiromi/src/sst_v2/v1/eval/merged/sst_merge/merge_eval/A6_A7_sst_k10_lw_a0.12_jailbreak_eval_results.json,,,
utility,,,,False,,jailbreak,0.702,/mnt/nas/home/hiromi/src/sst_v2/v1/eval/merged/sst_merge/merge_eval/A5_A7_sst_k20_lw_a0.7_jailbreak_eval_results.json,,,
utility,,,,False,,alpaca,,/mnt/nas/home/hiromi/src/sst_v2/v1/eval/merged/sst_merge/merge_eval/A6_A7_sst_k10_a0.1_alpaca_eval_results.json,0.6388034441304317,0.698582192191837,0.5022288890721729
utility,,,,False,,jailbreak,0.736,/mnt/nas/home/hiromi/src/sst_v2/v1/eval/merged/sst_merge/merge_eval/A5_A7_sst_k20_a0.9_jailbreak_eval_results.json,,,
utility,,,,False,,jailbreak,0.01,/mnt/nas/home/hiromi/src/sst_v2/v1/eval/merged/sst_merge/merge_eval/A5_A7_dare_a1.0_jailbreak_eval_results.json,,,
utility,,,,False,,jailbreak,0.744,/mnt/nas/home/hiromi/src/sst_v2/v1/eval/merged/sst_merge/merge_eval/A6_A7_sst_k10_lw_a0.07_jailbreak_eval_results.json,,,
utility,,,,False,,alpaca,,/mnt/nas/home/hiromi/src/sst_v2/v1/eval/merged/sst_merge/merge_eval/A6_A7_sst_k5_lw_a0.05_alpaca_eval_results.json,0.649904511240092,0.7071266978382348,0.5158980387393294
utility,,,,False,,repliqa,,/mnt/nas/home/hiromi/src/sst_v2/v1/eval/merged/sst_merge/merge_eval/A5_A7_ties_a0.5_repliqa_eval_results.json,0.21837880460293604,0.2562885629717084,0.10590690866636941
utility,,,,False,,repliqa,,/mnt/nas/home/hiromi/src/sst_v2/v1/eval/merged/sst_merge/merge_eval/A5_A7_sst_k20_lw_a0.8_repliqa_eval_results.json,0.4140662225393177,0.4426592461248618,0.26710924257695134
utility,,,,False,,jailbreak,0.798,/mnt/nas/home/hiromi/src/sst_v2/v1/eval/merged/sst_merge/merge_eval/A6_A7_sst_k10_a0.2_jailbreak_eval_results.json,,,
utility,,,,False,,repliqa,,/mnt/nas/home/hiromi/src/sst_v2/v1/eval/merged/sst_merge/merge_eval/A5_A7_sst_k5_a0.05_repliqa_eval_results.json,0.7010051973751206,0.7148966540316491,0.61440016403942
utility,,,,False,,jailbreak,0.762,/mnt/nas/home/hiromi/src/sst_v2/v1/eval/merged/sst_merge/merge_eval/A6_A7_sst_k5_lw_a0.1_jailbreak_eval_results.json,,,
utility,,,,False,,jailbreak,0.826,/mnt/nas/home/hiromi/src/sst_v2/v1/eval/merged/sst_merge/merge_eval/A6_A7_sst_k20_lw_a0.6_jailbreak_eval_results.json,,,
utility,,,,False,,jailbreak,0.996,/mnt/nas/home/hiromi/src/sst_v2/v1/eval/merged/sst_merge/merge_eval/A6_A7_ties_a0.8_jailbreak_eval_results.json,,,
utility,,,,False,,alpaca,,/mnt/nas/home/hiromi/src/sst_v2/v1/eval/merged/sst_merge/merge_eval/A6_A7_sst_k5_a0.8_alpaca_eval_results.json,0.538580714344161,0.6185428404155698,0.39280183793351037
utility,,,,False,,jailbreak,0.818,/mnt/nas/home/hiromi/src/sst_v2/v1/eval/merged/sst_merge/merge_eval/A6_A7_sst_k20_a0.9_jailbreak_eval_results.json,,,
utility,,,,False,,jailbreak,1.0,/mnt/nas/home/hiromi/src/sst_v2/v1/eval/merged/sst_merge/merge_eval/A6_A7_ties_a0.9_jailbreak_eval_results.json,,,
utility,,,,False,,jailbreak,0.76,/mnt/nas/home/hiromi/src/sst_v2/v1/eval/merged/sst_merge/merge_eval/A6_A7_sst_k20_lw_a0.12_jailbreak_eval_results.json,,,
utility,,,,False,,repliqa,,/mnt/nas/home/hiromi/src/sst_v2/v1/eval/merged/sst_merge/merge_eval/A5_A7_dare_a0.8_repliqa_eval_results.json,0.013888159289886919,0.013977048178775809,9.302325581395348e-05
utility,,,,False,,jailbreak,0.808,/mnt/nas/home/hiromi/src/sst_v2/v1/eval/merged/sst_merge/merge_eval/A6_A7_sst_k5_a0.3_jailbreak_eval_results.json,,,
utility,,,,False,,jailbreak,0.714,/mnt/nas/home/hiromi/src/sst_v2/v1/eval/merged/sst_merge/merge_eval/A5_A7_sst_k20_lw_a1.0_jailbreak_eval_results.json,,,
utility,,,,False,,alpaca,,/mnt/nas/home/hiromi/src/sst_v2/v1/eval/merged/sst_merge/merge_eval/A6_A7_task_arithmetic_a0.05_alpaca_eval_results.json,0.6509691451779827,0.710827425017678,0.522592720581073
utility,,,,False,,repliqa,,/mnt/nas/home/hiromi/src/sst_v2/v1/eval/merged/sst_merge/merge_eval/A5_A7_ties_a0.2_repliqa_eval_results.json,0.3488357140265518,0.38375140629871385,0.20907684224426423
utility,,,,False,,jailbreak,0.0,/mnt/nas/home/hiromi/src/sst_v2/v1/eval/merged/sst_merge/merge_eval/A6_A7_dare_a0.1_jailbreak_eval_results.json,,,
utility,,,,False,,jailbreak,0.122,/mnt/nas/home/hiromi/src/sst_v2/v1/eval/merged/sst_merge/merge_eval/A5_A7_dare_a0.12_jailbreak_eval_results.json,,,
utility,,,,False,,alpaca,,/mnt/nas/home/hiromi/src/sst_v2/v1/eval/merged/sst_merge/merge_eval/A6_A7_sst_k5_a0.15_alpaca_eval_results.json,0.6318502585035155,0.6954331215846696,0.4948187046066845
utility,,,,False,,jailbreak,0.74,/mnt/nas/home/hiromi/src/sst_v2/v1/eval/merged/sst_merge/merge_eval/A6_A7_sst_k20_a0.05_jailbreak_eval_results.json,,,
utility,,,,False,,jailbreak,0.99,/mnt/nas/home/hiromi/src/sst_v2/v1/eval/merged/sst_merge/merge_eval/A5_A7_ties_a0.9_jailbreak_eval_results.json,,,
utility,,,,False,,alpaca,,/mnt/nas/home/hiromi/src/sst_v2/v1/eval/merged/sst_merge/merge_eval/A6_A7_sst_k20_lw_a0.8_alpaca_eval_results.json,0.5415803561943241,0.6193567472618686,0.39209168433349795
utility,,,,False,,jailbreak,0.824,/mnt/nas/home/hiromi/src/sst_v2/v1/eval/merged/sst_merge/merge_eval/A6_A7_sst_k5_lw_a0.6_jailbreak_eval_results.json,,,
utility,,,,False,,jailbreak,0.682,/mnt/nas/home/hiromi/src/sst_v2/v1/eval/merged/sst_merge/merge_eval/A5_A7_sst_k5_a0.3_jailbreak_eval_results.json,,,
utility,,,,False,,alpaca,,/mnt/nas/home/hiromi/src/sst_v2/v1/eval/merged/sst_merge/merge_eval/A6_A7_task_arithmetic_a0.07_alpaca_eval_results.json,0.6451458226570904,0.7077058454836804,0.5137020732664493
utility,,,,False,,repliqa,,/mnt/nas/home/hiromi/src/sst_v2/v1/eval/merged/sst_merge/merge_eval/A5_A7_sst_k5_a0.12_repliqa_eval_results.json,0.6965972162507906,0.7107836729569786,0.606097328771068
utility,,,,False,,repliqa,,/mnt/nas/home/hiromi/src/sst_v2/v1/eval/merged/sst_merge/merge_eval/A5_A7_sst_k20_lw_a0.05_repliqa_eval_results.json,0.6992325553046194,0.7145268349129236,0.6117469861615382
utility,,,,False,,jailbreak,0.706,/mnt/nas/home/hiromi/src/sst_v2/v1/eval/merged/sst_merge/merge_eval/A5_A7_sst_k10_lw_a0.8_jailbreak_eval_results.json,,,
utility,,,,False,,jailbreak,0.78,/mnt/nas/home/hiromi/src/sst_v2/v1/eval/merged/sst_merge/merge_eval/A6_A7_sst_k5_a0.15_jailbreak_eval_results.json,,,
utility,,,,False,,alpaca,,/mnt/nas/home/hiromi/src/sst_v2/v1/eval/merged/sst_merge/merge_eval/A6_A7_ties_alpaca_eval_results.json,0.6077984360307583,0.6727559191602781,0.48103073008450015
utility,,,,False,,jailbreak,0.686,/mnt/nas/home/hiromi/src/sst_v2/v1/eval/merged/sst_merge/merge_eval/A5_A7_sst_k5_a0.07_jailbreak_eval_results.json,,,
utility,,,,False,,jailbreak,0.694,/mnt/nas/home/hiromi/src/sst_v2/v1/eval/merged/sst_merge/merge_eval/A5_A7_sst_k5_a0.12_jailbreak_eval_results.json,,,
utility,,,,False,,repliqa,,/mnt/nas/home/hiromi/src/sst_v2/v1/eval/merged/sst_merge/merge_eval/A5_A7_sst_k20_lw_a0.09_repliqa_eval_results.json,0.7022675225531466,0.7154484140094451,0.6148954401379414
utility,,,,False,,alpaca,,/mnt/nas/home/hiromi/src/sst_v2/v1/eval/merged/sst_merge/merge_eval/A6_A7_sst_k5_a0.6_alpaca_eval_results.json,0.5479676426886408,0.6234382454433465,0.40073528709006284
utility,,,,False,,jailbreak,0.822,/mnt/nas/home/hiromi/src/sst_v2/v1/eval/merged/sst_merge/merge_eval/A5_A7_ties_a0.15_jailbreak_eval_results.json,,,
utility,,,,False,,jailbreak,0.672,/mnt/nas/home/hiromi/src/sst_v2/v1/eval/merged/sst_merge/merge_eval/A5_A7_sst_k10_lw_a0.15_jailbreak_eval_results.json,,,
utility,,,,False,,repliqa,,/mnt/nas/home/hiromi/src/sst_v2/v1/eval/merged/sst_merge/merge_eval/A5_A7_sst_k10_a0.2_repliqa_eval_results.json,0.6336890247509624,0.6517241912084452,0.5313839053507361
utility,,,,False,,alpaca,,/mnt/nas/home/hiromi/src/sst_v2/v1/eval/merged/sst_merge/merge_eval/A6_A7_sst_k20_a0.07_alpaca_eval_results.json,0.6418091427335575,0.7020266782800421,0.5086809769914449
utility,,,,False,,repliqa,,/mnt/nas/home/hiromi/src/sst_v2/v1/eval/merged/sst_merge/merge_eval/A5_A7_task_arithmetic_a0.4_repliqa_eval_results.json,0.3208102068971956,0.3566349869629065,0.18475843566781297
utility,,,,False,,jailbreak,0.69,/mnt/nas/home/hiromi/src/sst_v2/v1/eval/merged/sst_merge/merge_eval/A5_A7_sst_k20_lw_a0.15_jailbreak_eval_results.json,,,
utility,,,,False,,alpaca,,/mnt/nas/home/hiromi/src/sst_v2/v1/eval/merged/sst_merge/merge_eval/A6_A7_sst_k5_lw_a0.9_alpaca_eval_results.json,0.5294371392577047,0.6073623089234621,0.3813415735855443
utility,,,,False,,alpaca,,/mnt/nas/home/hiromi/src/sst_v2/v1/eval/merged/sst_merge/merge_eval/A6_A7_task_arithmetic_a0.2_alpaca_eval_results.json,0.5582733605566014,0.6331708470429566,0.4172271684022146
utility,,,,False,,repliqa,,/mnt/nas/home/hiromi/src/sst_v2/v1/eval/merged/sst_merge/merge_eval/A5_A7_sst_k20_a1.0_repliqa_eval_results.json,0.3803417305666953,0.409327626617792,0.23067900801058586
utility,,,,False,,jailbreak,0.758,/mnt/nas/home/hiromi/src/sst_v2/v1/eval/merged/sst_merge/merge_eval/A6_A7_sst_k5_lw_a0.05_jailbreak_eval_results.json,,,
utility,,,,False,,alpaca,,/mnt/nas/home/hiromi/src/sst_v2/v1/eval/merged/sst_merge/merge_eval/A6_A7_sst_k20_a0.1_alpaca_eval_results.json,0.6381442921635152,0.6984377318598005,0.5030238830459023
utility,,,,False,,alpaca,,/mnt/nas/home/hiromi/src/sst_v2/v1/eval/merged/sst_merge/merge_eval/A6_A7_sst_k20_a0.8_alpaca_eval_results.json,0.5374175048676822,0.6163083781997426,0.38903591366730234
utility,,,,False,,repliqa,,/mnt/nas/home/hiromi/src/sst_v2/v1/eval/merged/sst_merge/merge_eval/A5_A7_ties_a0.12_repliqa_eval_results.json,0.39188944994839303,0.42307324934714796,0.24754849144432892
utility,,,,False,,jailbreak,0.712,/mnt/nas/home/hiromi/src/sst_v2/v1/eval/merged/sst_merge/merge_eval/A5_A7_sst_k10_a0.7_jailbreak_eval_results.json,,,
utility,,,,False,,repliqa,,/mnt/nas/home/hiromi/src/sst_v2/v1/eval/merged/sst_merge/merge_eval/A5_A7_sst_k20_lw_a0.15_repliqa_eval_results.json,0.6709158591140326,0.6841792991244465,0.5736694625023767
utility,,,,False,,alpaca,,/mnt/nas/home/hiromi/src/sst_v2/v1/eval/merged/sst_merge/merge_eval/A6_A7_dare_a0.8_alpaca_eval_results.json,0.062122951804048386,0.06916661862222653,0.022124129162888546
utility,,,,False,,alpaca,,/mnt/nas/home/hiromi/src/sst_v2/v1/eval/merged/sst_merge/merge_eval/A6_A7_sst_k20_lw_a0.5_alpaca_eval_results.json,0.574604573280393,0.6449978606856942,0.4311568486852948
utility,,,,False,,jailbreak,0.794,/mnt/nas/home/hiromi/src/sst_v2/v1/eval/merged/sst_merge/merge_eval/A6_A7_sst_k10_a0.3_jailbreak_eval_results.json,,,
utility,,,,False,,repliqa,,/mnt/nas/home/hiromi/src/sst_v2/v1/eval/merged/sst_merge/merge_eval/A5_A7_sst_k10_lw_a0.8_repliqa_eval_results.json,0.4122681231957263,0.44030512366675784,0.2663220845243533
utility,,,,False,,jailbreak,0.808,/mnt/nas/home/hiromi/src/sst_v2/v1/eval/merged/sst_merge/merge_eval/A6_A7_sst_k20_a0.3_jailbreak_eval_results.json,,,
utility,,,,False,,jailbreak,0.732,/mnt/nas/home/hiromi/src/sst_v2/v1/eval/merged/sst_merge/merge_eval/A5_A7_sst_k10_lw_a1.0_jailbreak_eval_results.json,,,
utility,,,,False,,repliqa,,/mnt/nas/home/hiromi/src/sst_v2/v1/eval/merged/sst_merge/merge_eval/A5_A7_sst_k5_lw_a0.4_repliqa_eval_results.json,0.521930164485889,0.5443437699930597,0.401904241839115
utility,,,,False,,alpaca,,/mnt/nas/home/hiromi/src/sst_v2/v1/eval/merged/sst_merge/merge_eval/A6_A7_sst_k5_nogevp_a1.0_alpaca_eval_results.json,0.4757972436652839,0.5577353453635251,0.32816231142774405
utility,,,,False,,jailbreak,0.696,/mnt/nas/home/hiromi/src/sst_v2/v1/eval/merged/sst_merge/merge_eval/A5_A7_sst_k5_lw_a0.12_jailbreak_eval_results.json,,,
utility,,,,False,,jailbreak,0.692,/mnt/nas/home/hiromi/src/sst_v2/v1/eval/merged/sst_merge/merge_eval/A5_A7_sst_k20_a0.1_jailbreak_eval_results.json,,,
utility,,,,False,,alpaca,,/mnt/nas/home/hiromi/src/sst_v2/v1/eval/merged/sst_merge/merge_eval/A6_A7_ties_a0.6_alpaca_eval_results.json,0.3232915200117893,0.39667096727237894,0.20729228595552762
utility,,,,False,,repliqa,,/mnt/nas/home/hiromi/src/sst_v2/v1/eval/merged/sst_merge/merge_eval/A5_A7_sst_k10_lw_a0.1_repliqa_eval_results.json,0.6988315464718107,0.7130731851926346,0.610253579700357
utility,,,,False,,repliqa,,/mnt/nas/home/hiromi/src/sst_v2/v1/eval/merged/sst_merge/merge_eval/A5_A7_task_arithmetic_a0.9_repliqa_eval_results.json,0.044618843689429664,0.05184234565204092,0.01604961396575002
utility,,,,False,,jailbreak,0.716,/mnt/nas/home/hiromi/src/sst_v2/v1/eval/merged/sst_merge/merge_eval/A5_A7_sst_k5_lw_a0.05_jailbreak_eval_results.json,,,
utility,,,,False,,repliqa,,/mnt/nas/home/hiromi/src/sst_v2/v1/eval/merged/sst_merge/merge_eval/A5_A7_sst_k20_a0.9_repliqa_eval_results.json,0.39099140503484436,0.41881024492774316,0.24487174355701455
utility,,,,False,,alpaca,,/mnt/nas/home/hiromi/src/sst_v2/v1/eval/merged/sst_merge/merge_eval/A6_A7_sst_k10_lw_a0.05_alpaca_eval_results.json,0.6483082928601628,0.7061571850563609,0.5131456755412008
utility,,,,False,,jailbreak,0.322,/mnt/nas/home/hiromi/src/sst_v2/v1/eval/merged/sst_merge/merge_eval/A5_A7_dare_a0.2_jailbreak_eval_results.json,,,
utility,,,,False,,jailbreak,0.706,/mnt/nas/home/hiromi/src/sst_v2/v1/eval/merged/sst_merge/merge_eval/A5_A7_sst_k10_a0.8_jailbreak_eval_results.json,,,
utility,,,,False,,repliqa,,/mnt/nas/home/hiromi/src/sst_v2/v1/eval/merged/sst_merge/merge_eval/A5_A7_dare_repliqa_eval_results.json,0.3287879775386046,0.3599795701035442,0.18136025545311624
utility,,,,False,,alpaca,,/mnt/nas/home/hiromi/src/sst_v2/v1/eval/merged/sst_merge/merge_eval/A6_A7_dare_a0.15_alpaca_eval_results.json,0.0008695410693391788,0.0008695410693391788,0.0
utility,,,,False,,jailbreak,0.748,/mnt/nas/home/hiromi/src/sst_v2/v1/eval/merged/sst_merge/merge_eval/A5_A7_task_arithmetic_a0.1_jailbreak_eval_results.json,,,
utility,,,,False,,repliqa,,/mnt/nas/home/hiromi/src/sst_v2/v1/eval/merged/sst_merge/merge_eval/A5_A7_sst_k20_a0.07_repliqa_eval_results.json,0.6993063598222493,0.7127598989967702,0.6100475678650593
utility,,,,False,,jailbreak,0.762,/mnt/nas/home/hiromi/src/sst_v2/v1/eval/merged/sst_merge/merge_eval/A6_A7_task_arithmetic_a0.05_jailbreak_eval_results.json,,,
utility,,,,False,,alpaca,,/mnt/nas/home/hiromi/src/sst_v2/v1/eval/merged/sst_merge/merge_eval/A6_A7_dare_a0.9_alpaca_eval_results.json,0.05167351944941537,0.0553314782291708,0.011349205806269642
utility,,,,False,,jailbreak,0.772,/mnt/nas/home/hiromi/src/sst_v2/v1/eval/merged/sst_merge/merge_eval/A6_A7_sst_k20_a0.2_jailbreak_eval_results.json,,,
utility,,,,False,,alpaca,,/mnt/nas/home/hiromi/src/sst_v2/v1/eval/merged/sst_merge/merge_eval/A6_A7_sst_k10_lw_a0.8_alpaca_eval_results.json,0.5421568480387161,0.619525899675305,0.3930600132026527
utility,,,,False,,jailbreak,0.894,/mnt/nas/home/hiromi/src/sst_v2/v1/eval/merged/sst_merge/merge_eval/A6_A7_task_arithmetic_a0.5_jailbreak_eval_results.json,,,
utility,,,,False,,jailbreak,0.698,/mnt/nas/home/hiromi/src/sst_v2/v1/eval/merged/sst_merge/merge_eval/A5_A7_sst_k5_lw_a0.09_jailbreak_eval_results.json,,,
utility,,,,False,,alpaca,,/mnt/nas/home/hiromi/src/sst_v2/v1/eval/merged/sst_merge/merge_eval/A6_A7_sst_k5_lw_a0.12_alpaca_eval_results.json,0.6345704850555669,0.6966673735874163,0.49757853539966185
utility,,,,False,,jailbreak,0.658,/mnt/nas/home/hiromi/src/sst_v2/v1/eval/merged/sst_merge/merge_eval/A5_A7_sst_k20_a0.3_jailbreak_eval_results.json,,,
utility,,,,False,,jailbreak,0.764,/mnt/nas/home/hiromi/src/sst_v2/v1/eval/merged/sst_merge/merge_eval/A6_A7_sst_k20_a0.07_jailbreak_eval_results.json,,,
utility,,,,False,,repliqa,,/mnt/nas/home/hiromi/src/sst_v2/v1/eval/merged/sst_merge/merge_eval/A5_A7_ties_a0.3_repliqa_eval_results.json,0.2984407957897331,0.33440985862908323,0.16496898794483553
utility,,,,False,,repliqa,,/mnt/nas/home/hiromi/src/sst_v2/v1/eval/merged/sst_merge/merge_eval/A5_A7_ties_a0.05_repliqa_eval_results.json,0.43036037555703377,0.45877650278617604,0.29490827890495774
utility,,,,False,,jailbreak,0.828,/mnt/nas/home/hiromi/src/sst_v2/v1/eval/merged/sst_merge/merge_eval/A6_A7_sst_k5_lw_a0.9_jailbreak_eval_results.json,,,
utility,,,,False,,jailbreak,0.732,/mnt/nas/home/hiromi/src/sst_v2/v1/eval/merged/sst_merge/merge_eval/A5_A7_sst_k20_lw_a0.9_jailbreak_eval_results.json,,,
utility,,,,False,,jailbreak,0.97,/mnt/nas/home/hiromi/src/sst_v2/v1/eval/merged/sst_merge/merge_eval/A5_A7_ties_a0.6_jailbreak_eval_results.json,,,
utility,,,,False,,jailbreak,0.834,/mnt/nas/home/hiromi/src/sst_v2/v1/eval/merged/sst_merge/merge_eval/A6_A7_sst_k10_a0.9_jailbreak_eval_results.json,,,
utility,,,,False,,repliqa,,/mnt/nas/home/hiromi/src/sst_v2/v1/eval/merged/sst_merge/merge_eval/A5_A7_sst_k10_lw_a0.4_repliqa_eval_results.json,0.5206492684213702,0.5442740508802377,0.39618855815896603
utility,,,,False,,repliqa,,/mnt/nas/home/hiromi/src/sst_v2/v1/eval/merged/sst_merge/merge_eval/A5_A7_ties_a0.15_repliqa_eval_results.json,0.38349126250925525,0.415678335123506,0.2415526641699153
utility,,,,False,,jailbreak,0.0,/mnt/nas/home/hiromi/src/sst_v2/v1/eval/merged/sst_merge/merge_eval/A6_A7_dare_a0.09_jailbreak_eval_results.json,,,
utility,,,,False,,repliqa,,/mnt/nas/home/hiromi/src/sst_v2/v1/eval/merged/sst_merge/merge_eval/A5_A7_sst_k10_a0.1_repliqa_eval_results.json,0.7049198673587088,0.7186295093739468,0.6156236018192157
utility,,,,False,,jailbreak,0.742,/mnt/nas/home/hiromi/src/sst_v2/v1/eval/merged/sst_merge/merge_eval/A6_A7_task_arithmetic_a0.1_jailbreak_eval_results.json,,,
utility,,,,False,,jailbreak,0.81,/mnt/nas/home/hiromi/src/sst_v2/v1/eval/merged/sst_merge/merge_eval/A6_A7_sst_k5_a0.7_jailbreak_eval_results.json,,,
utility,,,,False,,jailbreak,0.908,/mnt/nas/home/hiromi/src/sst_v2/v1/eval/merged/sst_merge/merge_eval/A5_A7_task_arithmetic_jailbreak_eval_results.json,,,
utility,,,,False,,jailbreak,0.69,/mnt/nas/home/hiromi/src/sst_v2/v1/eval/merged/sst_merge/merge_eval/A5_A7_sst_k10_a0.5_jailbreak_eval_results.json,,,
utility,,,,False,,repliqa,,/mnt/nas/home/hiromi/src/sst_v2/v1/eval/merged/sst_merge/merge_eval/A5_A7_dare_a0.3_repliqa_eval_results.json,0.07734873374551643,0.0818801975158029,0.004229707960884431
utility,,,,False,,alpaca,,/mnt/nas/home/hiromi/src/sst_v2/v1/eval/merged/sst_merge/merge_eval/A6_A7_task_arithmetic_a0.8_alpaca_eval_results.json,0.25454171504673373,0.32451433408944486,0.15791181050549624
utility,,,,False,,alpaca,,/mnt/nas/home/hiromi/src/sst_v2/v1/eval/merged/sst_merge/merge_eval/A6_A7_sst_k20_lw_a0.1_alpaca_eval_results.json,0.6400463047228815,0.7004216567468527,0.5049622017797951
utility,,,,False,,alpaca,,/mnt/nas/home/hiromi/src/sst_v2/v1/eval/merged/sst_merge/merge_eval/A6_A7_sst_k10_lw_a0.4_alpaca_eval_results.json,0.5896740482698966,0.6593424304962601,0.45503138955448497
utility,,,,False,,jailbreak,0.83,/mnt/nas/home/hiromi/src/sst_v2/v1/eval/merged/sst_merge/merge_eval/A6_A7_sst_k5_a0.4_jailbreak_eval_results.json,,,
utility,,,,False,,repliqa,,/mnt/nas/home/hiromi/src/sst_v2/v1/eval/merged/sst_merge/merge_eval/A5_A7_sst_k5_a1.0_repliqa_eval_results.json,0.3748464533561523,0.4033890632825251,0.2255601035656652
utility,,,,False,,jailbreak,0.868,/mnt/nas/home/hiromi/src/sst_v2/v1/eval/merged/sst_merge/merge_eval/A5_A7_task_arithmetic_a0.3_jailbreak_eval_results.json,,,
utility,,,,False,,jailbreak,0.0,/mnt/nas/home/hiromi/src/sst_v2/v1/eval/merged/sst_merge/merge_eval/A6_A7_dare_a0.2_jailbreak_eval_results.json,,,
utility,,,,False,,jailbreak,0.826,/mnt/nas/home/hiromi/src/sst_v2/v1/eval/merged/sst_merge/merge_eval/A6_A7_sst_k20_lw_a0.7_jailbreak_eval_results.json,,,
utility,,,,False,,jailbreak,0.758,/mnt/nas/home/hiromi/src/sst_v2/v1/eval/merged/sst_merge/merge_eval/A6_A7_sst_k10_lw_a0.09_jailbreak_eval_results.json,,,
utility,,,,False,,repliqa,,/mnt/nas/home/hiromi/src/sst_v2/v1/eval/merged/sst_merge/merge_eval/A5_A7_sst_k5_lw_a0.6_repliqa_eval_results.json,0.44915946500822385,0.47576202161240455,0.3051267468519888
utility,,,,False,,alpaca,,/mnt/nas/home/hiromi/src/sst_v2/v1/eval/merged/sst_merge/merge_eval/A6_A7_task_arithmetic_a1.0_alpaca_eval_results.json,0.2074574386568208,0.26897802866493215,0.11995394312388973
utility,,,,False,,jailbreak,0.744,/mnt/nas/home/hiromi/src/sst_v2/v1/eval/merged/sst_merge/merge_eval/A6_A7_sst_k20_lw_a0.05_jailbreak_eval_results.json,,,
utility,,,,False,,alpaca,,/mnt/nas/home/hiromi/src/sst_v2/v1/eval/merged/sst_merge/merge_eval/A6_A7_ties_a0.8_alpaca_eval_results.json,0.2624683963572037,0.33234081643277,0.1617746168188007
utility,,,,False,,repliqa,,/mnt/nas/home/hiromi/src/sst_v2/v1/eval/merged/sst_merge/merge_eval/A5_A7_task_arithmetic_a0.6_repliqa_eval_results.json,0.1729710024418047,0.20163652204292165,0.08294922204588635
utility,,,,False,,repliqa,,/mnt/nas/home/hiromi/src/sst_v2/v1/eval/merged/sst_merge/merge_eval/A5_A7_sst_k10_lw_a0.09_repliqa_eval_results.json,0.6984645595647746,0.7126426770263948,0.611894890683961
utility,,,,False,,jailbreak,0.724,/mnt/nas/home/hiromi/src/sst_v2/v1/eval/merged/sst_merge/merge_eval/A5_A7_sst_k5_lw_a0.8_jailbreak_eval_results.json,,,
utility,,,,False,,alpaca,,/mnt/nas/home/hiromi/src/sst_v2/v1/eval/merged/sst_merge/merge_eval/A6_A7_dare_a0.2_alpaca_eval_results.json,0.0011240035046007429,0.0011567903898466445,0.0
utility,,,,False,,repliqa,,/mnt/nas/home/hiromi/src/sst_v2/v1/eval/merged/sst_merge/merge_eval/A5_A7_sst_k20_lw_a0.3_repliqa_eval_results.json,0.5853022667302223,0.6074555271029695,0.47028829476802153
utility,,,,False,,jailbreak,0.69,/mnt/nas/home/hiromi/src/sst_v2/v1/eval/merged/sst_merge/merge_eval/A5_A7_sst_k20_lw_a0.5_jailbreak_eval_results.json,,,
utility,,,,False,,jailbreak,0.746,/mnt/nas/home/hiromi/src/sst_v2/v1/eval/merged/sst_merge/merge_eval/A6_A7_sst_k5_a0.07_jailbreak_eval_results.json,,,
utility,,,,False,,alpaca,,/mnt/nas/home/hiromi/src/sst_v2/v1/eval/merged/sst_merge/merge_eval/A6_A7_sst_k5_lw_a0.15_alpaca_eval_results.json,0.6296304770896327,0.6927602780770449,0.4910798765324814
utility,,,,False,,jailbreak,0.704,/mnt/nas/home/hiromi/src/sst_v2/v1/eval/merged/sst_merge/merge_eval/A5_A7_sst_k20_a0.6_jailbreak_eval_results.json,,,
utility,,,,False,,jailbreak,0.682,/mnt/nas/home/hiromi/src/sst_v2/v1/eval/merged/sst_merge/merge_eval/A5_A7_sst_k10_a0.07_jailbreak_eval_results.json,,,
utility,,,,False,,repliqa,,/mnt/nas/home/hiromi/src/sst_v2/v1/eval/merged/sst_merge/merge_eval/A5_A7_sst_k5_lw_a0.5_repliqa_eval_results.json,0.47773436744984715,0.5018309710130392,0.3437584965062027
utility,,,,False,,repliqa,,/mnt/nas/home/hiromi/src/sst_v2/v1/eval/merged/sst_merge/merge_eval/A5_A7_sst_k5_lw_a0.12_repliqa_eval_results.json,0.6919241807948192,0.7058821250035605,0.6029988719915792
utility,,,,False,,repliqa,,/mnt/nas/home/hiromi/src/sst_v2/v1/eval/merged/sst_merge/merge_eval/A5_A7_sst_k5_a0.4_repliqa_eval_results.json,0.518097707944032,0.5423387739723848,0.3969150316720905
utility,,,,False,,jailbreak,0.774,/mnt/nas/home/hiromi/src/sst_v2/v1/eval/merged/sst_merge/merge_eval/A6_A7_sst_k10_lw_a0.15_jailbreak_eval_results.json,,,
utility,,,,False,,jailbreak,0.042,/mnt/nas/home/hiromi/src/sst_v2/v1/eval/merged/sst_merge/merge_eval/A5_A7_dare_a0.3_jailbreak_eval_results.json,,,
utility,,,,False,,alpaca,,/mnt/nas/home/hiromi/src/sst_v2/v1/eval/merged/sst_merge/merge_eval/A6_A7_sst_k5_a1.0_alpaca_eval_results.json,0.5198397659072709,0.5988939341183477,0.36521804031926697
utility,,,,False,,jailbreak,0.76,/mnt/nas/home/hiromi/src/sst_v2/v1/eval/merged/sst_merge/merge_eval/A6_A7_sst_k20_a0.09_jailbreak_eval_results.json,,,
utility,,,,False,,repliqa,,/mnt/nas/home/hiromi/src/sst_v2/v1/eval/merged/sst_merge/merge_eval/A5_A7_dare_a0.07_repliqa_eval_results.json,0.016796816557352066,0.01737880161165687,0.000957516339869281
utility,,,,False,,jailbreak,0.698,/mnt/nas/home/hiromi/src/sst_v2/v1/eval/merged/sst_merge/merge_eval/A5_A7_sst_k20_a0.7_jailbreak_eval_results.json,,,
utility,,,,False,,repliqa,,/mnt/nas/home/hiromi/src/sst_v2/v1/eval/merged/sst_merge/merge_eval/A5_A7_sst_k20_lw_a0.07_repliqa_eval_results.json,0.7047207291308268,0.71744568893222,0.618014572339053
utility,,,,False,,jailbreak,0.696,/mnt/nas/home/hiromi/src/sst_v2/v1/eval/merged/sst_merge/merge_eval/A5_A7_sst_k10_lw_a0.4_jailbreak_eval_results.json,,,
utility,,,,False,,jailbreak,0.992,/mnt/nas/home/hiromi/src/sst_v2/v1/eval/merged/sst_merge/merge_eval/A5_A7_ties_a0.8_jailbreak_eval_results.json,,,
utility,,,,False,,jailbreak,0.682,/mnt/nas/home/hiromi/src/sst_v2/v1/eval/merged/sst_merge/merge_eval/A5_A7_sst_k10_a0.1_jailbreak_eval_results.json,,,
utility,,,,False,,jailbreak,0.832,/mnt/nas/home/hiromi/src/sst_v2/v1/eval/merged/sst_merge/merge_eval/A6_A7_sst_k20_a0.4_jailbreak_eval_results.json,,,
utility,,,,False,,alpaca,,/mnt/nas/home/hiromi/src/sst_v2/v1/eval/merged/sst_merge/merge_eval/A6_A7_sst_k10_lw_a0.07_alpaca_eval_results.json,0.64772768671527,0.7073541227111243,0.5159377045740551
utility,,,,False,,jailbreak,0.702,/mnt/nas/home/hiromi/src/sst_v2/v1/eval/merged/sst_merge/merge_eval/A5_A7_sst_k20_lw_a0.6_jailbreak_eval_results.json,,,
utility,,,,False,,jailbreak,0.756,/mnt/nas/home/hiromi/src/sst_v2/v1/eval/merged/sst_merge/merge_eval/A6_A7_sst_k20_lw_a0.07_jailbreak_eval_results.json,,,
utility,,,,False,,repliqa,,/mnt/nas/home/hiromi/src/sst_v2/v1/eval/merged/sst_merge/merge_eval/A5_A7_ties_a0.09_repliqa_eval_results.json,0.4016553918282578,0.4303943681785088,0.25939660813918575
utility,,,,False,,alpaca,,/mnt/nas/home/hiromi/src/sst_v2/v1/eval/merged/sst_merge/merge_eval/A6_A7_task_arithmetic_a0.5_alpaca_eval_results.json,0.3868691303117725,0.46523120525868944,0.25527195963639493
utility,,,,False,,jailbreak,0.73,/mnt/nas/home/hiromi/src/sst_v2/v1/eval/merged/sst_merge/merge_eval/A5_A7_sst_k20_a1.0_jailbreak_eval_results.json,,,
utility,,,,False,,jailbreak,0.822,/mnt/nas/home/hiromi/src/sst_v2/v1/eval/merged/sst_merge/merge_eval/A6_A7_sst_k20_a0.5_jailbreak_eval_results.json,,,
utility,,,,False,,jailbreak,0.758,/mnt/nas/home/hiromi/src/sst_v2/v1/eval/merged/sst_merge/merge_eval/A6_A7_task_arithmetic_a0.12_jailbreak_eval_results.json,,,
utility,,,,False,,jailbreak,0.724,/mnt/nas/home/hiromi/src/sst_v2/v1/eval/merged/sst_merge/merge_eval/A5_A7_task_arithmetic_a0.07_jailbreak_eval_results.json,,,
utility,,,,False,,repliqa,,/mnt/nas/home/hiromi/src/sst_v2/v1/eval/merged/sst_merge/merge_eval/A5_A7_sst_k5_lw_a0.1_repliqa_eval_results.json,0.6984448705264569,0.7126617485127558,0.6109144584654881
utility,,,,False,,jailbreak,0.794,/mnt/nas/home/hiromi/src/sst_v2/v1/eval/merged/sst_merge/merge_eval/A5_A7_task_arithmetic_a0.15_jailbreak_eval_results.json,,,
utility,,,,False,,jailbreak,1.0,/mnt/nas/home/hiromi/src/sst_v2/v1/eval/merged/sst_merge/merge_eval/A5_A7_task_arithmetic_a0.9_jailbreak_eval_results.json,,,
utility,,,,False,,jailbreak,0.7,/mnt/nas/home/hiromi/src/sst_v2/v1/eval/merged/sst_merge/merge_eval/A5_A7_sst_k20_lw_a0.09_jailbreak_eval_results.json,,,
utility,,,,False,,jailbreak,0.822,/mnt/nas/home/hiromi/src/sst_v2/v1/eval/merged/sst_merge/merge_eval/A6_A7_sst_k10_lw_a0.9_jailbreak_eval_results.json,,,
utility,,,,False,,repliqa,,/mnt/nas/home/hiromi/src/sst_v2/v1/eval/merged/sst_merge/merge_eval/A5_A7_dare_a0.6_repliqa_eval_results.json,0.09667298264150542,0.10790535490991049,0.023421812128458452
utility,,,,False,,repliqa,,/mnt/nas/home/hiromi/src/sst_v2/v1/eval/merged/sst_merge/merge_eval/A5_A7_sst_k10_lw_a0.05_repliqa_eval_results.json,0.701062745989015,0.7151238159093808,0.6159275770428169
utility,,,,False,,jailbreak,0.666,/mnt/nas/home/hiromi/src/sst_v2/v1/eval/merged/sst_merge/merge_eval/A5_A7_sst_k5_lw_a0.2_jailbreak_eval_results.json,,,
utility,,,,False,,alpaca,,/mnt/nas/home/hiromi/src/sst_v2/v1/eval/merged/sst_merge/merge_eval/A6_A7_sst_k10_a0.6_alpaca_eval_results.json,0.5508126691713644,0.6274261633435234,0.4039475618609396
utility,,,,False,,alpaca,,/mnt/nas/home/hiromi/src/sst_v2/v1/eval/merged/sst_merge/merge_eval/A6_A7_dare_a0.4_alpaca_eval_results.json,0.016634979708042934,0.017931713267382396,0.001752725814703824
utility,,,,False,,alpaca,,/mnt/nas/home/hiromi/src/sst_v2/v1/eval/merged/sst_merge/merge_eval/A6_A7_sst_k5_lw_a0.09_alpaca_eval_results.json,0.640191937121801,0.6992979017101304,0.5028843400333842
utility,,,,False,,jailbreak,0.8,/mnt/nas/home/hiromi/src/sst_v2/v1/eval/merged/sst_merge/merge_eval/A6_A7_sst_k10_a0.6_jailbreak_eval_results.json,,,
utility,,,,False,,jailbreak,0.674,/mnt/nas/home/hiromi/src/sst_v2/v1/eval/merged/sst_merge/merge_eval/A5_A7_sst_k10_a0.09_jailbreak_eval_results.json,,,
utility,,,,False,,jailbreak,0.736,/mnt/nas/home/hiromi/src/sst_v2/v1/eval/merged/sst_merge/merge_eval/A5_A7_sst_k5_a1.0_jailbreak_eval_results.json,,,
utility,,,,False,,alpaca,,/mnt/nas/home/hiromi/src/sst_v2/v1/eval/merged/sst_merge/merge_eval/A6_A7_sst_k20_a0.5_alpaca_eval_results.json,0.5720664738501202,0.6430674874694255,0.4294807739307339
utility,,,,False,,jailbreak,0.738,/mnt/nas/home/hiromi/src/sst_v2/v1/eval/merged/sst_merge/merge_eval/A5_A7_sst_k5_a0.9_jailbreak_eval_results.json,,,
utility,,,,False,,alpaca,,/mnt/nas/home/hiromi/src/sst_v2/v1/eval/merged/sst_merge/merge_eval/A6_A7_ties_a0.9_alpaca_eval_results.json,0.2404140925498682,0.3084465918145401,0.14499118672056993
utility,,,,False,,repliqa,,/mnt/nas/home/hiromi/src/sst_v2/v1/eval/merged/sst_merge/merge_eval/A5_A7_sst_k5_lw_a0.2_repliqa_eval_results.json,0.635159022459063,0.6540393631224608,0.5330542218671118
utility,,,,False,,repliqa,,/mnt/nas/home/hiromi/src/sst_v2/v1/eval/merged/sst_merge/merge_eval/A5_A7_dare_a0.12_repliqa_eval_results.json,0.05248501602060797,0.05607652496246254,0.00316487763626807
utility,,,,False,,repliqa,,/mnt/nas/home/hiromi/src/sst_v2/v1/eval/merged/sst_merge/merge_eval/A5_A7_sst_k5_a0.09_repliqa_eval_results.json,0.6978031503793201,0.7119955535149666,0.6107037157927638
utility,,,,False,,repliqa,,/mnt/nas/home/hiromi/src/sst_v2/v1/eval/merged/sst_merge/merge_eval/A5_A7_task_arithmetic_a1.0_repliqa_eval_results.json,0.022930007939236583,0.026224988388834646,0.004606862012873304
utility,,,,False,,repliqa,,/mnt/nas/home/hiromi/src/sst_v2/v1/eval/merged/sst_merge/merge_eval/A5_A7_sst_k5_lw_a1.0_repliqa_eval_results.json,0.380765735739968,0.40936232300391473,0.23127828952138652
utility,,,,False,,repliqa,,/mnt/nas/home/hiromi/src/sst_v2/v1/eval/merged/sst_merge/merge_eval/A5_A7_sst_k20_a0.15_repliqa_eval_results.json,0.6756594043189655,0.6890855930203409,0.5806158138966842
utility,,,,False,,jailbreak,0.814,/mnt/nas/home/hiromi/src/sst_v2/v1/eval/merged/sst_merge/merge_eval/A6_A7_sst_k10_lw_a0.7_jailbreak_eval_results.json,,,
utility,,,,False,,jailbreak,0.046,/mnt/nas/home/hiromi/src/sst_v2/v1/eval/merged/sst_merge/merge_eval/A5_A7_dare_a0.07_jailbreak_eval_results.json,,,
utility,,,,False,,repliqa,,/mnt/nas/home/hiromi/src/sst_v2/v1/eval/merged/sst_merge/merge_eval/A5_A7_dare_a0.7_repliqa_eval_results.json,0.07688449311699162,0.08403274236612042,0.01585502595816146
utility,,,,False,,jailbreak,0.8,/mnt/nas/home/hiromi/src/sst_v2/v1/eval/merged/sst_merge/merge_eval/A6_A7_ties_a0.2_jailbreak_eval_results.json,,,
utility,,,,False,,repliqa,,/mnt/nas/home/hiromi/src/sst_v2/v1/eval/merged/sst_merge/merge_eval/A5_A7_sst_k10_a0.4_repliqa_eval_results.json,0.5234259788227644,0.5454432250055832,0.4036469917853027
utility,,,,False,,jailbreak,0.77,/mnt/nas/home/hiromi/src/sst_v2/v1/eval/merged/sst_merge/merge_eval/A6_A7_sst_k5_a0.1_jailbreak_eval_results.json,,,
utility,,,,False,,jailbreak,0.806,/mnt/nas/home/hiromi/src/sst_v2/v1/eval/merged/sst_merge/merge_eval/A6_A7_sst_k5_lw_a0.4_jailbreak_eval_results.json,,,
utility,,,,False,,jailbreak,0.718,/mnt/nas/home/hiromi/src/sst_v2/v1/eval/merged/sst_merge/merge_eval/A5_A7_sst_k10_a1.0_jailbreak_eval_results.json,,,
utility,,,,False,,jailbreak,0.132,/mnt/nas/home/hiromi/src/sst_v2/v1/eval/merged/sst_merge/merge_eval/A5_A7_dare_a0.9_jailbreak_eval_results.json,,,
utility,,,,False,,repliqa,,/mnt/nas/home/hiromi/src/sst_v2/v1/eval/merged/sst_merge/merge_eval/A5_A7_sst_k10_a0.15_repliqa_eval_results.json,0.6761731102969875,0.6892592772743519,0.5799890284075122
utility,,,,False,,repliqa,,/mnt/nas/home/hiromi/src/sst_v2/v1/eval/merged/sst_merge/merge_eval/A5_A7_sst_k10_a0.07_repliqa_eval_results.json,0.6951282065892207,0.71023637208333,0.6049532732981768
utility,,,,False,,repliqa,,/mnt/nas/home/hiromi/src/sst_v2/v1/eval/merged/sst_merge/merge_eval/A5_A7_task_arithmetic_a0.1_repliqa_eval_results.json,0.6251131509118775,0.6428541434231235,0.5210604995144872
utility,,,,False,,alpaca,,/mnt/nas/home/hiromi/src/sst_v2/v1/eval/merged/sst_merge/merge_eval/A6_A7_dare_a0.7_alpaca_eval_results.json,0.06289346167464877,0.06895510931393192,0.020740493294389525
utility,,,,False,,repliqa,,/mnt/nas/home/hiromi/src/sst_v2/v1/eval/merged/sst_merge/merge_eval/A5_A7_task_arithmetic_a0.07_repliqa_eval_results.json,0.6621574879325686,0.6780578033939708,0.5677017585010082
utility,,,,False,,jailbreak,0.672,/mnt/nas/home/hiromi/src/sst_v2/v1/eval/merged/sst_merge/merge_eval/A5_A7_sst_k10_lw_a0.3_jailbreak_eval_results.json,,,
utility,,,,False,,jailbreak,0.816,/mnt/nas/home/hiromi/src/sst_v2/v1/eval/merged/sst_merge/merge_eval/A6_A7_sst_k10_lw_a0.6_jailbreak_eval_results.json,,,
utility,,,,False,,repliqa,,/mnt/nas/home/hiromi/src/sst_v2/v1/eval/merged/sst_merge/merge_eval/A5_A7_sst_k10_lw_a0.6_repliqa_eval_results.json,0.443206226321911,0.4698002257703681,0.3021201425422969
utility,,,,False,,jailbreak,0.688,/mnt/nas/home/hiromi/src/sst_v2/v1/eval/merged/sst_merge/merge_eval/A5_A7_sst_k20_lw_a0.3_jailbreak_eval_results.json,,,
utility,,,,False,,jailbreak,0.774,/mnt/nas/home/hiromi/src/sst_v2/v1/eval/merged/sst_merge/merge_eval/A5_A7_ties_a0.07_jailbreak_eval_results.json,,,
utility,,,,False,,alpaca,,/mnt/nas/home/hiromi/src/sst_v2/v1/eval/merged/sst_merge/merge_eval/A6_A7_sst_k20_a0.2_alpaca_eval_results.json,0.6230749836563402,0.6873217325747126,0.4848418560960139
utility,,,,False,,jailbreak,0.77,/mnt/nas/home/hiromi/src/sst_v2/v1/eval/merged/sst_merge/merge_eval/A6_A7_sst_k5_lw_a0.2_jailbreak_eval_results.json,,,
utility,,,,False,,jailbreak,0.684,/mnt/nas/home/hiromi/src/sst_v2/v1/eval/merged/sst_merge/merge_eval/A5_A7_sst_k5_lw_a0.1_jailbreak_eval_results.json,,,
utility,,,,False,,jailbreak,0.812,/mnt/nas/home/hiromi/src/sst_v2/v1/eval/merged/sst_merge/merge_eval/A6_A7_sst_k10_a0.7_jailbreak_eval_results.json,,,
utility,,,,False,,repliqa,,/mnt/nas/home/hiromi/src/sst_v2/v1/eval/merged/sst_merge/merge_eval/A5_A7_sst_k10_lw_a0.9_repliqa_eval_results.json,0.39122308767796904,0.4207179958006419,0.24502146398197652
utility,,,,False,,repliqa,,/mnt/nas/home/hiromi/src/sst_v2/v1/eval/merged/sst_merge/merge_eval/A5_A7_sst_k5_a0.9_repliqa_eval_results.json,0.3903852327235415,0.41833489187577766,0.24413566807800827
utility,,,,False,,repliqa,,/mnt/nas/home/hiromi/src/sst_v2/v1/eval/merged/sst_merge/merge_eval/A5_A7_dare_a0.9_repliqa_eval_results.json,0.003770373894604866,0.004147566877061006,0.0004895104895104895
utility,,,,False,,alpaca,,/mnt/nas/home/hiromi/src/sst_v2/v1/eval/merged/sst_merge/merge_eval/A6_A7_dare_a0.09_alpaca_eval_results.json,0.0,0.0,0.0
utility,,,,False,,repliqa,,/mnt/nas/home/hiromi/src/sst_v2/v1/eval/merged/sst_merge/merge_eval/A5_A7_sst_k20_lw_a0.5_repliqa_eval_results.json,0.476111165535704,0.5010049224561901,0.3388921146353341
utility,,,,False,,jailbreak,0.996,/mnt/nas/home/hiromi/src/sst_v2/v1/eval/merged/sst_merge/merge_eval/A6_A7_ties_a1.0_jailbreak_eval_results.json,,,
utility,,,,False,,alpaca,,/mnt/nas/home/hiromi/src/sst_v2/v1/eval/merged/sst_merge/merge_eval/A6_A7_sst_k10_lw_a0.6_alpaca_eval_results.json,0.5550618653614044,0.6296167383379516,0.41114502825395605
utility,,,,False,,alpaca,,/mnt/nas/home/hiromi/src/sst_v2/v1/eval/merged/sst_merge/merge_eval/A6_A7_sst_k20_a0.12_alpaca_eval_results.json,0.6371729693631689,0.7003186691206417,0.4977146707000295
utility,,,,False,,alpaca,,/mnt/nas/home/hiromi/src/sst_v2/v1/eval/merged/sst_merge/merge_eval/A6_A7_sst_k10_lw_a0.2_alpaca_eval_results.json,0.6236998832852894,0.6905342948294374,0.4847077068414755
utility,,,,False,,alpaca,,/mnt/nas/home/hiromi/src/sst_v2/v1/eval/merged/sst_merge/merge_eval/A6_A7_ties_a0.12_alpaca_eval_results.json,0.5006470490118331,0.5785703605721451,0.36220101976750063
utility,,,,False,,jailbreak,0.682,/mnt/nas/home/hiromi/src/sst_v2/v1/eval/merged/sst_merge/merge_eval/A5_A7_sst_k5_lw_a0.15_jailbreak_eval_results.json,,,
utility,,,,False,,jailbreak,0.838,/mnt/nas/home/hiromi/src/sst_v2/v1/eval/merged/sst_merge/merge_eval/A6_A7_ties_a0.3_jailbreak_eval_results.json,,,
utility,,,,False,,alpaca,,/mnt/nas/home/hiromi/src/sst_v2/v1/eval/merged/sst_merge/merge_eval/A6_A7_sst_k20_a0.9_alpaca_eval_results.json,0.523786919631125,0.6040916344089534,0.37222974460864294
utility,,,,False,,jailbreak,0.72,/mnt/nas/home/hiromi/src/sst_v2/v1/eval/merged/sst_merge/merge_eval/A5_A7_sst_k20_lw_a0.8_jailbreak_eval_results.json,,,
utility,,,,False,,repliqa,,/mnt/nas/home/hiromi/src/sst_v2/v1/eval/merged/sst_merge/merge_eval/A5_A7_sst_k5_a0.2_repliqa_eval_results.json,0.6360559836517987,0.6544194186103769,0.5342511330915164
utility,,,,False,,repliqa,,/mnt/nas/home/hiromi/src/sst_v2/v1/eval/merged/sst_merge/merge_eval/A5_A7_sst_k20_a0.8_repliqa_eval_results.json,0.40900847677198804,0.438706282584199,0.2646352482745606
utility,,,,False,,jailbreak,0.696,/mnt/nas/home/hiromi/src/sst_v2/v1/eval/merged/sst_merge/merge_eval/A5_A7_sst_k20_a0.12_jailbreak_eval_results.json,,,
utility,,,,False,,jailbreak,0.852,/mnt/nas/home/hiromi/src/sst_v2/v1/eval/merged/sst_merge/merge_eval/A6_A7_task_arithmetic_a0.4_jailbreak_eval_results.json,,,
utility,,,,False,,repliqa,,/mnt/nas/home/hiromi/src/sst_v2/v1/eval/merged/sst_merge/merge_eval/A5_A7_sst_k20_a0.3_repliqa_eval_results.json,0.5850074374016899,0.6065947556475771,0.4698654094530592
utility,,,,False,,alpaca,,/mnt/nas/home/hiromi/src/sst_v2/v1/eval/merged/sst_merge/merge_eval/A6_A7_sst_k5_a0.07_alpaca_eval_results.json,0.6495967633456443,0.7088113394135478,0.5163816046408133
utility,,,,False,,jailbreak,0.724,/mnt/nas/home/hiromi/src/sst_v2/v1/eval/merged/sst_merge/merge_eval/A5_A7_sst_k20_a0.8_jailbreak_eval_results.json,,,
utility,,,,False,,jailbreak,0.674,/mnt/nas/home/hiromi/src/sst_v2/v1/eval/merged/sst_merge/merge_eval/A5_A7_sst_k10_a0.3_jailbreak_eval_results.json,,,
utility,,,,False,,alpaca,,/mnt/nas/home/hiromi/src/sst_v2/v1/eval/merged/sst_merge/merge_eval/A6_A7_sst_k10_a0.2_alpaca_eval_results.json,0.6270102084428422,0.6919608397526966,0.4897531197053015
utility,,,,False,,jailbreak,0.69,/mnt/nas/home/hiromi/src/sst_v2/v1/eval/merged/sst_merge/merge_eval/A5_A7_sst_k5_a0.1_jailbreak_eval_results.json,,,
utility,,,,False,,repliqa,,/mnt/nas/home/hiromi/src/sst_v2/v1/eval/merged/sst_merge/merge_eval/A5_A7_task_arithmetic_a0.3_repliqa_eval_results.json,0.37282834361058326,0.4039602523798286,0.23688226981324048
utility,,,,False,,alpaca,,/mnt/nas/home/hiromi/src/sst_v2/v1/eval/merged/sst_merge/merge_eval/A6_A7_sst_k20_lw_a0.05_alpaca_eval_results.json,0.6427352042612557,0.7027388527075697,0.5072507954139257
utility,,,,False,,jailbreak,0.662,/mnt/nas/home/hiromi/src/sst_v2/v1/eval/merged/sst_merge/merge_eval/A5_A7_sst_k20_lw_a0.2_jailbreak_eval_results.json,,,
utility,,,,False,,jailbreak,0.682,/mnt/nas/home/hiromi/src/sst_v2/v1/eval/merged/sst_merge/merge_eval/A5_A7_sst_k20_a0.4_jailbreak_eval_results.json,,,
utility,,,,False,,jailbreak,0.836,/mnt/nas/home/hiromi/src/sst_v2/v1/eval/merged/sst_merge/merge_eval/A6_A7_sst_k20_lw_a0.9_jailbreak_eval_results.json,,,
utility,,,,False,,alpaca,,/mnt/nas/home/hiromi/src/sst_v2/v1/eval/merged/sst_merge/merge_eval/A6_A7_sst_k10_a0.4_alpaca_eval_results.json,0.593747002251992,0.6643557870905584,0.4575265556575933
utility,,,,False,,repliqa,,/mnt/nas/home/hiromi/src/sst_v2/v1/eval/merged/sst_merge/merge_eval/A5_A7_sst_k20_lw_a1.0_repliqa_eval_results.json,0.38074859632242647,0.4097921346974012,0.22978079431366558
utility,,,,False,,alpaca,,/mnt/nas/home/hiromi/src/sst_v2/v1/eval/merged/sst_merge/merge_eval/A6_A7_sst_k20_lw_a0.09_alpaca_eval_results.json,0.6446622793967949,0.702809310181591,0.5076608185102243
utility,,,,False,,jailbreak,0.24,/mnt/nas/home/hiromi/src/sst_v2/v1/eval/merged/sst_merge/merge_eval/A5_A7_dare_a0.4_jailbreak_eval_results.json,,,
utility,,,,False,,repliqa,,/mnt/nas/home/hiromi/src/sst_v2/v1/eval/merged/sst_merge/merge_eval/A5_A7_sst_k10_a0.9_repliqa_eval_results.json,0.39008043138981957,0.4204230748248839,0.24100315736122654
utility,,,,False,,repliqa,,/mnt/nas/home/hiromi/src/sst_v2/v1/eval/merged/sst_merge/merge_eval/A5_A7_sst_k5_a0.1_repliqa_eval_results.json,0.7030524697797507,0.716761288340298,0.6153347966458179
utility,,,,False,,jailbreak,0.74,/mnt/nas/home/hiromi/src/sst_v2/v1/eval/merged/sst_merge/merge_eval/A5_A7_sst_k5_a0.8_jailbreak_eval_results.json,,,
utility,,,,False,,jailbreak,1.0,/mnt/nas/home/hiromi/src/sst_v2/v1/eval/merged/sst_merge/merge_eval/A5_A7_ties_a1.0_jailbreak_eval_results.json,,,
utility,,,,False,,repliqa,,/mnt/nas/home/hiromi/src/sst_v2/v1/eval/merged/sst_merge/merge_eval/A5_A7_sst_k5_a0.8_repliqa_eval_results.json,0.41413492291694526,0.4420944364712021,0.26760721834989815
utility,,,,False,,alpaca,,/mnt/nas/home/hiromi/src/sst_v2/v1/eval/merged/sst_merge/merge_eval/A6_A7_ties_a0.5_alpaca_eval_results.json,0.34454540381725834,0.41862692837657073,0.22624517715737258
utility,,,,False,,alpaca,,/mnt/nas/home/hiromi/src/sst_v2/v1/eval/merged/sst_merge/merge_eval/A6_A7_sst_k5_lw_a0.2_alpaca_eval_results.json,0.6255190583356793,0.6902702212117954,0.48597263203475966
utility,,,,False,,jailbreak,0.764,/mnt/nas/home/hiromi/src/sst_v2/v1/eval/merged/sst_merge/merge_eval/A6_A7_sst_k20_a0.1_jailbreak_eval_results.json,,,
utility,,,,False,,jailbreak,0.982,/mnt/nas/home/hiromi/src/sst_v2/v1/eval/merged/sst_merge/merge_eval/A6_A7_ties_a0.7_jailbreak_eval_results.json,,,
utility,,,,False,,jailbreak,0.868,/mnt/nas/home/hiromi/src/sst_v2/v1/eval/merged/sst_merge/merge_eval/A6_A7_task_arithmetic_jailbreak_eval_results.json,,,
utility,,,,False,,alpaca,,/mnt/nas/home/hiromi/src/sst_v2/v1/eval/merged/sst_merge/merge_eval/A6_A7_sst_k20_lw_a0.2_alpaca_eval_results.json,0.6212983706707287,0.6878910139228829,0.48239301643011334
utility,,,,False,,alpaca,,/mnt/nas/home/hiromi/src/sst_v2/v1/eval/merged/sst_merge/merge_eval/A6_A7_sst_k20_a0.7_alpaca_eval_results.json,0.5457486186539794,0.6233327698785732,0.396722908794324
utility,,,,False,,jailbreak,0.714,/mnt/nas/home/hiromi/src/sst_v2/v1/eval/merged/sst_merge/merge_eval/A5_A7_sst_k10_lw_a0.6_jailbreak_eval_results.json,,,
utility,,,,False,,jailbreak,0.264,/mnt/nas/home/hiromi/src/sst_v2/v1/eval/merged/sst_merge/merge_eval/A6_A7_dare_a0.6_jailbreak_eval_results.json,,,
utility,,,,False,,jailbreak,0.832,/mnt/nas/home/hiromi/src/sst_v2/v1/eval/merged/sst_merge/merge_eval/A6_A7_sst_k20_lw_a0.4_jailbreak_eval_results.json,,,
utility,,,,False,,jailbreak,0.57,/mnt/nas/home/hiromi/src/sst_v2/v1/eval/merged/sst_merge/merge_eval/A5_A7_dare_a0.8_jailbreak_eval_results.json,,,
utility,,,,False,,repliqa,,/mnt/nas/home/hiromi/src/sst_v2/v1/eval/merged/sst_merge/merge_eval/A5_A7_sst_k5_lw_a0.09_repliqa_eval_results.json,0.7021376044765781,0.7172950335978611,0.6135393376963448
utility,,,,False,,repliqa,,/mnt/nas/home/hiromi/src/sst_v2/v1/eval/merged/sst_merge/merge_eval/A5_A7_sst_k10_lw_a0.7_repliqa_eval_results.json,0.42332862696010726,0.4524607465383221,0.28119415387772007
utility,,,,False,,jailbreak,0.808,/mnt/nas/home/hiromi/src/sst_v2/v1/eval/merged/sst_merge/merge_eval/A6_A7_sst_k20_lw_a0.5_jailbreak_eval_results.json,,,
utility,,,,False,,alpaca,,/mnt/nas/home/hiromi/src/sst_v2/v1/eval/merged/sst_merge/merge_eval/A6_A7_dare_a0.3_alpaca_eval_results.json,0.006328710260519133,0.006723864913283797,0.000171846120782291
utility,,,,False,,jailbreak,0.764,/mnt/nas/home/hiromi/src/sst_v2/v1/eval/merged/sst_merge/merge_eval/A6_A7_task_arithmetic_a0.09_jailbreak_eval_results.json,,,
utility,,,,False,,alpaca,,/mnt/nas/home/hiromi/src/sst_v2/v1/eval/merged/sst_merge/merge_eval/A6_A7_ties_a0.09_alpaca_eval_results.json,0.5196801274995823,0.5972136295959813,0.3817518293598562
utility,,,,False,,jailbreak,0.992,/mnt/nas/home/hiromi/src/sst_v2/v1/eval/merged/sst_merge/merge_eval/A5_A7_task_arithmetic_a0.7_jailbreak_eval_results.json,,,
utility,,,,False,,jailbreak,0.796,/mnt/nas/home/hiromi/src/sst_v2/v1/eval/merged/sst_merge/merge_eval/A6_A7_sst_k5_lw_a0.3_jailbreak_eval_results.json,,,
utility,,,,False,,jailbreak,0.7,/mnt/nas/home/hiromi/src/sst_v2/v1/eval/merged/sst_merge/merge_eval/A5_A7_sst_k5_a0.6_jailbreak_eval_results.json,,,
utility,,,,False,,repliqa,,/mnt/nas/home/hiromi/src/sst_v2/v1/eval/merged/sst_merge/merge_eval/A5_A7_task_arithmetic_a0.2_repliqa_eval_results.json,0.46027272109697626,0.48786003483120455,0.32796295397476205
utility,,,,False,,alpaca,,/mnt/nas/home/hiromi/src/sst_v2/v1/eval/merged/sst_merge/merge_eval/A6_A7_sst_k5_a0.12_alpaca_eval_results.json,0.6356592606108563,0.6982673187177313,0.4967675327045398
utility,,,,False,,repliqa,,/mnt/nas/home/hiromi/src/sst_v2/v1/eval/merged/sst_merge/merge_eval/A5_A7_dare_a1.0_repliqa_eval_results.json,0.015105897176874312,0.01580493373432509,0.0006576441102756893
utility,,,,False,,repliqa,,/mnt/nas/home/hiromi/src/sst_v2/v1/eval/merged/sst_merge/merge_eval/A5_A7_dare_a0.09_repliqa_eval_results.json,0.009240135675383005,0.00963185586012474,5.882352941176471e-05
utility,,,,False,,repliqa,,/mnt/nas/home/hiromi/src/sst_v2/v1/eval/merged/sst_merge/merge_eval/A5_A7_sst_k20_a0.7_repliqa_eval_results.json,0.42813670254169656,0.45609602489264917,0.2863017834224928
utility,,,,False,,alpaca,,/mnt/nas/home/hiromi/src/sst_v2/v1/eval/merged/sst_merge/merge_eval/A6_A7_sst_k10_lw_a0.09_alpaca_eval_results.json,0.638496487303611,0.6984355531448425,0.5009081723217823
utility,,,,False,,jailbreak,0.832,/mnt/nas/home/hiromi/src/sst_v2/v1/eval/merged/sst_merge/merge_eval/A6_A7_sst_k10_lw_a0.4_jailbreak_eval_results.json,,,
utility,,,,False,,jailbreak,0.802,/mnt/nas/home/hiromi/src/sst_v2/v1/eval/merged/sst_merge/merge_eval/A5_A7_task_arithmetic_a0.2_jailbreak_eval_results.json,,,
utility,,,,False,,jailbreak,0.82,/mnt/nas/home/hiromi/src/sst_v2/v1/eval/merged/sst_merge/merge_eval/A6_A7_sst_k10_a0.4_jailbreak_eval_results.json,,,
utility,,,,False,,jailbreak,0.956,/mnt/nas/home/hiromi/src/sst_v2/v1/eval/merged/sst_merge/merge_eval/A5_A7_task_arithmetic_a0.5_jailbreak_eval_results.json,,,
utility,,,,False,,repliqa,,/mnt/nas/home/hiromi/src/sst_v2/v1/eval/merged/sst_merge/merge_eval/A5_A7_dare_a0.5_repliqa_eval_results.json,0.1089099776653505,0.11735105201613906,0.025838162565925717
utility,,,,False,,repliqa,,/mnt/nas/home/hiromi/src/sst_v2/v1/eval/merged/sst_merge/merge_eval/A5_A7_ties_repliqa_eval_results.json,0.6373245071731917,0.6564400673855223,0.5407509481910101
utility,,,,False,,jailbreak,0.734,/mnt/nas/home/hiromi/src/sst_v2/v1/eval/merged/sst_merge/merge_eval/A6_A7_ties_jailbreak_eval_results.json,,,
utility,,,,False,,jailbreak,0.674,/mnt/nas/home/hiromi/src/sst_v2/v1/eval/merged/sst_merge/merge_eval/A5_A7_sst_k20_a0.15_jailbreak_eval_results.json,,,
utility,,,,False,,jailbreak,0.686,/mnt/nas/home/hiromi/src/sst_v2/v1/eval/merged/sst_merge/merge_eval/A5_A7_sst_k20_a0.09_jailbreak_eval_results.json,,,
utility,,,,False,,alpaca,,/mnt/nas/home/hiromi/src/sst_v2/v1/eval/merged/sst_merge/merge_eval/A6_A7_sst_k10_a0.9_alpaca_eval_results.json,0.5237230005931894,0.6037284613140863,0.37383302083869324
utility,,,,False,,repliqa,,/mnt/nas/home/hiromi/src/sst_v2/v1/eval/merged/sst_merge/merge_eval/A5_A7_sst_k10_a1.0_repliqa_eval_results.json,0.3802115479007553,0.41004533890877365,0.2300472825936896
utility,,,,False,,jailbreak,0.726,/mnt/nas/home/hiromi/src/sst_v2/v1/eval/merged/sst_merge/merge_eval/A5_A7_sst_k10_a0.9_jailbreak_eval_results.json,,,
utility,,,,False,,jailbreak,0.79,/mnt/nas/home/hiromi/src/sst_v2/v1/eval/merged/sst_merge/merge_eval/A6_A7_sst_k20_lw_a0.15_jailbreak_eval_results.json,,,
utility,,,,False,,alpaca,,/mnt/nas/home/hiromi/src/sst_v2/v1/eval/merged/sst_merge/merge_eval/A6_A7_dare_a0.6_alpaca_eval_results.json,0.07290097259168506,0.08141286669387993,0.014507012972819502
utility,,,,False,,jailbreak,0.754,/mnt/nas/home/hiromi/src/sst_v2/v1/eval/merged/sst_merge/merge_eval/A6_A7_sst_k20_a0.12_jailbreak_eval_results.json,,,
utility,,,,False,,alpaca,,/mnt/nas/home/hiromi/src/sst_v2/v1/eval/merged/sst_merge/merge_eval/A6_A7_sst_k5_lw_a0.1_alpaca_eval_results.json,0.6390596592799962,0.6981237667235088,0.5031178918993858
utility,,,,False,,repliqa,,/mnt/nas/home/hiromi/src/sst_v2/v1/eval/merged/sst_merge/merge_eval/A5_A7_sst_k5_nogevp_a1.0_repliqa_eval_results.json,0.35521457915521387,0.38625595308400346,0.2054881839272341
utility,,,,False,,jailbreak,0.698,/mnt/nas/home/hiromi/src/sst_v2/v1/eval/merged/sst_merge/merge_eval/A5_A7_sst_k5_lw_a0.5_jailbreak_eval_results.json,,,
utility,,,,False,,jailbreak,0.816,/mnt/nas/home/hiromi/src/sst_v2/v1/eval/merged/sst_merge/merge_eval/A6_A7_sst_k5_lw_a0.7_jailbreak_eval_results.json,,,
utility,,,,False,,repliqa,,/mnt/nas/home/hiromi/src/sst_v2/v1/eval/merged/sst_merge/merge_eval/A5_A7_ties_a0.07_repliqa_eval_results.json,0.4216442182841855,0.4506351874653926,0.2804701424809188
utility,,,,False,,jailbreak,0.0,/mnt/nas/home/hiromi/src/sst_v2/v1/eval/merged/sst_merge/merge_eval/A6_A7_dare_a0.15_jailbreak_eval_results.json,,,
utility,,,,False,,repliqa,,/mnt/nas/home/hiromi/src/sst_v2/v1/eval/merged/sst_merge/merge_eval/A5_A7_task_arithmetic_a0.5_repliqa_eval_results.json,0.2513675330924006,0.2864509905966492,0.12856218824885574
utility,,,,False,,alpaca,,/mnt/nas/home/hiromi/src/sst_v2/v1/eval/merged/sst_merge/merge_eval/A6_A7_sst_k20_lw_a0.07_alpaca_eval_results.json,0.6477417286581892,0.7067626725750065,0.5144940271143017
utility,,,,False,,alpaca,,/mnt/nas/home/hiromi/src/sst_v2/v1/eval/merged/sst_merge/merge_eval/A6_A7_task_arithmetic_a0.1_alpaca_eval_results.json,0.6237415827863427,0.6895220464732283,0.4905539153702923
utility,,,,False,,repliqa,,/mnt/nas/home/hiromi/src/sst_v2/v1/eval/merged/sst_merge/merge_eval/A5_A7_sst_k20_lw_a0.4_repliqa_eval_results.json,0.5219570796622865,0.5450499522101309,0.4012869462090853
utility,,,,False,,jailbreak,0.688,/mnt/nas/home/hiromi/src/sst_v2/v1/eval/merged/sst_merge/merge_eval/A5_A7_sst_k10_lw_a0.1_jailbreak_eval_results.json,,,
utility,,,,False,,jailbreak,0.788,/mnt/nas/home/hiromi/src/sst_v2/v1/eval/merged/sst_merge/merge_eval/A6_A7_sst_k10_lw_a0.2_jailbreak_eval_results.json,,,
utility,,,,False,,jailbreak,0.686,/mnt/nas/home/hiromi/src/sst_v2/v1/eval/merged/sst_merge/merge_eval/A5_A7_sst_k20_lw_a0.07_jailbreak_eval_results.json,,,
utility,,,,False,,repliqa,,/mnt/nas/home/hiromi/src/sst_v2/v1/eval/merged/sst_merge/merge_eval/A5_A7_sst_k10_lw_a0.15_repliqa_eval_results.json,0.6685699368422192,0.6821476369357982,0.5690035396875441
utility,,,,False,,alpaca,,/mnt/nas/home/hiromi/src/sst_v2/v1/eval/merged/sst_merge/merge_eval/A6_A7_ties_a0.1_alpaca_eval_results.json,0.5082082357719881,0.5855501145369747,0.3702536558950306
utility,,,,False,,jailbreak,0.786,/mnt/nas/home/hiromi/src/sst_v2/v1/eval/merged/sst_merge/merge_eval/A5_A7_ties_jailbreak_eval_results.json,,,
utility,,,,False,,jailbreak,0.686,/mnt/nas/home/hiromi/src/sst_v2/v1/eval/merged/sst_merge/merge_eval/A5_A7_sst_k10_lw_a0.07_jailbreak_eval_results.json,,,
utility,,,,False,,repliqa,,/mnt/nas/home/hiromi/src/sst_v2/v1/eval/merged/sst_merge/merge_eval/A5_A7_sst_k20_a0.1_repliqa_eval_results.json,0.70394161082775,0.7175531880990553,0.6158765833758889
utility,,,,False,,alpaca,,/mnt/nas/home/hiromi/src/sst_v2/v1/eval/merged/sst_merge/merge_eval/A6_A7_sst_k10_a0.15_alpaca_eval_results.json,0.6313269416902678,0.695797831269075,0.49492129054383327
utility,,,,False,,jailbreak,0.686,/mnt/nas/home/hiromi/src/sst_v2/v1/eval/merged/sst_merge/merge_eval/A5_A7_sst_k10_a0.12_jailbreak_eval_results.json,,,
utility,,,,False,,alpaca,,/mnt/nas/home/hiromi/src/sst_v2/v1/eval/merged/sst_merge/merge_eval/A6_A7_sst_k20_lw_a0.4_alpaca_eval_results.json,0.5913781348787608,0.6605525021088948,0.4542220353823377
utility,,,,False,,jailbreak,0.962,/mnt/nas/home/hiromi/src/sst_v2/v1/eval/merged/sst_merge/merge_eval/A6_A7_ties_a0.6_jailbreak_eval_results.json,,,
utility,,,,False,,jailbreak,0.698,/mnt/nas/home/hiromi/src/sst_v2/v1/eval/merged/sst_merge/merge_eval/A5_A7_sst_k20_a0.05_jailbreak_eval_results.json,,,
utility,,,,False,,repliqa,,/mnt/nas/home/hiromi/src/sst_v2/v1/eval/merged/sst_merge/merge_eval/A5_A7_sst_k10_lw_a0.3_repliqa_eval_results.json,0.5761306040317066,0.598837931038908,0.45862164685157836
utility,,,,False,,repliqa,,/mnt/nas/home/hiromi/src/sst_v2/v1/eval/merged/sst_merge/merge_eval/A5_A7_sst_k10_lw_a0.5_repliqa_eval_results.json,0.4739747255935504,0.49998093641236424,0.3385416164911718
utility,,,,False,,repliqa,,/mnt/nas/home/hiromi/src/sst_v2/v1/eval/merged/sst_merge/merge_eval/A5_A7_sst_k20_a0.09_repliqa_eval_results.json,0.6989387160621389,0.7133602048583494,0.6081077930789501
utility,,,,False,,jailbreak,0.75,/mnt/nas/home/hiromi/src/sst_v2/v1/eval/merged/sst_merge/merge_eval/A6_A7_sst_k5_lw_a0.09_jailbreak_eval_results.json,,,
utility,,,,False,,jailbreak,0.764,/mnt/nas/home/hiromi/src/sst_v2/v1/eval/merged/sst_merge/merge_eval/A6_A7_sst_k10_a0.07_jailbreak_eval_results.json,,,
utility,,,,False,,alpaca,,/mnt/nas/home/hiromi/src/sst_v2/v1/eval/merged/sst_merge/merge_eval/A6_A7_dare_alpaca_eval_results.json,0.42015087745885205,0.5003094284111108,0.2752503619633172
utility,,,,False,,jailbreak,0.766,/mnt/nas/home/hiromi/src/sst_v2/v1/eval/merged/sst_merge/merge_eval/A6_A7_sst_k5_a0.09_jailbreak_eval_results.json,,,
utility,,,,False,,alpaca,,/mnt/nas/home/hiromi/src/sst_v2/v1/eval/merged/sst_merge/merge_eval/A6_A7_task_arithmetic_a0.9_alpaca_eval_results.json,0.2282008125265068,0.29531534810927224,0.13489358020750597
utility,,,,False,,jailbreak,0.8,/mnt/nas/home/hiromi/src/sst_v2/v1/eval/merged/sst_merge/merge_eval/A6_A7_sst_k20_lw_a0.2_jailbreak_eval_results.json,,,
utility,,,,False,,alpaca,,/mnt/nas/home/hiromi/src/sst_v2/v1/eval/merged/sst_merge/merge_eval/A6_A7_ties_a0.4_alpaca_eval_results.json,0.3899260070206336,0.4661550911209855,0.25930954566036146
utility,,,,False,,repliqa,,/mnt/nas/home/hiromi/src/sst_v2/v1/eval/merged/sst_merge/merge_eval/A5_A7_sst_k20_a0.5_repliqa_eval_results.json,0.47260093016097077,0.49670253257503577,0.3386666541788291
utility,,,,False,,repliqa,,/mnt/nas/home/hiromi/src/sst_v2/v1/eval/merged/sst_merge/merge_eval/A5_A7_sst_k10_a0.7_repliqa_eval_results.json,0.42301398254293726,0.45144566136337844,0.2816508266443615
utility,,,,False,,alpaca,,/mnt/nas/home/hiromi/src/sst_v2/v1/eval/merged/sst_merge/merge_eval/A6_A7_sst_k5_lw_a0.07_alpaca_eval_results.json,0.644816360123721,0.7032722933482639,0.5106027542310614
utility,,,,False,,jailbreak,0.68,/mnt/nas/home/hiromi/src/sst_v2/v1/eval/merged/sst_merge/merge_eval/A5_A7_sst_k5_lw_a0.3_jailbreak_eval_results.json,,,
utility,,,,False,,alpaca,,/mnt/nas/home/hiromi/src/sst_v2/v1/eval/merged/sst_merge/merge_eval/A6_A7_sst_k20_a0.4_alpaca_eval_results.json,0.5918109735609006,0.6607326990765605,0.4554784275624597
utility,,,,False,,jailbreak,0.882,/mnt/nas/home/hiromi/src/sst_v2/v1/eval/merged/sst_merge/merge_eval/A5_A7_task_arithmetic_a0.4_jailbreak_eval_results.json,,,
utility,,,,False,,repliqa,,/mnt/nas/home/hiromi/src/sst_v2/v1/eval/merged/sst_merge/merge_eval/A5_A7_task_arithmetic_a0.7_repliqa_eval_results.json,0.10612598286697804,0.12320777383656203,0.048579688941839796
utility,,,,False,,jailbreak,0.688,/mnt/nas/home/hiromi/src/sst_v2/v1/eval/merged/sst_merge/merge_eval/A5_A7_sst_k5_lw_a0.07_jailbreak_eval_results.json,,,
utility,,,,False,,jailbreak,0.78,/mnt/nas/home/hiromi/src/sst_v2/v1/eval/merged/sst_merge/merge_eval/A6_A7_ties_a0.07_jailbreak_eval_results.json,,,
utility,,,,False,,alpaca,,/mnt/nas/home/hiromi/src/sst_v2/v1/eval/merged/sst_merge/merge_eval/A6_A7_task_arithmetic_a0.3_alpaca_eval_results.json,0.4968684281378677,0.5769444903218643,0.35217104363848484
utility,,,,False,,jailbreak,0.792,/mnt/nas/home/hiromi/src/sst_v2/v1/eval/merged/sst_merge/merge_eval/A6_A7_sst_k5_lw_a0.5_jailbreak_eval_results.json,,,
utility,,,,False,,jailbreak,0.826,/mnt/nas/home/hiromi/src/sst_v2/v1/eval/merged/sst_merge/merge_eval/A6_A7_sst_k20_lw_a0.8_jailbreak_eval_results.json,,,
utility,,,,False,,jailbreak,0.692,/mnt/nas/home/hiromi/src/sst_v2/v1/eval/merged/sst_merge/merge_eval/A5_A7_task_arithmetic_a0.05_jailbreak_eval_results.json,,,
utility,,,,False,,jailbreak,0.76,/mnt/nas/home/hiromi/src/sst_v2/v1/eval/merged/sst_merge/merge_eval/A6_A7_ties_a0.09_jailbreak_eval_results.json,,,
utility,,,,False,,alpaca,,/mnt/nas/home/hiromi/src/sst_v2/v1/eval/merged/sst_merge/merge_eval/A6_A7_dare_a0.5_alpaca_eval_results.json,0.06824217740648446,0.07325843934630838,0.02270076469249237
utility,,,,False,,repliqa,,/mnt/nas/home/hiromi/src/sst_v2/v1/eval/merged/sst_merge/merge_eval/A5_A7_sst_k20_a0.12_repliqa_eval_results.json,0.6923884714399912,0.7064543200147562,0.6006433147760483
utility,,,,False,,jailbreak,0.928,/mnt/nas/home/hiromi/src/sst_v2/v1/eval/merged/sst_merge/merge_eval/A5_A7_dare_jailbreak_eval_results.json,,,
utility,,,,False,,alpaca,,/mnt/nas/home/hiromi/src/sst_v2/v1/eval/merged/sst_merge/merge_eval/A6_A7_dare_a0.1_alpaca_eval_results.json,0.00018279843968903276,0.00018279843968903276,0.0
utility,,,,False,,jailbreak,0.0,/mnt/nas/home/hiromi/src/sst_v2/v1/eval/merged/sst_merge/merge_eval/A6_A7_dare_a0.05_jailbreak_eval_results.json,,,
utility,,,,False,,alpaca,,/mnt/nas/home/hiromi/src/sst_v2/v1/eval/merged/sst_merge/merge_eval/A6_A7_sst_k5_lw_a0.3_alpaca_eval_results.json,0.6124298869125911,0.6793448521206851,0.4749210559430365
utility,,,,False,,alpaca,,/mnt/nas/home/hiromi/src/sst_v2/v1/eval/merged/sst_merge/merge_eval/A6_A7_sst_k20_lw_a0.7_alpaca_eval_results.json,0.5470091109101941,0.625310770947432,0.4008331286196621
utility,,,,False,,jailbreak,0.896,/mnt/nas/home/hiromi/src/sst_v2/v1/eval/merged/sst_merge/merge_eval/A6_A7_ties_a0.4_jailbreak_eval_results.json,,,
utility,,,,False,,alpaca,,/mnt/nas/home/hiromi/src/sst_v2/v1/eval/merged/sst_merge/merge_eval/A6_A7_sst_k20_a0.09_alpaca_eval_results.json,0.6401877384919052,0.7002614925275702,0.5049027479869855
utility,,,,False,,repliqa,,/mnt/nas/home/hiromi/src/sst_v2/v1/eval/merged/sst_merge/merge_eval/A5_A7_sst_k20_lw_a0.12_repliqa_eval_results.json,0.6921837460721431,0.704955209865005,0.6033689545780908
utility,,,,False,,jailbreak,0.692,/mnt/nas/home/hiromi/src/sst_v2/v1/eval/merged/sst_merge/merge_eval/A5_A7_sst_k10_a0.4_jailbreak_eval_results.json,,,
utility,,,,False,,repliqa,,/mnt/nas/home/hiromi/src/sst_v2/v1/eval/merged/sst_merge/merge_eval/A5_A7_task_arithmetic_a0.05_repliqa_eval_results.json,0.678728631189652,0.6935025567867203,0.5862342967409008
utility,,,,False,,repliqa,,/mnt/nas/home/hiromi/src/sst_v2/v1/eval/merged/sst_merge/merge_eval/A5_A7_sst_k5_a0.3_repliqa_eval_results.json,0.5826860745688007,0.6051223356110006,0.4661068492107251
utility,,,,False,,jailbreak,0.976,/mnt/nas/home/hiromi/src/sst_v2/v1/eval/merged/sst_merge/merge_eval/A5_A7_ties_a0.7_jailbreak_eval_results.json,,,
utility,,,,False,,repliqa,,/mnt/nas/home/hiromi/src/sst_v2/v1/eval/merged/sst_merge/merge_eval/A5_A7_sst_k5_a0.7_repliqa_eval_results.json,0.4231644759861682,0.45053587232356224,0.2799731318631469
utility,,,,False,,jailbreak,0.68,/mnt/nas/home/hiromi/src/sst_v2/v1/eval/merged/sst_merge/merge_eval/A5_A7_sst_k10_a0.2_jailbreak_eval_results.json,,,
utility,,,,False,,jailbreak,0.76,/mnt/nas/home/hiromi/src/sst_v2/v1/eval/merged/sst_merge/merge_eval/A6_A7_task_arithmetic_a0.2_jailbreak_eval_results.json,,,
utility,,,,False,,jailbreak,0.818,/mnt/nas/home/hiromi/src/sst_v2/v1/eval/merged/sst_merge/merge_eval/A6_A7_sst_k5_a0.5_jailbreak_eval_results.json,,,
utility,,,,False,,jailbreak,0.01,/mnt/nas/home/hiromi/src/sst_v2/v1/eval/merged/sst_merge/merge_eval/A6_A7_dare_a0.4_jailbreak_eval_results.json,,,
utility,,,,False,,repliqa,,/mnt/nas/home/hiromi/src/sst_v2/v1/eval/merged/sst_merge/merge_eval/A5_A7_sst_k5_lw_a0.3_repliqa_eval_results.json,0.5795545039052097,0.6022489810033949,0.4608683400147981
utility,,,,False,,repliqa,,/mnt/nas/home/hiromi/src/sst_v2/v1/eval/merged/sst_merge/merge_eval/A5_A7_sst_k20_a0.4_repliqa_eval_results.json,0.5253429588779951,0.5487770831414087,0.4023137223672016
utility,,,,False,,jailbreak,0.86,/mnt/nas/home/hiromi/src/sst_v2/v1/eval/merged/sst_merge/merge_eval/A5_A7_ties_a0.2_jailbreak_eval_results.json,,,
utility,,,,False,,alpaca,,/mnt/nas/home/hiromi/src/sst_v2/v1/eval/merged/sst_merge/merge_eval/A6_A7_sst_k10_lw_a0.15_alpaca_eval_results.json,0.6303801534071792,0.6924047671094827,0.49361430102266457
utility,,,,False,,alpaca,,/mnt/nas/home/hiromi/src/sst_v2/v1/eval/merged/sst_merge/merge_eval/A6_A7_sst_k10_a0.12_alpaca_eval_results.json,0.634251301013703,0.6963291602166098,0.49599904358311003
utility,,,,False,,repliqa,,/mnt/nas/home/hiromi/src/sst_v2/v1/eval/merged/sst_merge/merge_eval/A5_A7_sst_k10_a0.6_repliqa_eval_results.json,0.443133647354173,0.46939470945815254,0.3029632479409902
utility,,,,False,,jailbreak,0.752,/mnt/nas/home/hiromi/src/sst_v2/v1/eval/merged/sst_merge/merge_eval/A6_A7_sst_k20_lw_a0.1_jailbreak_eval_results.json,,,
utility,,,,False,,jailbreak,0.86,/mnt/nas/home/hiromi/src/sst_v2/v1/eval/merged/sst_merge/merge_eval/A5_A7_sst_k5_nogevp_a1.0_jailbreak_eval_results.json,,,
utility,,,,False,,alpaca,,/mnt/nas/home/hiromi/src/sst_v2/v1/eval/merged/sst_merge/merge_eval/A6_A7_sst_k5_a0.1_alpaca_eval_results.json,0.643965704982895,0.7035397557310545,0.507264676942703
utility,,,,False,,jailbreak,0.766,/mnt/nas/home/hiromi/src/sst_v2/v1/eval/merged/sst_merge/merge_eval/A6_A7_sst_k10_a0.1_jailbreak_eval_results.json,,,
utility,,,,False,,alpaca,,/mnt/nas/home/hiromi/src/sst_v2/v1/eval/merged/sst_merge/merge_eval/A6_A7_task_arithmetic_a0.6_alpaca_eval_results.json,0.3370925298551662,0.4100233726162283,0.21906992663868874
utility,,,,False,,alpaca,,/mnt/nas/home/hiromi/src/sst_v2/v1/eval/merged/sst_merge/merge_eval/A6_A7_sst_k5_a0.9_alpaca_eval_results.json,0.5294695267351279,0.6078644471161558,0.3768431866538665
utility,,,,False,,jailbreak,0.7,/mnt/nas/home/hiromi/src/sst_v2/v1/eval/merged/sst_merge/merge_eval/A5_A7_sst_k20_lw_a0.12_jailbreak_eval_results.json,,,
utility,,,,False,,alpaca,,/mnt/nas/home/hiromi/src/sst_v2/v1/eval/merged/sst_merge/merge_eval/A6_A7_sst_k20_a0.3_alpaca_eval_results.json,0.6101107034967871,0.6789911619127067,0.47031261692069815
utility,,,,False,,jailbreak,0.734,/mnt/nas/home/hiromi/src/sst_v2/v1/eval/merged/sst_merge/merge_eval/A5_A7_sst_k10_lw_a0.9_jailbreak_eval_results.json,,,
utility,,,,False,,jailbreak,1.0,/mnt/nas/home/hiromi/src/sst_v2/v1/eval/merged/sst_merge/merge_eval/A5_A7_task_arithmetic_a1.0_jailbreak_eval_results.json,,,
utility,,,,False,,alpaca,,/mnt/nas/home/hiromi/src/sst_v2/v1/eval/merged/sst_merge/merge_eval/A6_A7_sst_k5_lw_a0.8_alpaca_eval_results.json,0.5459572380673234,0.6235796507851891,0.3954648644046104
utility,,,,False,,alpaca,,/mnt/nas/home/hiromi/src/sst_v2/v1/eval/merged/sst_merge/merge_eval/A6_A7_ties_a0.3_alpaca_eval_results.json,0.4338176992458993,0.515377203284619,0.2923129425428247
utility,,,,False,,alpaca,,/mnt/nas/home/hiromi/src/sst_v2/v1/eval/merged/sst_merge/merge_eval/A6_A7_sst_k10_lw_a0.12_alpaca_eval_results.json,0.6351486034438552,0.6980943638306758,0.4974744121548705
utility,,,,False,,repliqa,,/mnt/nas/home/hiromi/src/sst_v2/v1/eval/merged/sst_merge/merge_eval/A5_A7_dare_a0.1_repliqa_eval_results.json,0.01441141708713207,0.014926003879757264,0.00044588745805347087
utility,,,,False,,repliqa,,/mnt/nas/home/hiromi/src/sst_v2/v1/eval/merged/sst_merge/merge_eval/A5_A7_sst_k20_a0.05_repliqa_eval_results.json,0.7064629760612092,0.7208535531065136,0.6216025728083213
utility,,,,False,,alpaca,,/mnt/nas/home/hiromi/src/sst_v2/v1/eval/merged/sst_merge/merge_eval/A6_A7_dare_a0.12_alpaca_eval_results.json,0.0003309676418922449,0.0003309676418922449,0.0
merged,data_free,0.07,10.0,True,10.0,repliqa,,/mnt/nas/home/hiromi/src/sst_v2/v1/eval/merged/ A7-7ep/data_free/A5_A7_data_free_k10_lw_a0.07_topk10_repliqa_eval_results.json,0.7025562935210804,0.7151172744994522,0.6178985316662281
merged,data_free,0.5,10.0,False,10.0,alpaca,,/mnt/nas/home/hiromi/src/sst_v2/v1/eval/merged/ A7-7ep/data_free/A6_A7_data_free_k10_a0.5_topk10_alpaca_eval_results.json,0.5886437163146444,0.6613906179969905,0.4451334042685048
merged,data_free,0.7,5.0,False,5.0,jailbreak,0.71,/mnt/nas/home/hiromi/src/sst_v2/v1/eval/merged/ A7-7ep/data_free/A5_A7_data_free_k5_a0.7_topk5_jailbreak_eval_results.json,,,
merged,data_free,0.15,20.0,False,20.0,alpaca,,/mnt/nas/home/hiromi/src/sst_v2/v1/eval/merged/ A7-7ep/data_free/A6_A7_data_free_k20_a0.15_topk20_alpaca_eval_results.json,0.5933585393881017,0.6659844400316927,0.4511698392974777
merged,data_free,0.05,20.0,False,20.0,jailbreak,0.702,/mnt/nas/home/hiromi/src/sst_v2/v1/eval/merged/ A7-7ep/data_free/A5_A7_data_free_k20_a0.05_topk20_jailbreak_eval_results.json,,,
merged,data_free,0.07,5.0,False,5.0,alpaca,,/mnt/nas/home/hiromi/src/sst_v2/v1/eval/merged/ A7-7ep/data_free/A6_A7_data_free_k5_a0.07_topk5_alpaca_eval_results.json,0.5849522609757865,0.656080707799715,0.44136161956273506
merged,data_free,0.1,5.0,False,5.0,alpaca,,/mnt/nas/home/hiromi/src/sst_v2/v1/eval/merged/ A7-7ep/data_free/A6_A7_data_free_k5_a0.1_topk5_alpaca_eval_results.json,0.5847365488536891,0.6557721501538161,0.441033102649737
merged,data_free,0.1,5.0,True,5.0,jailbreak,0.822,/mnt/nas/home/hiromi/src/sst_v2/v1/eval/merged/ A7-7ep/data_free/A6_A7_data_free_k5_lw_a0.1_topk5_jailbreak_eval_results.json,,,
merged,data_free,0.1,5.0,False,5.0,jailbreak,0.696,/mnt/nas/home/hiromi/src/sst_v2/v1/eval/merged/ A7-7ep/data_free/A5_A7_data_free_k5_a0.1_topk5_jailbreak_eval_results.json,,,
merged,data_free,0.7,10.0,True,10.0,jailbreak,0.832,/mnt/nas/home/hiromi/src/sst_v2/v1/eval/merged/ A7-7ep/data_free/A6_A7_data_free_k10_lw_a0.7_topk10_jailbreak_eval_results.json,,,
merged,data_free,0.2,10.0,True,10.0,jailbreak,0.794,/mnt/nas/home/hiromi/src/sst_v2/v1/eval/merged/ A7-7ep/data_free/A6_A7_data_free_k10_lw_a0.2_topk10_jailbreak_eval_results.json,,,
merged,data_free,0.1,10.0,False,10.0,jailbreak,0.818,/mnt/nas/home/hiromi/src/sst_v2/v1/eval/merged/ A7-7ep/data_free/A6_A7_data_free_k10_a0.1_topk10_jailbreak_eval_results.json,,,
merged,data_free,0.09,20.0,False,20.0,repliqa,,/mnt/nas/home/hiromi/src/sst_v2/v1/eval/merged/ A7-7ep/data_free/A5_A7_data_free_k20_a0.09_topk20_repliqa_eval_results.json,0.7063148314857409,0.7206004442943768,0.6213887223263296
merged,data_free,0.3,5.0,False,5.0,alpaca,,/mnt/nas/home/hiromi/src/sst_v2/v1/eval/merged/ A7-7ep/data_free/A6_A7_data_free_k5_a0.3_topk5_alpaca_eval_results.json,0.5916067337237962,0.6639431889705294,0.44753111976456067
merged,data_free,0.2,5.0,False,5.0,jailbreak,0.81,/mnt/nas/home/hiromi/src/sst_v2/v1/eval/merged/ A7-7ep/data_free/A6_A7_data_free_k5_a0.2_topk5_jailbreak_eval_results.json,,,
merged,data_free,0.8,5.0,False,5.0,alpaca,,/mnt/nas/home/hiromi/src/sst_v2/v1/eval/merged/ A7-7ep/data_free/A6_A7_data_free_k5_a0.8_topk5_alpaca_eval_results.json,0.5889706976843191,0.6622016431215418,0.4444070814804879
merged,data_free,0.8,20.0,False,20.0,repliqa,,/mnt/nas/home/hiromi/src/sst_v2/v1/eval/merged/ A7-7ep/data_free/A5_A7_data_free_k20_a0.8_topk20_repliqa_eval_results.json,0.5832798883271353,0.6048157857374595,0.4638046951449248
merged,data_free,0.15,10.0,True,10.0,jailbreak,0.79,/mnt/nas/home/hiromi/src/sst_v2/v1/eval/merged/ A7-7ep/data_free/A6_A7_data_free_k10_lw_a0.15_topk10_jailbreak_eval_results.json,,,
merged,data_free,0.3,5.0,False,5.0,jailbreak,0.816,/mnt/nas/home/hiromi/src/sst_v2/v1/eval/merged/ A7-7ep/data_free/A6_A7_data_free_k5_a0.3_topk5_jailbreak_eval_results.json,,,
merged,data_free,0.05,20.0,True,20.0,jailbreak,0.824,/mnt/nas/home/hiromi/src/sst_v2/v1/eval/merged/ A7-7ep/data_free/A6_A7_data_free_k20_lw_a0.05_topk20_jailbreak_eval_results.json,,,
merged,data_free,0.1,10.0,False,10.0,jailbreak,0.716,/mnt/nas/home/hiromi/src/sst_v2/v1/eval/merged/ A7-7ep/data_free/A5_A7_data_free_k10_a0.1_topk10_jailbreak_eval_results.json,,,
merged,data_free,0.09,10.0,True,10.0,jailbreak,0.71,/mnt/nas/home/hiromi/src/sst_v2/v1/eval/merged/ A7-7ep/data_free/A5_A7_data_free_k10_lw_a0.09_topk10_jailbreak_eval_results.json,,,
merged,data_free,0.15,5.0,False,5.0,jailbreak,0.692,/mnt/nas/home/hiromi/src/sst_v2/v1/eval/merged/ A7-7ep/data_free/A5_A7_data_free_k5_a0.15_topk5_jailbreak_eval_results.json,,,
merged,data_free,0.3,20.0,False,20.0,jailbreak,0.68,/mnt/nas/home/hiromi/src/sst_v2/v1/eval/merged/ A7-7ep/data_free/A5_A7_data_free_k20_a0.3_topk20_jailbreak_eval_results.json,,,
merged,data_free,0.12,5.0,True,5.0,jailbreak,0.816,/mnt/nas/home/hiromi/src/sst_v2/v1/eval/merged/ A7-7ep/data_free/A6_A7_data_free_k5_lw_a0.12_topk5_jailbreak_eval_results.json,,,
merged,data_free,0.07,10.0,True,10.0,alpaca,,/mnt/nas/home/hiromi/src/sst_v2/v1/eval/merged/ A7-7ep/data_free/A6_A7_data_free_k10_lw_a0.07_topk10_alpaca_eval_results.json,0.5852662991813095,0.6582519315391104,0.44267119715952447
merged,data_free,0.15,10.0,True,10.0,repliqa,,/mnt/nas/home/hiromi/src/sst_v2/v1/eval/merged/ A7-7ep/data_free/A5_A7_data_free_k10_lw_a0.15_topk10_repliqa_eval_results.json,0.6967497075311372,0.7097288802899384,0.6084286944882916
merged,data_free,1.0,20.0,False,20.0,jailbreak,0.694,/mnt/nas/home/hiromi/src/sst_v2/v1/eval/merged/ A7-7ep/data_free/A5_A7_data_free_k20_a1.0_topk20_jailbreak_eval_results.json,,,
merged,data_free,0.6,20.0,True,20.0,repliqa,,/mnt/nas/home/hiromi/src/sst_v2/v1/eval/merged/ A7-7ep/data_free/A5_A7_data_free_k20_lw_a0.6_topk20_repliqa_eval_results.json,0.6453018514642925,0.6636615657532213,0.5479754132930149
merged,data_free,0.1,20.0,False,20.0,alpaca,,/mnt/nas/home/hiromi/src/sst_v2/v1/eval/merged/ A7-7ep/data_free/A6_A7_data_free_k20_a0.1_topk20_alpaca_eval_results.json,0.588193111756644,0.6599090869709124,0.44488537935959555
merged,data_free,0.05,5.0,False,5.0,jailbreak,0.716,/mnt/nas/home/hiromi/src/sst_v2/v1/eval/merged/ A7-7ep/data_free/A5_A7_data_free_k5_a0.05_topk5_jailbreak_eval_results.json,,,
merged,data_free,0.09,10.0,True,10.0,repliqa,,/mnt/nas/home/hiromi/src/sst_v2/v1/eval/merged/ A7-7ep/data_free/A5_A7_data_free_k10_lw_a0.09_topk10_repliqa_eval_results.json,0.6974835608926319,0.7099978334956234,0.6113084908059454
merged,data_free,0.09,10.0,True,10.0,alpaca,,/mnt/nas/home/hiromi/src/sst_v2/v1/eval/merged/ A7-7ep/data_free/A6_A7_data_free_k10_lw_a0.09_topk10_alpaca_eval_results.json,0.5939521202726351,0.6667075543669657,0.4487668528626467
merged,data_free,0.15,20.0,True,20.0,jailbreak,0.814,/mnt/nas/home/hiromi/src/sst_v2/v1/eval/merged/ A7-7ep/data_free/A6_A7_data_free_k20_lw_a0.15_topk20_jailbreak_eval_results.json,,,
merged,data_free,0.2,20.0,True,20.0,alpaca,,/mnt/nas/home/hiromi/src/sst_v2/v1/eval/merged/ A7-7ep/data_free/A6_A7_data_free_k20_lw_a0.2_topk20_alpaca_eval_results.json,0.5875378373664057,0.6600452728170147,0.44173606143815564
merged,data_free,0.12,5.0,False,5.0,alpaca,,/mnt/nas/home/hiromi/src/sst_v2/v1/eval/merged/ A7-7ep/data_free/A6_A7_data_free_k5_a0.12_topk5_alpaca_eval_results.json,0.5877287987414229,0.6608902906601096,0.44398431157439994
merged,data_free,0.12,10.0,True,10.0,repliqa,,/mnt/nas/home/hiromi/src/sst_v2/v1/eval/merged/ A7-7ep/data_free/A5_A7_data_free_k10_lw_a0.12_topk10_repliqa_eval_results.json,0.6970106825357156,0.7109490181953106,0.6117453472347691
merged,data_free,1.0,10.0,False,10.0,repliqa,,/mnt/nas/home/hiromi/src/sst_v2/v1/eval/merged/ A7-7ep/data_free/A5_A7_data_free_k10_a1.0_topk10_repliqa_eval_results.json,0.6592907903609889,0.6751928453627809,0.5630339272313281
merged,data_free,0.4,20.0,True,20.0,jailbreak,0.824,/mnt/nas/home/hiromi/src/sst_v2/v1/eval/merged/ A7-7ep/data_free/A6_A7_data_free_k20_lw_a0.4_topk20_jailbreak_eval_results.json,,,
merged,data_free,0.12,20.0,True,20.0,jailbreak,0.798,/mnt/nas/home/hiromi/src/sst_v2/v1/eval/merged/ A7-7ep/data_free/A6_A7_data_free_k20_lw_a0.12_topk20_jailbreak_eval_results.json,,,
merged,data_free,0.12,10.0,True,10.0,jailbreak,0.814,/mnt/nas/home/hiromi/src/sst_v2/v1/eval/merged/ A7-7ep/data_free/A6_A7_data_free_k10_lw_a0.12_topk10_jailbreak_eval_results.json,,,
merged,data_free,0.7,5.0,True,5.0,jailbreak,0.708,/mnt/nas/home/hiromi/src/sst_v2/v1/eval/merged/ A7-7ep/data_free/A5_A7_data_free_k5_lw_a0.7_topk5_jailbreak_eval_results.json,,,
merged,data_free,0.6,10.0,True,10.0,alpaca,,/mnt/nas/home/hiromi/src/sst_v2/v1/eval/merged/ A7-7ep/data_free/A6_A7_data_free_k10_lw_a0.6_topk10_alpaca_eval_results.json,0.577823987785003,0.6507184067508955,0.43049690683332115
merged,data_free,0.4,10.0,False,10.0,jailbreak,0.806,/mnt/nas/home/hiromi/src/sst_v2/v1/eval/merged/ A7-7ep/data_free/A6_A7_data_free_k10_a0.4_topk10_jailbreak_eval_results.json,,,
merged,data_free,0.7,10.0,False,10.0,repliqa,,/mnt/nas/home/hiromi/src/sst_v2/v1/eval/merged/ A7-7ep/data_free/A5_A7_data_free_k10_a0.7_topk10_repliqa_eval_results.json,0.6826992688893829,0.6972046100506714,0.591803661333797
merged,data_free,0.6,5.0,True,5.0,alpaca,,/mnt/nas/home/hiromi/src/sst_v2/v1/eval/merged/ A7-7ep/data_free/A6_A7_data_free_k5_lw_a0.6_topk5_alpaca_eval_results.json,0.5897371797971216,0.6629936459955627,0.44815334843660226
merged,data_free,0.1,5.0,False,5.0,repliqa,,/mnt/nas/home/hiromi/src/sst_v2/v1/eval/merged/ A7-7ep/data_free/A5_A7_data_free_k5_a0.1_topk5_repliqa_eval_results.json,0.6952614277741761,0.7089593992089737,0.609906849612782
merged,data_free,0.7,20.0,True,20.0,repliqa,,/mnt/nas/home/hiromi/src/sst_v2/v1/eval/merged/ A7-7ep/data_free/A5_A7_data_free_k20_lw_a0.7_topk20_repliqa_eval_results.json,0.6199160275375868,0.6391665267735515,0.5137699338173848
merged,data_free,0.09,5.0,False,5.0,alpaca,,/mnt/nas/home/hiromi/src/sst_v2/v1/eval/merged/ A7-7ep/data_free/A6_A7_data_free_k5_a0.09_topk5_alpaca_eval_results.json,0.5884751927623167,0.6596328041119613,0.4413941591898705
merged,data_free,0.5,20.0,True,20.0,jailbreak,0.822,/mnt/nas/home/hiromi/src/sst_v2/v1/eval/merged/ A7-7ep/data_free/A6_A7_data_free_k20_lw_a0.5_topk20_jailbreak_eval_results.json,,,
merged,data_free,0.3,5.0,False,5.0,jailbreak,0.696,/mnt/nas/home/hiromi/src/sst_v2/v1/eval/merged/ A7-7ep/data_free/A5_A7_data_free_k5_a0.3_topk5_jailbreak_eval_results.json,,,
merged,data_free,0.8,20.0,True,20.0,alpaca,,/mnt/nas/home/hiromi/src/sst_v2/v1/eval/merged/ A7-7ep/data_free/A6_A7_data_free_k20_lw_a0.8_topk20_alpaca_eval_results.json,0.5627068909597681,0.6379139525022103,0.41778909243816814
merged,data_free,0.3,10.0,False,10.0,repliqa,,/mnt/nas/home/hiromi/src/sst_v2/v1/eval/merged/ A7-7ep/data_free/A5_A7_data_free_k10_a0.3_topk10_repliqa_eval_results.json,0.7032464916467761,0.7175165613537801,0.6168957485664064
merged,data_free,0.8,10.0,True,10.0,jailbreak,0.678,/mnt/nas/home/hiromi/src/sst_v2/v1/eval/merged/ A7-7ep/data_free/A5_A7_data_free_k10_lw_a0.8_topk10_jailbreak_eval_results.json,,,
merged,data_free,0.9,5.0,True,5.0,jailbreak,0.712,/mnt/nas/home/hiromi/src/sst_v2/v1/eval/merged/ A7-7ep/data_free/A5_A7_data_free_k5_lw_a0.9_topk5_jailbreak_eval_results.json,,,
merged,data_free,0.2,20.0,False,20.0,alpaca,,/mnt/nas/home/hiromi/src/sst_v2/v1/eval/merged/ A7-7ep/data_free/A6_A7_data_free_k20_a0.2_topk20_alpaca_eval_results.json,0.592095733164258,0.6658844116282309,0.44933991952377883
merged,data_free,0.4,5.0,False,5.0,alpaca,,/mnt/nas/home/hiromi/src/sst_v2/v1/eval/merged/ A7-7ep/data_free/A6_A7_data_free_k5_a0.4_topk5_alpaca_eval_results.json,0.5975544466073115,0.6709764479610704,0.45450213001804396
merged,data_free,0.1,10.0,False,10.0,repliqa,,/mnt/nas/home/hiromi/src/sst_v2/v1/eval/merged/ A7-7ep/data_free/A5_A7_data_free_k10_a0.1_topk10_repliqa_eval_results.json,0.7042669179365697,0.7177145108465549,0.6178231404355683
merged,data_free,0.2,5.0,False,5.0,alpaca,,/mnt/nas/home/hiromi/src/sst_v2/v1/eval/merged/ A7-7ep/data_free/A6_A7_data_free_k5_a0.2_topk5_alpaca_eval_results.json,0.5879697615474765,0.6603915114647722,0.44408370517437495
merged,data_free,0.9,10.0,True,10.0,jailbreak,0.682,/mnt/nas/home/hiromi/src/sst_v2/v1/eval/merged/ A7-7ep/data_free/A5_A7_data_free_k10_lw_a0.9_topk10_jailbreak_eval_results.json,,,
merged,data_free,0.4,20.0,False,20.0,jailbreak,0.824,/mnt/nas/home/hiromi/src/sst_v2/v1/eval/merged/ A7-7ep/data_free/A6_A7_data_free_k20_a0.4_topk20_jailbreak_eval_results.json,,,
merged,data_free,0.9,20.0,True,20.0,jailbreak,0.7,/mnt/nas/home/hiromi/src/sst_v2/v1/eval/merged/ A7-7ep/data_free/A5_A7_data_free_k20_lw_a0.9_topk20_jailbreak_eval_results.json,,,
merged,data_free,1.0,5.0,False,5.0,repliqa,,/mnt/nas/home/hiromi/src/sst_v2/v1/eval/merged/ A7-7ep/data_free/A5_A7_data_free_k5_a1.0_topk5_repliqa_eval_results.json,0.6807305813781463,0.6951531524498887,0.5886849907146132
merged,data_free,1.0,5.0,True,5.0,jailbreak,0.81,/mnt/nas/home/hiromi/src/sst_v2/v1/eval/merged/ A7-7ep/data_free/A6_A7_data_free_k5_lw_a1.0_topk5_jailbreak_eval_results.json,,,
merged,data_free,0.7,5.0,True,5.0,repliqa,,/mnt/nas/home/hiromi/src/sst_v2/v1/eval/merged/ A7-7ep/data_free/A5_A7_data_free_k5_lw_a0.7_topk5_repliqa_eval_results.json,0.693509977952933,0.7083895703103635,0.6062348762204468
merged,data_free,0.7,20.0,False,20.0,repliqa,,/mnt/nas/home/hiromi/src/sst_v2/v1/eval/merged/ A7-7ep/data_free/A5_A7_data_free_k20_a0.7_topk20_repliqa_eval_results.json,0.6046018094788826,0.62290425952234,0.4960078312418662
merged,data_free,0.3,20.0,False,20.0,jailbreak,0.834,/mnt/nas/home/hiromi/src/sst_v2/v1/eval/merged/ A7-7ep/data_free/A6_A7_data_free_k20_a0.3_topk20_jailbreak_eval_results.json,,,
merged,data_free,0.7,5.0,False,5.0,repliqa,,/mnt/nas/home/hiromi/src/sst_v2/v1/eval/merged/ A7-7ep/data_free/A5_A7_data_free_k5_a0.7_topk5_repliqa_eval_results.json,0.6915284594272838,0.7053047225464636,0.6017405903309975
merged,data_free,0.5,20.0,True,20.0,repliqa,,/mnt/nas/home/hiromi/src/sst_v2/v1/eval/merged/ A7-7ep/data_free/A5_A7_data_free_k20_lw_a0.5_topk20_repliqa_eval_results.json,0.6626684079028413,0.6794948040011752,0.5658997333808194
merged,data_free,0.3,20.0,False,20.0,repliqa,,/mnt/nas/home/hiromi/src/sst_v2/v1/eval/merged/ A7-7ep/data_free/A5_A7_data_free_k20_a0.3_topk20_repliqa_eval_results.json,0.6837138275701096,0.6971269099205961,0.5951885594569162
merged,data_free,0.3,5.0,True,5.0,jailbreak,0.7,/mnt/nas/home/hiromi/src/sst_v2/v1/eval/merged/ A7-7ep/data_free/A5_A7_data_free_k5_lw_a0.3_topk5_jailbreak_eval_results.json,,,
merged,data_free,0.2,10.0,True,10.0,repliqa,,/mnt/nas/home/hiromi/src/sst_v2/v1/eval/merged/ A7-7ep/data_free/A5_A7_data_free_k10_lw_a0.2_topk10_repliqa_eval_results.json,0.7064078944069777,0.7207225989481835,0.623649708007312
merged,data_free,0.12,20.0,False,20.0,jailbreak,0.682,/mnt/nas/home/hiromi/src/sst_v2/v1/eval/merged/ A7-7ep/data_free/A5_A7_data_free_k20_a0.12_topk20_jailbreak_eval_results.json,,,
merged,data_free,0.1,20.0,False,20.0,jailbreak,0.692,/mnt/nas/home/hiromi/src/sst_v2/v1/eval/merged/ A7-7ep/data_free/A5_A7_data_free_k20_a0.1_topk20_jailbreak_eval_results.json,,,
merged,data_free,0.5,20.0,False,20.0,alpaca,,/mnt/nas/home/hiromi/src/sst_v2/v1/eval/merged/ A7-7ep/data_free/A6_A7_data_free_k20_a0.5_topk20_alpaca_eval_results.json,0.578349804362683,0.6528972971571059,0.431349449963945
merged,data_free,0.15,10.0,True,10.0,jailbreak,0.708,/mnt/nas/home/hiromi/src/sst_v2/v1/eval/merged/ A7-7ep/data_free/A5_A7_data_free_k10_lw_a0.15_topk10_jailbreak_eval_results.json,,,
merged,data_free,0.2,5.0,False,5.0,repliqa,,/mnt/nas/home/hiromi/src/sst_v2/v1/eval/merged/ A7-7ep/data_free/A5_A7_data_free_k5_a0.2_topk5_repliqa_eval_results.json,0.6970288335946653,0.7108476358171723,0.6131420169689262
merged,data_free,0.15,10.0,False,10.0,jailbreak,0.706,/mnt/nas/home/hiromi/src/sst_v2/v1/eval/merged/ A7-7ep/data_free/A5_A7_data_free_k10_a0.15_topk10_jailbreak_eval_results.json,,,
merged,data_free,0.8,10.0,False,10.0,alpaca,,/mnt/nas/home/hiromi/src/sst_v2/v1/eval/merged/ A7-7ep/data_free/A6_A7_data_free_k10_a0.8_topk10_alpaca_eval_results.json,0.577209195151638,0.6536448150002844,0.4331603674132217
merged,data_free,0.4,20.0,False,20.0,jailbreak,0.668,/mnt/nas/home/hiromi/src/sst_v2/v1/eval/merged/ A7-7ep/data_free/A5_A7_data_free_k20_a0.4_topk20_jailbreak_eval_results.json,,,
merged,data_free,0.2,5.0,True,5.0,repliqa,,/mnt/nas/home/hiromi/src/sst_v2/v1/eval/merged/ A7-7ep/data_free/A5_A7_data_free_k5_lw_a0.2_topk5_repliqa_eval_results.json,0.693705625523799,0.706490836997968,0.6072794009314177
merged,data_free,0.2,5.0,True,5.0,alpaca,,/mnt/nas/home/hiromi/src/sst_v2/v1/eval/merged/ A7-7ep/data_free/A6_A7_data_free_k5_lw_a0.2_topk5_alpaca_eval_results.json,0.5891058415297301,0.6612417876710021,0.4438245567534048
merged,data_free,0.09,10.0,False,10.0,jailbreak,0.812,/mnt/nas/home/hiromi/src/sst_v2/v1/eval/merged/ A7-7ep/data_free/A6_A7_data_free_k10_a0.09_topk10_jailbreak_eval_results.json,,,
merged,data_free,0.07,20.0,False,20.0,repliqa,,/mnt/nas/home/hiromi/src/sst_v2/v1/eval/merged/ A7-7ep/data_free/A5_A7_data_free_k20_a0.07_topk20_repliqa_eval_results.json,0.6998354811923045,0.7160451452442914,0.6142928085387667
merged,data_free,0.7,10.0,True,10.0,repliqa,,/mnt/nas/home/hiromi/src/sst_v2/v1/eval/merged/ A7-7ep/data_free/A5_A7_data_free_k10_lw_a0.7_topk10_repliqa_eval_results.json,0.6830978147865874,0.6998454269854025,0.5920567246221493
merged,data_free,0.15,10.0,False,10.0,jailbreak,0.792,/mnt/nas/home/hiromi/src/sst_v2/v1/eval/merged/ A7-7ep/data_free/A6_A7_data_free_k10_a0.15_topk10_jailbreak_eval_results.json,,,
merged,data_free,0.9,20.0,False,20.0,repliqa,,/mnt/nas/home/hiromi/src/sst_v2/v1/eval/merged/ A7-7ep/data_free/A5_A7_data_free_k20_a0.9_topk20_repliqa_eval_results.json,0.5618005845002834,0.584920238168131,0.4405999292917876
merged,data_free,0.07,5.0,True,5.0,alpaca,,/mnt/nas/home/hiromi/src/sst_v2/v1/eval/merged/ A7-7ep/data_free/A6_A7_data_free_k5_lw_a0.07_topk5_alpaca_eval_results.json,0.5896506453272126,0.6610054298045854,0.4455563896619202
merged,data_free,0.05,5.0,False,5.0,repliqa,,/mnt/nas/home/hiromi/src/sst_v2/v1/eval/merged/ A7-7ep/data_free/A5_A7_data_free_k5_a0.05_topk5_repliqa_eval_results.json,0.6969366782275087,0.7096193982403006,0.6098742064832521
merged,data_free,0.07,20.0,True,20.0,jailbreak,0.79,/mnt/nas/home/hiromi/src/sst_v2/v1/eval/merged/ A7-7ep/data_free/A6_A7_data_free_k20_lw_a0.07_topk20_jailbreak_eval_results.json,,,
merged,data_free,0.07,5.0,False,5.0,jailbreak,0.804,/mnt/nas/home/hiromi/src/sst_v2/v1/eval/merged/ A7-7ep/data_free/A6_A7_data_free_k5_a0.07_topk5_jailbreak_eval_results.json,,,
merged,data_free,0.1,5.0,False,5.0,jailbreak,0.812,/mnt/nas/home/hiromi/src/sst_v2/v1/eval/merged/ A7-7ep/data_free/A6_A7_data_free_k5_a0.1_topk5_jailbreak_eval_results.json,,,
merged,data_free,0.2,10.0,False,10.0,jailbreak,0.81,/mnt/nas/home/hiromi/src/sst_v2/v1/eval/merged/ A7-7ep/data_free/A6_A7_data_free_k10_a0.2_topk10_jailbreak_eval_results.json,,,
merged,data_free,0.2,5.0,False,5.0,jailbreak,0.7,/mnt/nas/home/hiromi/src/sst_v2/v1/eval/merged/ A7-7ep/data_free/A5_A7_data_free_k5_a0.2_topk5_jailbreak_eval_results.json,,,
merged,data_free,0.2,5.0,True,5.0,jailbreak,0.694,/mnt/nas/home/hiromi/src/sst_v2/v1/eval/merged/ A7-7ep/data_free/A5_A7_data_free_k5_lw_a0.2_topk5_jailbreak_eval_results.json,,,
merged,data_free,0.9,5.0,True,5.0,alpaca,,/mnt/nas/home/hiromi/src/sst_v2/v1/eval/merged/ A7-7ep/data_free/A6_A7_data_free_k5_lw_a0.9_topk5_alpaca_eval_results.json,0.5871071296590749,0.6596344927932248,0.44401859329754134
merged,data_free,0.9,10.0,False,10.0,jailbreak,0.702,/mnt/nas/home/hiromi/src/sst_v2/v1/eval/merged/ A7-7ep/data_free/A5_A7_data_free_k10_a0.9_topk10_jailbreak_eval_results.json,,,
merged,data_free,0.07,5.0,False,5.0,jailbreak,0.7,/mnt/nas/home/hiromi/src/sst_v2/v1/eval/merged/ A7-7ep/data_free/A5_A7_data_free_k5_a0.07_topk5_jailbreak_eval_results.json,,,
merged,data_free,0.4,20.0,True,20.0,repliqa,,/mnt/nas/home/hiromi/src/sst_v2/v1/eval/merged/ A7-7ep/data_free/A5_A7_data_free_k20_lw_a0.4_topk20_repliqa_eval_results.json,0.682035720299682,0.6967315802446185,0.5894341490221844
merged,data_free,0.8,10.0,False,10.0,jailbreak,0.814,/mnt/nas/home/hiromi/src/sst_v2/v1/eval/merged/ A7-7ep/data_free/A6_A7_data_free_k10_a0.8_topk10_jailbreak_eval_results.json,,,
merged,data_free,0.12,20.0,False,20.0,alpaca,,/mnt/nas/home/hiromi/src/sst_v2/v1/eval/merged/ A7-7ep/data_free/A6_A7_data_free_k20_a0.12_topk20_alpaca_eval_results.json,0.5913998595820602,0.6608612815355693,0.45054411192847094
merged,data_free,0.05,10.0,False,10.0,jailbreak,0.808,/mnt/nas/home/hiromi/src/sst_v2/v1/eval/merged/ A7-7ep/data_free/A6_A7_data_free_k10_a0.05_topk10_jailbreak_eval_results.json,,,
merged,data_free,0.7,20.0,True,20.0,jailbreak,0.688,/mnt/nas/home/hiromi/src/sst_v2/v1/eval/merged/ A7-7ep/data_free/A5_A7_data_free_k20_lw_a0.7_topk20_jailbreak_eval_results.json,,,
merged,data_free,0.05,20.0,False,20.0,alpaca,,/mnt/nas/home/hiromi/src/sst_v2/v1/eval/merged/ A7-7ep/data_free/A6_A7_data_free_k20_a0.05_topk20_alpaca_eval_results.json,0.5915572203191832,0.6642651911304222,0.4491479484067178
merged,data_free,0.9,5.0,False,5.0,jailbreak,0.826,/mnt/nas/home/hiromi/src/sst_v2/v1/eval/merged/ A7-7ep/data_free/A6_A7_data_free_k5_a0.9_topk5_jailbreak_eval_results.json,,,
merged,data_free,0.6,5.0,True,5.0,jailbreak,0.73,/mnt/nas/home/hiromi/src/sst_v2/v1/eval/merged/ A7-7ep/data_free/A5_A7_data_free_k5_lw_a0.6_topk5_jailbreak_eval_results.json,,,
merged,data_free,0.09,5.0,True,5.0,jailbreak,0.802,/mnt/nas/home/hiromi/src/sst_v2/v1/eval/merged/ A7-7ep/data_free/A6_A7_data_free_k5_lw_a0.09_topk5_jailbreak_eval_results.json,,,
merged,data_free,0.8,5.0,False,5.0,jailbreak,0.824,/mnt/nas/home/hiromi/src/sst_v2/v1/eval/merged/ A7-7ep/data_free/A6_A7_data_free_k5_a0.8_topk5_jailbreak_eval_results.json,,,
merged,data_free,0.9,10.0,True,10.0,repliqa,,/mnt/nas/home/hiromi/src/sst_v2/v1/eval/merged/ A7-7ep/data_free/A5_A7_data_free_k10_lw_a0.9_topk10_repliqa_eval_results.json,0.6695077981617321,0.6851200025948508,0.5738082758479341
merged,data_free,0.4,20.0,True,20.0,alpaca,,/mnt/nas/home/hiromi/src/sst_v2/v1/eval/merged/ A7-7ep/data_free/A6_A7_data_free_k20_lw_a0.4_topk20_alpaca_eval_results.json,0.5837820179461836,0.6549527590479887,0.43544730800077747
merged,data_free,0.2,10.0,True,10.0,jailbreak,0.71,/mnt/nas/home/hiromi/src/sst_v2/v1/eval/merged/ A7-7ep/data_free/A5_A7_data_free_k10_lw_a0.2_topk10_jailbreak_eval_results.json,,,
merged,data_free,0.15,5.0,True,5.0,jailbreak,0.714,/mnt/nas/home/hiromi/src/sst_v2/v1/eval/merged/ A7-7ep/data_free/A5_A7_data_free_k5_lw_a0.15_topk5_jailbreak_eval_results.json,,,
merged,data_free,0.15,20.0,True,20.0,repliqa,,/mnt/nas/home/hiromi/src/sst_v2/v1/eval/merged/ A7-7ep/data_free/A5_A7_data_free_k20_lw_a0.15_topk20_repliqa_eval_results.json,0.7066825709444309,0.7212531564104209,0.6211669248553967
merged,data_free,0.2,20.0,True,20.0,jailbreak,0.698,/mnt/nas/home/hiromi/src/sst_v2/v1/eval/merged/ A7-7ep/data_free/A5_A7_data_free_k20_lw_a0.2_topk20_jailbreak_eval_results.json,,,
merged,data_free,0.15,20.0,False,20.0,jailbreak,0.81,/mnt/nas/home/hiromi/src/sst_v2/v1/eval/merged/ A7-7ep/data_free/A6_A7_data_free_k20_a0.15_topk20_jailbreak_eval_results.json,,,
merged,data_free,0.7,10.0,False,10.0,alpaca,,/mnt/nas/home/hiromi/src/sst_v2/v1/eval/merged/ A7-7ep/data_free/A6_A7_data_free_k10_a0.7_topk10_alpaca_eval_results.json,0.5816185992144173,0.6580286817853176,0.43891573344566737
merged,data_free,0.15,20.0,False,20.0,repliqa,,/mnt/nas/home/hiromi/src/sst_v2/v1/eval/merged/ A7-7ep/data_free/A5_A7_data_free_k20_a0.15_topk20_repliqa_eval_results.json,0.7016658504975519,0.7159084763394827,0.613170655252467
merged,data_free,0.09,20.0,False,20.0,jailbreak,0.698,/mnt/nas/home/hiromi/src/sst_v2/v1/eval/merged/ A7-7ep/data_free/A5_A7_data_free_k20_a0.09_topk20_jailbreak_eval_results.json,,,
merged,data_free,0.3,10.0,False,10.0,alpaca,,/mnt/nas/home/hiromi/src/sst_v2/v1/eval/merged/ A7-7ep/data_free/A6_A7_data_free_k10_a0.3_topk10_alpaca_eval_results.json,0.5968883477933954,0.6697931873108652,0.4559482086990095
merged,data_free,0.2,20.0,False,20.0,repliqa,,/mnt/nas/home/hiromi/src/sst_v2/v1/eval/merged/ A7-7ep/data_free/A5_A7_data_free_k20_a0.2_topk20_repliqa_eval_results.json,0.7024756207864751,0.7152740981333782,0.6126509428247157
merged,data_free,0.6,10.0,True,10.0,repliqa,,/mnt/nas/home/hiromi/src/sst_v2/v1/eval/merged/ A7-7ep/data_free/A5_A7_data_free_k10_lw_a0.6_topk10_repliqa_eval_results.json,0.6906436032553998,0.7053897361525951,0.6031055143024289
merged,data_free,1.0,20.0,False,20.0,jailbreak,0.852,/mnt/nas/home/hiromi/src/sst_v2/v1/eval/merged/ A7-7ep/data_free/A6_A7_data_free_k20_a1.0_topk20_jailbreak_eval_results.json,,,
merged,data_free,0.15,10.0,False,10.0,repliqa,,/mnt/nas/home/hiromi/src/sst_v2/v1/eval/merged/ A7-7ep/data_free/A5_A7_data_free_k10_a0.15_topk10_repliqa_eval_results.json,0.7014325792320485,0.7154428686904807,0.6183893565920584
merged,data_free,0.1,20.0,False,20.0,jailbreak,0.816,/mnt/nas/home/hiromi/src/sst_v2/v1/eval/merged/ A7-7ep/data_free/A6_A7_data_free_k20_a0.1_topk20_jailbreak_eval_results.json,,,
merged,data_free,0.5,10.0,False,10.0,jailbreak,0.702,/mnt/nas/home/hiromi/src/sst_v2/v1/eval/merged/ A7-7ep/data_free/A5_A7_data_free_k10_a0.5_topk10_jailbreak_eval_results.json,,,
merged,data_free,0.4,10.0,False,10.0,repliqa,,/mnt/nas/home/hiromi/src/sst_v2/v1/eval/merged/ A7-7ep/data_free/A5_A7_data_free_k10_a0.4_topk10_repliqa_eval_results.json,0.6960490641099191,0.7099045893652076,0.609123538870575
merged,data_free,0.05,5.0,False,5.0,alpaca,,/mnt/nas/home/hiromi/src/sst_v2/v1/eval/merged/ A7-7ep/data_free/A6_A7_data_free_k5_a0.05_topk5_alpaca_eval_results.json,0.5864360908044832,0.6586648373338351,0.43824509084607494
merged,data_free,1.0,20.0,False,20.0,alpaca,,/mnt/nas/home/hiromi/src/sst_v2/v1/eval/merged/ A7-7ep/data_free/A6_A7_data_free_k20_a1.0_topk20_alpaca_eval_results.json,0.5543508474929577,0.6332847569914117,0.4055769596824654
merged,data_free,0.12,10.0,False,10.0,jailbreak,0.714,/mnt/nas/home/hiromi/src/sst_v2/v1/eval/merged/ A7-7ep/data_free/A5_A7_data_free_k10_a0.12_topk10_jailbreak_eval_results.json,,,
merged,data_free,0.15,5.0,True,5.0,jailbreak,0.798,/mnt/nas/home/hiromi/src/sst_v2/v1/eval/merged/ A7-7ep/data_free/A6_A7_data_free_k5_lw_a0.15_topk5_jailbreak_eval_results.json,,,
merged,data_free,0.12,5.0,True,5.0,jailbreak,0.694,/mnt/nas/home/hiromi/src/sst_v2/v1/eval/merged/ A7-7ep/data_free/A5_A7_data_free_k5_lw_a0.12_topk5_jailbreak_eval_results.json,,,
merged,data_free,0.09,5.0,False,5.0,repliqa,,/mnt/nas/home/hiromi/src/sst_v2/v1/eval/merged/ A7-7ep/data_free/A5_A7_data_free_k5_a0.09_topk5_repliqa_eval_results.json,0.6962340581622068,0.7099826502105372,0.6090935293644844
merged,data_free,0.7,5.0,False,5.0,alpaca,,/mnt/nas/home/hiromi/src/sst_v2/v1/eval/merged/ A7-7ep/data_free/A6_A7_data_free_k5_a0.7_topk5_alpaca_eval_results.json,0.5893071920411029,0.6613936395644272,0.44464750156974536
merged,data_free,0.4,10.0,True,10.0,repliqa,,/mnt/nas/home/hiromi/src/sst_v2/v1/eval/merged/ A7-7ep/data_free/A5_A7_data_free_k10_lw_a0.4_topk10_repliqa_eval_results.json,0.6997541646544826,0.7133064904911866,0.6146705569732146
merged,data_free,0.12,5.0,False,5.0,repliqa,,/mnt/nas/home/hiromi/src/sst_v2/v1/eval/merged/ A7-7ep/data_free/A5_A7_data_free_k5_a0.12_topk5_repliqa_eval_results.json,0.6932919663203851,0.7053939937814887,0.6064787347273188
merged,data_free,0.5,5.0,True,5.0,jailbreak,0.804,/mnt/nas/home/hiromi/src/sst_v2/v1/eval/merged/ A7-7ep/data_free/A6_A7_data_free_k5_lw_a0.5_topk5_jailbreak_eval_results.json,,,
merged,data_free,0.6,5.0,False,5.0,jailbreak,0.802,/mnt/nas/home/hiromi/src/sst_v2/v1/eval/merged/ A7-7ep/data_free/A6_A7_data_free_k5_a0.6_topk5_jailbreak_eval_results.json,,,
merged,data_free,0.5,20.0,True,20.0,alpaca,,/mnt/nas/home/hiromi/src/sst_v2/v1/eval/merged/ A7-7ep/data_free/A6_A7_data_free_k20_lw_a0.5_topk20_alpaca_eval_results.json,0.5786364089471218,0.6510500338204139,0.4330182242900787
merged,data_free,0.15,10.0,True,10.0,alpaca,,/mnt/nas/home/hiromi/src/sst_v2/v1/eval/merged/ A7-7ep/data_free/A6_A7_data_free_k10_lw_a0.15_topk10_alpaca_eval_results.json,0.5940204831819156,0.6659341347581984,0.4537800673572799
merged,data_free,0.15,10.0,False,10.0,alpaca,,/mnt/nas/home/hiromi/src/sst_v2/v1/eval/merged/ A7-7ep/data_free/A6_A7_data_free_k10_a0.15_topk10_alpaca_eval_results.json,0.5925689187059591,0.6654758870505079,0.4504359918372203
merged,data_free,1.0,5.0,True,5.0,repliqa,,/mnt/nas/home/hiromi/src/sst_v2/v1/eval/merged/ A7-7ep/data_free/A5_A7_data_free_k5_lw_a1.0_topk5_repliqa_eval_results.json,0.6900959505851083,0.7040332508541354,0.5985977173972058
merged,data_free,0.15,5.0,False,5.0,repliqa,,/mnt/nas/home/hiromi/src/sst_v2/v1/eval/merged/ A7-7ep/data_free/A5_A7_data_free_k5_a0.15_topk5_repliqa_eval_results.json,0.6901188858643752,0.7029356786974561,0.6035513557481874
merged,data_free,0.6,5.0,True,5.0,repliqa,,/mnt/nas/home/hiromi/src/sst_v2/v1/eval/merged/ A7-7ep/data_free/A5_A7_data_free_k5_lw_a0.6_topk5_repliqa_eval_results.json,0.7017818582242451,0.7155305448335749,0.6145465694023593
merged,data_free,0.09,5.0,True,5.0,alpaca,,/mnt/nas/home/hiromi/src/sst_v2/v1/eval/merged/ A7-7ep/data_free/A6_A7_data_free_k5_lw_a0.09_topk5_alpaca_eval_results.json,0.5832688531383364,0.6546719033015961,0.4381401138951761
merged,data_free,0.9,20.0,False,20.0,jailbreak,0.702,/mnt/nas/home/hiromi/src/sst_v2/v1/eval/merged/ A7-7ep/data_free/A5_A7_data_free_k20_a0.9_topk20_jailbreak_eval_results.json,,,
merged,data_free,0.15,20.0,False,20.0,jailbreak,0.672,/mnt/nas/home/hiromi/src/sst_v2/v1/eval/merged/ A7-7ep/data_free/A5_A7_data_free_k20_a0.15_topk20_jailbreak_eval_results.json,,,
merged,data_free,0.05,5.0,True,5.0,repliqa,,/mnt/nas/home/hiromi/src/sst_v2/v1/eval/merged/ A7-7ep/data_free/A5_A7_data_free_k5_lw_a0.05_topk5_repliqa_eval_results.json,0.6915425381001705,0.7041234725756992,0.6041548735118363
merged,data_free,0.9,20.0,True,20.0,repliqa,,/mnt/nas/home/hiromi/src/sst_v2/v1/eval/merged/ A7-7ep/data_free/A5_A7_data_free_k20_lw_a0.9_topk20_repliqa_eval_results.json,0.5675964017889779,0.5878749452981228,0.4467941868509547
merged,data_free,0.6,20.0,False,20.0,alpaca,,/mnt/nas/home/hiromi/src/sst_v2/v1/eval/merged/ A7-7ep/data_free/A6_A7_data_free_k20_a0.6_topk20_alpaca_eval_results.json,0.5711046980662884,0.6439178441586718,0.42609407202254374
merged,data_free,0.7,10.0,False,10.0,jailbreak,0.8,/mnt/nas/home/hiromi/src/sst_v2/v1/eval/merged/ A7-7ep/data_free/A6_A7_data_free_k10_a0.7_topk10_jailbreak_eval_results.json,,,
merged,data_free,1.0,10.0,False,10.0,jailbreak,0.802,/mnt/nas/home/hiromi/src/sst_v2/v1/eval/merged/ A7-7ep/data_free/A6_A7_data_free_k10_a1.0_topk10_jailbreak_eval_results.json,,,
merged,data_free,0.12,5.0,True,5.0,alpaca,,/mnt/nas/home/hiromi/src/sst_v2/v1/eval/merged/ A7-7ep/data_free/A6_A7_data_free_k5_lw_a0.12_topk5_alpaca_eval_results.json,0.5882734213104134,0.659816489853667,0.4451163826207742
merged,data_free,0.4,20.0,False,20.0,alpaca,,/mnt/nas/home/hiromi/src/sst_v2/v1/eval/merged/ A7-7ep/data_free/A6_A7_data_free_k20_a0.4_topk20_alpaca_eval_results.json,0.5865477621904404,0.6582318214162542,0.439319534853027
merged,data_free,0.3,20.0,False,20.0,alpaca,,/mnt/nas/home/hiromi/src/sst_v2/v1/eval/merged/ A7-7ep/data_free/A6_A7_data_free_k20_a0.3_topk20_alpaca_eval_results.json,0.5924511616842201,0.6651021698371766,0.449224775857254
merged,data_free,0.12,10.0,False,10.0,jailbreak,0.818,/mnt/nas/home/hiromi/src/sst_v2/v1/eval/merged/ A7-7ep/data_free/A6_A7_data_free_k10_a0.12_topk10_jailbreak_eval_results.json,,,
merged,data_free,0.7,20.0,True,20.0,jailbreak,0.828,/mnt/nas/home/hiromi/src/sst_v2/v1/eval/merged/ A7-7ep/data_free/A6_A7_data_free_k20_lw_a0.7_topk20_jailbreak_eval_results.json,,,
merged,data_free,0.7,20.0,True,20.0,alpaca,,/mnt/nas/home/hiromi/src/sst_v2/v1/eval/merged/ A7-7ep/data_free/A6_A7_data_free_k20_lw_a0.7_topk20_alpaca_eval_results.json,0.5679043186527888,0.6433126203820854,0.4213438073376283
merged,data_free,0.6,10.0,False,10.0,jailbreak,0.68,/mnt/nas/home/hiromi/src/sst_v2/v1/eval/merged/ A7-7ep/data_free/A5_A7_data_free_k10_a0.6_topk10_jailbreak_eval_results.json,,,
merged,data_free,0.05,10.0,True,10.0,jailbreak,0.798,/mnt/nas/home/hiromi/src/sst_v2/v1/eval/merged/ A7-7ep/data_free/A6_A7_data_free_k10_lw_a0.05_topk10_jailbreak_eval_results.json,,,
merged,data_free,0.3,20.0,True,20.0,repliqa,,/mnt/nas/home/hiromi/src/sst_v2/v1/eval/merged/ A7-7ep/data_free/A5_A7_data_free_k20_lw_a0.3_topk20_repliqa_eval_results.json,0.691982856161962,0.7056310866587928,0.6047586189947897
merged,data_free,1.0,5.0,False,5.0,alpaca,,/mnt/nas/home/hiromi/src/sst_v2/v1/eval/merged/ A7-7ep/data_free/A6_A7_data_free_k5_a1.0_topk5_alpaca_eval_results.json,0.5824254508391149,0.655683116866213,0.43757105868572077
merged,data_free,0.05,5.0,True,5.0,jailbreak,0.704,/mnt/nas/home/hiromi/src/sst_v2/v1/eval/merged/ A7-7ep/data_free/A5_A7_data_free_k5_lw_a0.05_topk5_jailbreak_eval_results.json,,,
merged,data_free,0.1,10.0,False,10.0,alpaca,,/mnt/nas/home/hiromi/src/sst_v2/v1/eval/merged/ A7-7ep/data_free/A6_A7_data_free_k10_a0.1_topk10_alpaca_eval_results.json,0.5893778379817673,0.6616173123231792,0.44441257309575893
merged,data_free,0.1,10.0,True,10.0,jailbreak,0.808,/mnt/nas/home/hiromi/src/sst_v2/v1/eval/merged/ A7-7ep/data_free/A6_A7_data_free_k10_lw_a0.1_topk10_jailbreak_eval_results.json,,,
merged,data_free,0.15,5.0,False,5.0,jailbreak,0.81,/mnt/nas/home/hiromi/src/sst_v2/v1/eval/merged/ A7-7ep/data_free/A6_A7_data_free_k5_a0.15_topk5_jailbreak_eval_results.json,,,
merged,data_free,0.07,20.0,False,20.0,jailbreak,0.806,/mnt/nas/home/hiromi/src/sst_v2/v1/eval/merged/ A7-7ep/data_free/A6_A7_data_free_k20_a0.07_topk20_jailbreak_eval_results.json,,,
merged,data_free,0.09,5.0,False,5.0,jailbreak,0.8,/mnt/nas/home/hiromi/src/sst_v2/v1/eval/merged/ A7-7ep/data_free/A6_A7_data_free_k5_a0.09_topk5_jailbreak_eval_results.json,,,
merged,data_free,0.6,20.0,False,20.0,jailbreak,0.682,/mnt/nas/home/hiromi/src/sst_v2/v1/eval/merged/ A7-7ep/data_free/A5_A7_data_free_k20_a0.6_topk20_jailbreak_eval_results.json,,,
merged,data_free,0.1,10.0,True,10.0,alpaca,,/mnt/nas/home/hiromi/src/sst_v2/v1/eval/merged/ A7-7ep/data_free/A6_A7_data_free_k10_lw_a0.1_topk10_alpaca_eval_results.json,0.5904438723905714,0.6627132676347612,0.4483679887887324
merged,data_free,0.07,5.0,True,5.0,jailbreak,0.808,/mnt/nas/home/hiromi/src/sst_v2/v1/eval/merged/ A7-7ep/data_free/A6_A7_data_free_k5_lw_a0.07_topk5_jailbreak_eval_results.json,,,
merged,data_free,0.07,20.0,True,20.0,jailbreak,0.714,/mnt/nas/home/hiromi/src/sst_v2/v1/eval/merged/ A7-7ep/data_free/A5_A7_data_free_k20_lw_a0.07_topk20_jailbreak_eval_results.json,,,
merged,data_free,0.5,10.0,True,10.0,alpaca,,/mnt/nas/home/hiromi/src/sst_v2/v1/eval/merged/ A7-7ep/data_free/A6_A7_data_free_k10_lw_a0.5_topk10_alpaca_eval_results.json,0.589881500845118,0.6623503717974223,0.4487419264917793
merged,data_free,0.9,10.0,False,10.0,jailbreak,0.828,/mnt/nas/home/hiromi/src/sst_v2/v1/eval/merged/ A7-7ep/data_free/A6_A7_data_free_k10_a0.9_topk10_jailbreak_eval_results.json,,,
merged,data_free,0.6,20.0,False,20.0,repliqa,,/mnt/nas/home/hiromi/src/sst_v2/v1/eval/merged/ A7-7ep/data_free/A5_A7_data_free_k20_a0.6_topk20_repliqa_eval_results.json,0.6349741815649035,0.65235669532276,0.5311874031594546
merged,data_free,0.5,5.0,False,5.0,jailbreak,0.722,/mnt/nas/home/hiromi/src/sst_v2/v1/eval/merged/ A7-7ep/data_free/A5_A7_data_free_k5_a0.5_topk5_jailbreak_eval_results.json,,,
merged,data_free,0.8,5.0,True,5.0,jailbreak,0.808,/mnt/nas/home/hiromi/src/sst_v2/v1/eval/merged/ A7-7ep/data_free/A6_A7_data_free_k5_lw_a0.8_topk5_jailbreak_eval_results.json,,,
merged,data_free,0.9,10.0,False,10.0,alpaca,,/mnt/nas/home/hiromi/src/sst_v2/v1/eval/merged/ A7-7ep/data_free/A6_A7_data_free_k10_a0.9_topk10_alpaca_eval_results.json,0.5734923623377189,0.6500836328825745,0.4290461269524373
merged,data_free,0.9,10.0,False,10.0,repliqa,,/mnt/nas/home/hiromi/src/sst_v2/v1/eval/merged/ A7-7ep/data_free/A5_A7_data_free_k10_a0.9_topk10_repliqa_eval_results.json,0.6713824798963615,0.6857478874030135,0.5765055223402485
merged,data_free,0.9,20.0,True,20.0,alpaca,,/mnt/nas/home/hiromi/src/sst_v2/v1/eval/merged/ A7-7ep/data_free/A6_A7_data_free_k20_lw_a0.9_topk20_alpaca_eval_results.json,0.5547611184312254,0.634134385880027,0.40857678227371086
merged,data_free,1.0,10.0,False,10.0,jailbreak,0.698,/mnt/nas/home/hiromi/src/sst_v2/v1/eval/merged/ A7-7ep/data_free/A5_A7_data_free_k10_a1.0_topk10_jailbreak_eval_results.json,,,
merged,data_free,0.07,20.0,False,20.0,jailbreak,0.712,/mnt/nas/home/hiromi/src/sst_v2/v1/eval/merged/ A7-7ep/data_free/A5_A7_data_free_k20_a0.07_topk20_jailbreak_eval_results.json,,,
merged,data_free,0.6,10.0,True,10.0,jailbreak,0.808,/mnt/nas/home/hiromi/src/sst_v2/v1/eval/merged/ A7-7ep/data_free/A6_A7_data_free_k10_lw_a0.6_topk10_jailbreak_eval_results.json,,,
merged,data_free,0.05,10.0,False,10.0,repliqa,,/mnt/nas/home/hiromi/src/sst_v2/v1/eval/merged/ A7-7ep/data_free/A5_A7_data_free_k10_a0.05_topk10_repliqa_eval_results.json,0.6898043389290971,0.7031839210176698,0.6016035038916167
merged,data_free,0.12,20.0,True,20.0,jailbreak,0.692,/mnt/nas/home/hiromi/src/sst_v2/v1/eval/merged/ A7-7ep/data_free/A5_A7_data_free_k20_lw_a0.12_topk20_jailbreak_eval_results.json,,,
merged,data_free,0.6,10.0,False,10.0,repliqa,,/mnt/nas/home/hiromi/src/sst_v2/v1/eval/merged/ A7-7ep/data_free/A5_A7_data_free_k10_a0.6_topk10_repliqa_eval_results.json,0.6929936312029755,0.7071573444454505,0.6060547400958176
merged,data_free,0.6,10.0,True,10.0,jailbreak,0.712,/mnt/nas/home/hiromi/src/sst_v2/v1/eval/merged/ A7-7ep/data_free/A5_A7_data_free_k10_lw_a0.6_topk10_jailbreak_eval_results.json,,,
merged,data_free,0.2,10.0,True,10.0,alpaca,,/mnt/nas/home/hiromi/src/sst_v2/v1/eval/merged/ A7-7ep/data_free/A6_A7_data_free_k10_lw_a0.2_topk10_alpaca_eval_results.json,0.5936682146465219,0.6672736623053431,0.4517152484600142
merged,data_free,0.8,10.0,True,10.0,repliqa,,/mnt/nas/home/hiromi/src/sst_v2/v1/eval/merged/ A7-7ep/data_free/A5_A7_data_free_k10_lw_a0.8_topk10_repliqa_eval_results.json,0.6782059338500976,0.6943035604276698,0.5846100674120512
merged,data_free,1.0,5.0,True,5.0,jailbreak,0.716,/mnt/nas/home/hiromi/src/sst_v2/v1/eval/merged/ A7-7ep/data_free/A5_A7_data_free_k5_lw_a1.0_topk5_jailbreak_eval_results.json,,,
merged,data_free,0.09,20.0,True,20.0,jailbreak,0.812,/mnt/nas/home/hiromi/src/sst_v2/v1/eval/merged/ A7-7ep/data_free/A6_A7_data_free_k20_lw_a0.09_topk20_jailbreak_eval_results.json,,,
merged,data_free,0.09,20.0,False,20.0,alpaca,,/mnt/nas/home/hiromi/src/sst_v2/v1/eval/merged/ A7-7ep/data_free/A6_A7_data_free_k20_a0.09_topk20_alpaca_eval_results.json,0.5962478252908417,0.6675226052571107,0.4535725110534047
merged,data_free,0.2,10.0,False,10.0,repliqa,,/mnt/nas/home/hiromi/src/sst_v2/v1/eval/merged/ A7-7ep/data_free/A5_A7_data_free_k10_a0.2_topk10_repliqa_eval_results.json,0.7017488898152655,0.7161903269747404,0.6161667579433856
merged,data_free,0.2,10.0,False,10.0,alpaca,,/mnt/nas/home/hiromi/src/sst_v2/v1/eval/merged/ A7-7ep/data_free/A6_A7_data_free_k10_a0.2_topk10_alpaca_eval_results.json,0.5961338002301996,0.6693931537311663,0.4547430279395802
merged,data_free,0.8,10.0,False,10.0,repliqa,,/mnt/nas/home/hiromi/src/sst_v2/v1/eval/merged/ A7-7ep/data_free/A5_A7_data_free_k10_a0.8_topk10_repliqa_eval_results.json,0.6704831535995853,0.6862799647025933,0.5775017344928951
merged,data_free,1.0,20.0,False,20.0,repliqa,,/mnt/nas/home/hiromi/src/sst_v2/v1/eval/merged/ A7-7ep/data_free/A5_A7_data_free_k20_a1.0_topk20_repliqa_eval_results.json,0.5445883113942687,0.5683512242541016,0.41787092290094335
merged,data_free,0.4,10.0,False,10.0,alpaca,,/mnt/nas/home/hiromi/src/sst_v2/v1/eval/merged/ A7-7ep/data_free/A6_A7_data_free_k10_a0.4_topk10_alpaca_eval_results.json,0.5902771229225375,0.6627189609245655,0.44656793226153957
merged,data_free,0.5,5.0,True,5.0,repliqa,,/mnt/nas/home/hiromi/src/sst_v2/v1/eval/merged/ A7-7ep/data_free/A5_A7_data_free_k5_lw_a0.5_topk5_repliqa_eval_results.json,0.690974643681067,0.7057467941284665,0.6041283402580191
merged,data_free,0.6,5.0,True,5.0,jailbreak,0.81,/mnt/nas/home/hiromi/src/sst_v2/v1/eval/merged/ A7-7ep/data_free/A6_A7_data_free_k5_lw_a0.6_topk5_jailbreak_eval_results.json,,,
merged,data_free,0.05,10.0,True,10.0,alpaca,,/mnt/nas/home/hiromi/src/sst_v2/v1/eval/merged/ A7-7ep/data_free/A6_A7_data_free_k10_lw_a0.05_topk10_alpaca_eval_results.json,0.5862824573256198,0.6584391890893008,0.44196349877011526
merged,data_free,0.6,5.0,False,5.0,repliqa,,/mnt/nas/home/hiromi/src/sst_v2/v1/eval/merged/ A7-7ep/data_free/A5_A7_data_free_k5_a0.6_topk5_repliqa_eval_results.json,0.6978646735694684,0.7129364042599962,0.6098313684557204
merged,data_free,0.1,20.0,True,20.0,jailbreak,0.708,/mnt/nas/home/hiromi/src/sst_v2/v1/eval/merged/ A7-7ep/data_free/A5_A7_data_free_k20_lw_a0.1_topk20_jailbreak_eval_results.json,,,
merged,data_free,0.15,20.0,True,20.0,alpaca,,/mnt/nas/home/hiromi/src/sst_v2/v1/eval/merged/ A7-7ep/data_free/A6_A7_data_free_k20_lw_a0.15_topk20_alpaca_eval_results.json,0.5970493076102258,0.6693704687695088,0.4549046364102926
merged,data_free,0.07,20.0,True,20.0,repliqa,,/mnt/nas/home/hiromi/src/sst_v2/v1/eval/merged/ A7-7ep/data_free/A5_A7_data_free_k20_lw_a0.07_topk20_repliqa_eval_results.json,0.7029364130000717,0.717466035393606,0.6169238610137745
merged,data_free,0.5,5.0,False,5.0,jailbreak,0.806,/mnt/nas/home/hiromi/src/sst_v2/v1/eval/merged/ A7-7ep/data_free/A6_A7_data_free_k5_a0.5_topk5_jailbreak_eval_results.json,,,
merged,data_free,0.07,5.0,True,5.0,jailbreak,0.714,/mnt/nas/home/hiromi/src/sst_v2/v1/eval/merged/ A7-7ep/data_free/A5_A7_data_free_k5_lw_a0.07_topk5_jailbreak_eval_results.json,,,
merged,data_free,0.5,10.0,True,10.0,jailbreak,0.706,/mnt/nas/home/hiromi/src/sst_v2/v1/eval/merged/ A7-7ep/data_free/A5_A7_data_free_k10_lw_a0.5_topk10_jailbreak_eval_results.json,,,
merged,data_free,0.3,5.0,True,5.0,alpaca,,/mnt/nas/home/hiromi/src/sst_v2/v1/eval/merged/ A7-7ep/data_free/A6_A7_data_free_k5_lw_a0.3_topk5_alpaca_eval_results.json,0.587415802294981,0.6611035224665982,0.4440322715826965
merged,data_free,0.4,5.0,True,5.0,repliqa,,/mnt/nas/home/hiromi/src/sst_v2/v1/eval/merged/ A7-7ep/data_free/A5_A7_data_free_k5_lw_a0.4_topk5_repliqa_eval_results.json,0.6956743662485553,0.7093360906862529,0.6072770441274413
merged,data_free,1.0,5.0,True,5.0,alpaca,,/mnt/nas/home/hiromi/src/sst_v2/v1/eval/merged/ A7-7ep/data_free/A6_A7_data_free_k5_lw_a1.0_topk5_alpaca_eval_results.json,0.5843673716902468,0.655913941061346,0.4416150904476639
merged,data_free,0.05,10.0,False,10.0,jailbreak,0.714,/mnt/nas/home/hiromi/src/sst_v2/v1/eval/merged/ A7-7ep/data_free/A5_A7_data_free_k10_a0.05_topk10_jailbreak_eval_results.json,,,
merged,data_free,0.09,20.0,False,20.0,jailbreak,0.81,/mnt/nas/home/hiromi/src/sst_v2/v1/eval/merged/ A7-7ep/data_free/A6_A7_data_free_k20_a0.09_topk20_jailbreak_eval_results.json,,,
merged,data_free,0.07,10.0,False,10.0,repliqa,,/mnt/nas/home/hiromi/src/sst_v2/v1/eval/merged/ A7-7ep/data_free/A5_A7_data_free_k10_a0.07_topk10_repliqa_eval_results.json,0.7014399232642318,0.7148549175999281,0.6154905354880127
merged,data_free,0.2,20.0,False,20.0,jailbreak,0.678,/mnt/nas/home/hiromi/src/sst_v2/v1/eval/merged/ A7-7ep/data_free/A5_A7_data_free_k20_a0.2_topk20_jailbreak_eval_results.json,,,
merged,data_free,0.2,20.0,True,20.0,jailbreak,0.806,/mnt/nas/home/hiromi/src/sst_v2/v1/eval/merged/ A7-7ep/data_free/A6_A7_data_free_k20_lw_a0.2_topk20_jailbreak_eval_results.json,,,
merged,data_free,0.8,20.0,False,20.0,alpaca,,/mnt/nas/home/hiromi/src/sst_v2/v1/eval/merged/ A7-7ep/data_free/A6_A7_data_free_k20_a0.8_topk20_alpaca_eval_results.json,0.5616031487554559,0.6375922370472134,0.4129169181814841
merged,data_free,0.5,5.0,True,5.0,alpaca,,/mnt/nas/home/hiromi/src/sst_v2/v1/eval/merged/ A7-7ep/data_free/A6_A7_data_free_k5_lw_a0.5_topk5_alpaca_eval_results.json,0.591572621205483,0.6627523880548458,0.44870403304058765
merged,data_free,0.09,10.0,False,10.0,jailbreak,0.716,/mnt/nas/home/hiromi/src/sst_v2/v1/eval/merged/ A7-7ep/data_free/A5_A7_data_free_k10_a0.09_topk10_jailbreak_eval_results.json,,,
merged,data_free,0.12,10.0,False,10.0,alpaca,,/mnt/nas/home/hiromi/src/sst_v2/v1/eval/merged/ A7-7ep/data_free/A6_A7_data_free_k10_a0.12_topk10_alpaca_eval_results.json,0.5896361626411918,0.6629289019981972,0.4471710061928512
merged,data_free,0.07,10.0,False,10.0,jailbreak,0.808,/mnt/nas/home/hiromi/src/sst_v2/v1/eval/merged/ A7-7ep/data_free/A6_A7_data_free_k10_a0.07_topk10_jailbreak_eval_results.json,,,
merged,data_free,0.5,20.0,False,20.0,jailbreak,0.678,/mnt/nas/home/hiromi/src/sst_v2/v1/eval/merged/ A7-7ep/data_free/A5_A7_data_free_k20_a0.5_topk20_jailbreak_eval_results.json,,,
merged,data_free,0.5,10.0,True,10.0,repliqa,,/mnt/nas/home/hiromi/src/sst_v2/v1/eval/merged/ A7-7ep/data_free/A5_A7_data_free_k10_lw_a0.5_topk10_repliqa_eval_results.json,0.6941785344072828,0.7081812632997752,0.609432863177504
merged,data_free,0.12,10.0,False,10.0,repliqa,,/mnt/nas/home/hiromi/src/sst_v2/v1/eval/merged/ A7-7ep/data_free/A5_A7_data_free_k10_a0.12_topk10_repliqa_eval_results.json,0.7012327671598899,0.7152487214468983,0.6147835218008183
merged,data_free,0.1,20.0,True,20.0,repliqa,,/mnt/nas/home/hiromi/src/sst_v2/v1/eval/merged/ A7-7ep/data_free/A5_A7_data_free_k20_lw_a0.1_topk20_repliqa_eval_results.json,0.7074135091081203,0.7222589920374956,0.6248861049540201
merged,data_free,0.09,10.0,False,10.0,repliqa,,/mnt/nas/home/hiromi/src/sst_v2/v1/eval/merged/ A7-7ep/data_free/A5_A7_data_free_k10_a0.09_topk10_repliqa_eval_results.json,0.6970907864651059,0.7095098740221086,0.6135558278545289
merged,data_free,0.05,10.0,True,10.0,jailbreak,0.716,/mnt/nas/home/hiromi/src/sst_v2/v1/eval/merged/ A7-7ep/data_free/A5_A7_data_free_k10_lw_a0.05_topk10_jailbreak_eval_results.json,,,
merged,data_free,0.12,10.0,True,10.0,alpaca,,/mnt/nas/home/hiromi/src/sst_v2/v1/eval/merged/ A7-7ep/data_free/A6_A7_data_free_k10_lw_a0.12_topk10_alpaca_eval_results.json,0.5938380644395689,0.6661138116360793,0.44823131365415253
merged,data_free,0.9,5.0,False,5.0,repliqa,,/mnt/nas/home/hiromi/src/sst_v2/v1/eval/merged/ A7-7ep/data_free/A5_A7_data_free_k5_a0.9_topk5_repliqa_eval_results.json,0.6867091122346094,0.701340682272593,0.5963144891562046
merged,data_free,0.12,10.0,True,10.0,jailbreak,0.718,/mnt/nas/home/hiromi/src/sst_v2/v1/eval/merged/ A7-7ep/data_free/A5_A7_data_free_k10_lw_a0.12_topk10_jailbreak_eval_results.json,,,
merged,data_free,0.5,5.0,False,5.0,repliqa,,/mnt/nas/home/hiromi/src/sst_v2/v1/eval/merged/ A7-7ep/data_free/A5_A7_data_free_k5_a0.5_topk5_repliqa_eval_results.json,0.705725981436878,0.7190534778125557,0.6205516452397787
merged,data_free,1.0,10.0,True,10.0,jailbreak,0.83,/mnt/nas/home/hiromi/src/sst_v2/v1/eval/merged/ A7-7ep/data_free/A6_A7_data_free_k10_lw_a1.0_topk10_jailbreak_eval_results.json,,,
merged,data_free,0.07,10.0,True,10.0,jailbreak,0.724,/mnt/nas/home/hiromi/src/sst_v2/v1/eval/merged/ A7-7ep/data_free/A5_A7_data_free_k10_lw_a0.07_topk10_jailbreak_eval_results.json,,,
merged,data_free,0.09,5.0,True,5.0,repliqa,,/mnt/nas/home/hiromi/src/sst_v2/v1/eval/merged/ A7-7ep/data_free/A5_A7_data_free_k5_lw_a0.09_topk5_repliqa_eval_results.json,0.6893287581643511,0.7041470957124484,0.6010007786865578
merged,data_free,0.3,5.0,False,5.0,repliqa,,/mnt/nas/home/hiromi/src/sst_v2/v1/eval/merged/ A7-7ep/data_free/A5_A7_data_free_k5_a0.3_topk5_repliqa_eval_results.json,0.6941753719528772,0.7079600472263547,0.6085135548139753
merged,data_free,0.7,10.0,True,10.0,alpaca,,/mnt/nas/home/hiromi/src/sst_v2/v1/eval/merged/ A7-7ep/data_free/A6_A7_data_free_k10_lw_a0.7_topk10_alpaca_eval_results.json,0.5779956196604021,0.652161736862343,0.43386305149247356
merged,data_free,0.4,5.0,False,5.0,jailbreak,0.7,/mnt/nas/home/hiromi/src/sst_v2/v1/eval/merged/ A7-7ep/data_free/A5_A7_data_free_k5_a0.4_topk5_jailbreak_eval_results.json,,,
merged,data_free,0.07,10.0,False,10.0,jailbreak,0.702,/mnt/nas/home/hiromi/src/sst_v2/v1/eval/merged/ A7-7ep/data_free/A5_A7_data_free_k10_a0.07_topk10_jailbreak_eval_results.json,,,
merged,data_free,0.8,20.0,True,20.0,jailbreak,0.84,/mnt/nas/home/hiromi/src/sst_v2/v1/eval/merged/ A7-7ep/data_free/A6_A7_data_free_k20_lw_a0.8_topk20_jailbreak_eval_results.json,,,
merged,data_free,0.12,20.0,False,20.0,repliqa,,/mnt/nas/home/hiromi/src/sst_v2/v1/eval/merged/ A7-7ep/data_free/A5_A7_data_free_k20_a0.12_topk20_repliqa_eval_results.json,0.7000254914931745,0.7148153146913171,0.6165640810921769
merged,data_free,0.1,20.0,True,20.0,alpaca,,/mnt/nas/home/hiromi/src/sst_v2/v1/eval/merged/ A7-7ep/data_free/A6_A7_data_free_k20_lw_a0.1_topk20_alpaca_eval_results.json,0.5927683388597905,0.663910554681696,0.4505368527472343
merged,data_free,0.3,10.0,False,10.0,jailbreak,0.782,/mnt/nas/home/hiromi/src/sst_v2/v1/eval/merged/ A7-7ep/data_free/A6_A7_data_free_k10_a0.3_topk10_jailbreak_eval_results.json,,,
merged,data_free,0.12,5.0,False,5.0,jailbreak,0.708,/mnt/nas/home/hiromi/src/sst_v2/v1/eval/merged/ A7-7ep/data_free/A5_A7_data_free_k5_a0.12_topk5_jailbreak_eval_results.json,,,
merged,data_free,0.8,20.0,False,20.0,jailbreak,0.704,/mnt/nas/home/hiromi/src/sst_v2/v1/eval/merged/ A7-7ep/data_free/A5_A7_data_free_k20_a0.8_topk20_jailbreak_eval_results.json,,,
merged,data_free,0.2,20.0,True,20.0,repliqa,,/mnt/nas/home/hiromi/src/sst_v2/v1/eval/merged/ A7-7ep/data_free/A5_A7_data_free_k20_lw_a0.2_topk20_repliqa_eval_results.json,0.6993218718131339,0.7123947576248855,0.6094950254654139
merged,data_free,0.05,5.0,True,5.0,alpaca,,/mnt/nas/home/hiromi/src/sst_v2/v1/eval/merged/ A7-7ep/data_free/A6_A7_data_free_k5_lw_a0.05_topk5_alpaca_eval_results.json,0.5875167948326682,0.6591590896019957,0.4463958143209725
merged,data_free,0.8,20.0,False,20.0,jailbreak,0.844,/mnt/nas/home/hiromi/src/sst_v2/v1/eval/merged/ A7-7ep/data_free/A6_A7_data_free_k20_a0.8_topk20_jailbreak_eval_results.json,,,
merged,data_free,0.07,20.0,False,20.0,alpaca,,/mnt/nas/home/hiromi/src/sst_v2/v1/eval/merged/ A7-7ep/data_free/A6_A7_data_free_k20_a0.07_topk20_alpaca_eval_results.json,0.5894376565211222,0.6603081158028654,0.44494499962366785
merged,data_free,0.3,5.0,True,5.0,repliqa,,/mnt/nas/home/hiromi/src/sst_v2/v1/eval/merged/ A7-7ep/data_free/A5_A7_data_free_k5_lw_a0.3_topk5_repliqa_eval_results.json,0.6986015559970806,0.7133881496905012,0.6138690141076683
merged,data_free,1.0,10.0,True,10.0,alpaca,,/mnt/nas/home/hiromi/src/sst_v2/v1/eval/merged/ A7-7ep/data_free/A6_A7_data_free_k10_lw_a1.0_topk10_alpaca_eval_results.json,0.5703564502572861,0.6452858525063402,0.4292793572073726
merged,data_free,1.0,5.0,False,5.0,jailbreak,0.678,/mnt/nas/home/hiromi/src/sst_v2/v1/eval/merged/ A7-7ep/data_free/A5_A7_data_free_k5_a1.0_topk5_jailbreak_eval_results.json,,,
merged,data_free,0.3,20.0,True,20.0,jailbreak,0.684,/mnt/nas/home/hiromi/src/sst_v2/v1/eval/merged/ A7-7ep/data_free/A5_A7_data_free_k20_lw_a0.3_topk20_jailbreak_eval_results.json,,,
merged,data_free,1.0,20.0,True,20.0,jailbreak,0.72,/mnt/nas/home/hiromi/src/sst_v2/v1/eval/merged/ A7-7ep/data_free/A5_A7_data_free_k20_lw_a1.0_topk20_jailbreak_eval_results.json,,,
merged,data_free,0.1,20.0,True,20.0,jailbreak,0.804,/mnt/nas/home/hiromi/src/sst_v2/v1/eval/merged/ A7-7ep/data_free/A6_A7_data_free_k20_lw_a0.1_topk20_jailbreak_eval_results.json,,,
merged,data_free,0.15,5.0,False,5.0,alpaca,,/mnt/nas/home/hiromi/src/sst_v2/v1/eval/merged/ A7-7ep/data_free/A6_A7_data_free_k5_a0.15_topk5_alpaca_eval_results.json,0.5905344895151261,0.6630168922592528,0.44492612366079676
merged,data_free,0.4,5.0,False,5.0,jailbreak,0.812,/mnt/nas/home/hiromi/src/sst_v2/v1/eval/merged/ A7-7ep/data_free/A6_A7_data_free_k5_a0.4_topk5_jailbreak_eval_results.json,,,
merged,data_free,0.9,20.0,False,20.0,alpaca,,/mnt/nas/home/hiromi/src/sst_v2/v1/eval/merged/ A7-7ep/data_free/A6_A7_data_free_k20_a0.9_topk20_alpaca_eval_results.json,0.5553417524265148,0.6321712426488362,0.4071062850845376
merged,data_free,0.7,20.0,False,20.0,jailbreak,0.702,/mnt/nas/home/hiromi/src/sst_v2/v1/eval/merged/ A7-7ep/data_free/A5_A7_data_free_k20_a0.7_topk20_jailbreak_eval_results.json,,,
merged,data_free,0.3,20.0,True,20.0,jailbreak,0.808,/mnt/nas/home/hiromi/src/sst_v2/v1/eval/merged/ A7-7ep/data_free/A6_A7_data_free_k20_lw_a0.3_topk20_jailbreak_eval_results.json,,,
merged,data_free,0.15,5.0,True,5.0,alpaca,,/mnt/nas/home/hiromi/src/sst_v2/v1/eval/merged/ A7-7ep/data_free/A6_A7_data_free_k5_lw_a0.15_topk5_alpaca_eval_results.json,0.5884355905806251,0.660817367999446,0.4438982373397665
merged,data_free,0.5,20.0,False,20.0,jailbreak,0.838,/mnt/nas/home/hiromi/src/sst_v2/v1/eval/merged/ A7-7ep/data_free/A6_A7_data_free_k20_a0.5_topk20_jailbreak_eval_results.json,,,
merged,data_free,0.15,5.0,True,5.0,repliqa,,/mnt/nas/home/hiromi/src/sst_v2/v1/eval/merged/ A7-7ep/data_free/A5_A7_data_free_k5_lw_a0.15_topk5_repliqa_eval_results.json,0.6919284098181209,0.705391808227123,0.6042201288667065
merged,data_free,0.6,20.0,True,20.0,jailbreak,0.832,/mnt/nas/home/hiromi/src/sst_v2/v1/eval/merged/ A7-7ep/data_free/A6_A7_data_free_k20_lw_a0.6_topk20_jailbreak_eval_results.json,,,
merged,data_free,0.12,5.0,True,5.0,repliqa,,/mnt/nas/home/hiromi/src/sst_v2/v1/eval/merged/ A7-7ep/data_free/A5_A7_data_free_k5_lw_a0.12_topk5_repliqa_eval_results.json,0.6921072602868857,0.7053189181971129,0.6071859879370595
merged,data_free,0.1,5.0,True,5.0,repliqa,,/mnt/nas/home/hiromi/src/sst_v2/v1/eval/merged/ A7-7ep/data_free/A5_A7_data_free_k5_lw_a0.1_topk5_repliqa_eval_results.json,0.6915389340356098,0.7056064692479976,0.6042438094214678
merged,data_free,0.9,10.0,True,10.0,alpaca,,/mnt/nas/home/hiromi/src/sst_v2/v1/eval/merged/ A7-7ep/data_free/A6_A7_data_free_k10_lw_a0.9_topk10_alpaca_eval_results.json,0.5729132662181191,0.6485293774394895,0.42825276693710285
merged,data_free,0.3,20.0,True,20.0,alpaca,,/mnt/nas/home/hiromi/src/sst_v2/v1/eval/merged/ A7-7ep/data_free/A6_A7_data_free_k20_lw_a0.3_topk20_alpaca_eval_results.json,0.5889033031649228,0.6591969856521825,0.44287286107685647
merged,data_free,0.9,5.0,False,5.0,jailbreak,0.696,/mnt/nas/home/hiromi/src/sst_v2/v1/eval/merged/ A7-7ep/data_free/A5_A7_data_free_k5_a0.9_topk5_jailbreak_eval_results.json,,,
merged,data_free,0.7,10.0,True,10.0,jailbreak,0.696,/mnt/nas/home/hiromi/src/sst_v2/v1/eval/merged/ A7-7ep/data_free/A5_A7_data_free_k10_lw_a0.7_topk10_jailbreak_eval_results.json,,,
merged,data_free,0.1,20.0,False,20.0,repliqa,,/mnt/nas/home/hiromi/src/sst_v2/v1/eval/merged/ A7-7ep/data_free/A5_A7_data_free_k20_a0.1_topk20_repliqa_eval_results.json,0.7080197592442884,0.7229260181356643,0.6228518424362648
merged,data_free,0.3,5.0,True,5.0,jailbreak,0.812,/mnt/nas/home/hiromi/src/sst_v2/v1/eval/merged/ A7-7ep/data_free/A6_A7_data_free_k5_lw_a0.3_topk5_jailbreak_eval_results.json,,,
merged,data_free,0.9,5.0,True,5.0,repliqa,,/mnt/nas/home/hiromi/src/sst_v2/v1/eval/merged/ A7-7ep/data_free/A5_A7_data_free_k5_lw_a0.9_topk5_repliqa_eval_results.json,0.6977654341538002,0.7125702792553157,0.6112386428790809
merged,data_free,0.4,5.0,False,5.0,repliqa,,/mnt/nas/home/hiromi/src/sst_v2/v1/eval/merged/ A7-7ep/data_free/A5_A7_data_free_k5_a0.4_topk5_repliqa_eval_results.json,0.6961557163372868,0.7097472024718834,0.6096399368501911
merged,data_free,0.07,20.0,True,20.0,alpaca,,/mnt/nas/home/hiromi/src/sst_v2/v1/eval/merged/ A7-7ep/data_free/A6_A7_data_free_k20_lw_a0.07_topk20_alpaca_eval_results.json,0.5897152702301665,0.6630213484257479,0.449235428865993
merged,data_free,0.7,5.0,True,5.0,jailbreak,0.8,/mnt/nas/home/hiromi/src/sst_v2/v1/eval/merged/ A7-7ep/data_free/A6_A7_data_free_k5_lw_a0.7_topk5_jailbreak_eval_results.json,,,
merged,data_free,0.9,20.0,True,20.0,jailbreak,0.86,/mnt/nas/home/hiromi/src/sst_v2/v1/eval/merged/ A7-7ep/data_free/A6_A7_data_free_k20_lw_a0.9_topk20_jailbreak_eval_results.json,,,
merged,data_free,0.05,10.0,True,10.0,repliqa,,/mnt/nas/home/hiromi/src/sst_v2/v1/eval/merged/ A7-7ep/data_free/A5_A7_data_free_k10_lw_a0.05_topk10_repliqa_eval_results.json,0.6945450068046691,0.7066327836813325,0.6101272350907665
merged,data_free,0.07,10.0,False,10.0,alpaca,,/mnt/nas/home/hiromi/src/sst_v2/v1/eval/merged/ A7-7ep/data_free/A6_A7_data_free_k10_a0.07_topk10_alpaca_eval_results.json,0.5900154284409289,0.6626427712276155,0.4458544506413067
merged,data_free,0.09,20.0,True,20.0,alpaca,,/mnt/nas/home/hiromi/src/sst_v2/v1/eval/merged/ A7-7ep/data_free/A6_A7_data_free_k20_lw_a0.09_topk20_alpaca_eval_results.json,0.5939801682912051,0.6661196735295392,0.45142458661776175
merged,data_free,1.0,5.0,False,5.0,jailbreak,0.814,/mnt/nas/home/hiromi/src/sst_v2/v1/eval/merged/ A7-7ep/data_free/A6_A7_data_free_k5_a1.0_topk5_jailbreak_eval_results.json,,,
merged,data_free,0.8,20.0,True,20.0,repliqa,,/mnt/nas/home/hiromi/src/sst_v2/v1/eval/merged/ A7-7ep/data_free/A5_A7_data_free_k20_lw_a0.8_topk20_repliqa_eval_results.json,0.5864642141648264,0.6079199643161863,0.4732249833095823
merged,data_free,0.9,5.0,True,5.0,jailbreak,0.804,/mnt/nas/home/hiromi/src/sst_v2/v1/eval/merged/ A7-7ep/data_free/A6_A7_data_free_k5_lw_a0.9_topk5_jailbreak_eval_results.json,,,
merged,data_free,0.1,5.0,True,5.0,jailbreak,0.712,/mnt/nas/home/hiromi/src/sst_v2/v1/eval/merged/ A7-7ep/data_free/A5_A7_data_free_k5_lw_a0.1_topk5_jailbreak_eval_results.json,,,
merged,data_free,0.7,5.0,True,5.0,alpaca,,/mnt/nas/home/hiromi/src/sst_v2/v1/eval/merged/ A7-7ep/data_free/A6_A7_data_free_k5_lw_a0.7_topk5_alpaca_eval_results.json,0.5859570481621634,0.6577238438834343,0.441735194906238
merged,data_free,0.05,20.0,True,20.0,jailbreak,0.712,/mnt/nas/home/hiromi/src/sst_v2/v1/eval/merged/ A7-7ep/data_free/A5_A7_data_free_k20_lw_a0.05_topk20_jailbreak_eval_results.json,,,
merged,data_free,0.9,20.0,False,20.0,jailbreak,0.838,/mnt/nas/home/hiromi/src/sst_v2/v1/eval/merged/ A7-7ep/data_free/A6_A7_data_free_k20_a0.9_topk20_jailbreak_eval_results.json,,,
merged,data_free,0.5,10.0,False,10.0,jailbreak,0.83,/mnt/nas/home/hiromi/src/sst_v2/v1/eval/merged/ A7-7ep/data_free/A6_A7_data_free_k10_a0.5_topk10_jailbreak_eval_results.json,,,
merged,data_free,1.0,10.0,True,10.0,repliqa,,/mnt/nas/home/hiromi/src/sst_v2/v1/eval/merged/ A7-7ep/data_free/A5_A7_data_free_k10_lw_a1.0_topk10_repliqa_eval_results.json,0.6647561159050788,0.6815009297504847,0.5679475722378454
merged,data_free,0.05,20.0,False,20.0,repliqa,,/mnt/nas/home/hiromi/src/sst_v2/v1/eval/merged/ A7-7ep/data_free/A5_A7_data_free_k20_a0.05_topk20_repliqa_eval_results.json,0.6998653342977802,0.7142804322478553,0.6132554714143278
merged,data_free,0.09,20.0,True,20.0,jailbreak,0.7,/mnt/nas/home/hiromi/src/sst_v2/v1/eval/merged/ A7-7ep/data_free/A5_A7_data_free_k20_lw_a0.09_topk20_jailbreak_eval_results.json,,,
merged,data_free,0.8,10.0,True,10.0,jailbreak,0.812,/mnt/nas/home/hiromi/src/sst_v2/v1/eval/merged/ A7-7ep/data_free/A6_A7_data_free_k10_lw_a0.8_topk10_jailbreak_eval_results.json,,,
merged,data_free,0.7,10.0,False,10.0,jailbreak,0.694,/mnt/nas/home/hiromi/src/sst_v2/v1/eval/merged/ A7-7ep/data_free/A5_A7_data_free_k10_a0.7_topk10_jailbreak_eval_results.json,,,
merged,data_free,0.5,5.0,False,5.0,alpaca,,/mnt/nas/home/hiromi/src/sst_v2/v1/eval/merged/ A7-7ep/data_free/A6_A7_data_free_k5_a0.5_topk5_alpaca_eval_results.json,0.5922606725688122,0.6650964592912626,0.44986957600797484
merged,data_free,1.0,20.0,True,20.0,alpaca,,/mnt/nas/home/hiromi/src/sst_v2/v1/eval/merged/ A7-7ep/data_free/A6_A7_data_free_k20_lw_a1.0_topk20_alpaca_eval_results.json,0.5537614239352676,0.632406216973624,0.4075265198881376
merged,data_free,0.3,10.0,True,10.0,alpaca,,/mnt/nas/home/hiromi/src/sst_v2/v1/eval/merged/ A7-7ep/data_free/A6_A7_data_free_k10_lw_a0.3_topk10_alpaca_eval_results.json,0.5923229898170637,0.6643908525033901,0.45136745731599376
merged,data_free,0.8,10.0,False,10.0,jailbreak,0.682,/mnt/nas/home/hiromi/src/sst_v2/v1/eval/merged/ A7-7ep/data_free/A5_A7_data_free_k10_a0.8_topk10_jailbreak_eval_results.json,,,
merged,data_free,0.7,5.0,False,5.0,jailbreak,0.816,/mnt/nas/home/hiromi/src/sst_v2/v1/eval/merged/ A7-7ep/data_free/A6_A7_data_free_k5_a0.7_topk5_jailbreak_eval_results.json,,,
merged,data_free,0.3,10.0,True,10.0,jailbreak,0.788,/mnt/nas/home/hiromi/src/sst_v2/v1/eval/merged/ A7-7ep/data_free/A6_A7_data_free_k10_lw_a0.3_topk10_jailbreak_eval_results.json,,,
merged,data_free,0.07,5.0,False,5.0,repliqa,,/mnt/nas/home/hiromi/src/sst_v2/v1/eval/merged/ A7-7ep/data_free/A5_A7_data_free_k5_a0.07_topk5_repliqa_eval_results.json,0.6957362966437026,0.7079478666137993,0.6107103181148064
merged,data_free,0.6,5.0,False,5.0,jailbreak,0.714,/mnt/nas/home/hiromi/src/sst_v2/v1/eval/merged/ A7-7ep/data_free/A5_A7_data_free_k5_a0.6_topk5_jailbreak_eval_results.json,,,
merged,data_free,0.8,20.0,True,20.0,jailbreak,0.686,/mnt/nas/home/hiromi/src/sst_v2/v1/eval/merged/ A7-7ep/data_free/A5_A7_data_free_k20_lw_a0.8_topk20_jailbreak_eval_results.json,,,
merged,data_free,1.0,10.0,False,10.0,alpaca,,/mnt/nas/home/hiromi/src/sst_v2/v1/eval/merged/ A7-7ep/data_free/A6_A7_data_free_k10_a1.0_topk10_alpaca_eval_results.json,0.5733796556437009,0.6481989211110935,0.42788640949677675
merged,data_free,0.3,10.0,True,10.0,jailbreak,0.702,/mnt/nas/home/hiromi/src/sst_v2/v1/eval/merged/ A7-7ep/data_free/A5_A7_data_free_k10_lw_a0.3_topk10_jailbreak_eval_results.json,,,
merged,data_free,0.6,20.0,False,20.0,jailbreak,0.818,/mnt/nas/home/hiromi/src/sst_v2/v1/eval/merged/ A7-7ep/data_free/A6_A7_data_free_k20_a0.6_topk20_jailbreak_eval_results.json,,,
merged,data_free,0.09,10.0,False,10.0,alpaca,,/mnt/nas/home/hiromi/src/sst_v2/v1/eval/merged/ A7-7ep/data_free/A6_A7_data_free_k10_a0.09_topk10_alpaca_eval_results.json,0.5880996023826452,0.6604564104873659,0.4447951043857743
merged,data_free,0.05,20.0,False,20.0,jailbreak,0.812,/mnt/nas/home/hiromi/src/sst_v2/v1/eval/merged/ A7-7ep/data_free/A6_A7_data_free_k20_a0.05_topk20_jailbreak_eval_results.json,,,
merged,data_free,0.2,10.0,False,10.0,jailbreak,0.706,/mnt/nas/home/hiromi/src/sst_v2/v1/eval/merged/ A7-7ep/data_free/A5_A7_data_free_k10_a0.2_topk10_jailbreak_eval_results.json,,,
merged,data_free,0.09,20.0,True,20.0,repliqa,,/mnt/nas/home/hiromi/src/sst_v2/v1/eval/merged/ A7-7ep/data_free/A5_A7_data_free_k20_lw_a0.09_topk20_repliqa_eval_results.json,0.6968928710211804,0.7110486291732393,0.6092979095882527
merged,data_free,0.4,20.0,False,20.0,repliqa,,/mnt/nas/home/hiromi/src/sst_v2/v1/eval/merged/ A7-7ep/data_free/A5_A7_data_free_k20_a0.4_topk20_repliqa_eval_results.json,0.6853028761620212,0.6995713894518367,0.5950815161712771
merged,data_free,0.07,5.0,True,5.0,repliqa,,/mnt/nas/home/hiromi/src/sst_v2/v1/eval/merged/ A7-7ep/data_free/A5_A7_data_free_k5_lw_a0.07_topk5_repliqa_eval_results.json,0.6918268058599452,0.705597416790161,0.603807724097914
merged,data_free,0.3,10.0,False,10.0,jailbreak,0.71,/mnt/nas/home/hiromi/src/sst_v2/v1/eval/merged/ A7-7ep/data_free/A5_A7_data_free_k10_a0.3_topk10_jailbreak_eval_results.json,,,
merged,data_free,0.1,5.0,True,5.0,alpaca,,/mnt/nas/home/hiromi/src/sst_v2/v1/eval/merged/ A7-7ep/data_free/A6_A7_data_free_k5_lw_a0.1_topk5_alpaca_eval_results.json,0.5847099590895236,0.6566802063891355,0.4418791679260706
merged,data_free,0.4,10.0,False,10.0,jailbreak,0.708,/mnt/nas/home/hiromi/src/sst_v2/v1/eval/merged/ A7-7ep/data_free/A5_A7_data_free_k10_a0.4_topk10_jailbreak_eval_results.json,,,
merged,data_free,0.2,5.0,True,5.0,jailbreak,0.804,/mnt/nas/home/hiromi/src/sst_v2/v1/eval/merged/ A7-7ep/data_free/A6_A7_data_free_k5_lw_a0.2_topk5_jailbreak_eval_results.json,,,
merged,data_free,0.2,20.0,False,20.0,jailbreak,0.794,/mnt/nas/home/hiromi/src/sst_v2/v1/eval/merged/ A7-7ep/data_free/A6_A7_data_free_k20_a0.2_topk20_jailbreak_eval_results.json,,,
merged,data_free,0.9,5.0,False,5.0,alpaca,,/mnt/nas/home/hiromi/src/sst_v2/v1/eval/merged/ A7-7ep/data_free/A6_A7_data_free_k5_a0.9_topk5_alpaca_eval_results.json,0.5891309484309005,0.6627628397100255,0.4462094312256702
merged,data_free,0.8,5.0,True,5.0,jailbreak,0.728,/mnt/nas/home/hiromi/src/sst_v2/v1/eval/merged/ A7-7ep/data_free/A5_A7_data_free_k5_lw_a0.8_topk5_jailbreak_eval_results.json,,,
merged,data_free,0.05,10.0,False,10.0,alpaca,,/mnt/nas/home/hiromi/src/sst_v2/v1/eval/merged/ A7-7ep/data_free/A6_A7_data_free_k10_a0.05_topk10_alpaca_eval_results.json,0.5851793256472233,0.6582974485201716,0.44048797165601783
merged,data_free,1.0,20.0,True,20.0,jailbreak,0.832,/mnt/nas/home/hiromi/src/sst_v2/v1/eval/merged/ A7-7ep/data_free/A6_A7_data_free_k20_lw_a1.0_topk20_jailbreak_eval_results.json,,,
merged,data_free,0.12,5.0,False,5.0,jailbreak,0.798,/mnt/nas/home/hiromi/src/sst_v2/v1/eval/merged/ A7-7ep/data_free/A6_A7_data_free_k5_a0.12_topk5_jailbreak_eval_results.json,,,
merged,data_free,0.09,5.0,False,5.0,jailbreak,0.71,/mnt/nas/home/hiromi/src/sst_v2/v1/eval/merged/ A7-7ep/data_free/A5_A7_data_free_k5_a0.09_topk5_jailbreak_eval_results.json,,,
merged,data_free,0.6,20.0,True,20.0,alpaca,,/mnt/nas/home/hiromi/src/sst_v2/v1/eval/merged/ A7-7ep/data_free/A6_A7_data_free_k20_lw_a0.6_topk20_alpaca_eval_results.json,0.5707942994980012,0.6463926186789526,0.42807690718345337
merged,data_free,0.8,5.0,True,5.0,alpaca,,/mnt/nas/home/hiromi/src/sst_v2/v1/eval/merged/ A7-7ep/data_free/A6_A7_data_free_k5_lw_a0.8_topk5_alpaca_eval_results.json,0.5867777180891027,0.6596151935378693,0.44485495347488596
merged,data_free,0.1,10.0,True,10.0,repliqa,,/mnt/nas/home/hiromi/src/sst_v2/v1/eval/merged/ A7-7ep/data_free/A5_A7_data_free_k10_lw_a0.1_topk10_repliqa_eval_results.json,0.6932304775957275,0.705104081642581,0.605367799557563
merged,data_free,0.07,10.0,True,10.0,jailbreak,0.8,/mnt/nas/home/hiromi/src/sst_v2/v1/eval/merged/ A7-7ep/data_free/A6_A7_data_free_k10_lw_a0.07_topk10_jailbreak_eval_results.json,,,
merged,data_free,0.8,5.0,False,5.0,jailbreak,0.712,/mnt/nas/home/hiromi/src/sst_v2/v1/eval/merged/ A7-7ep/data_free/A5_A7_data_free_k5_a0.8_topk5_jailbreak_eval_results.json,,,
merged,data_free,0.9,10.0,True,10.0,jailbreak,0.814,/mnt/nas/home/hiromi/src/sst_v2/v1/eval/merged/ A7-7ep/data_free/A6_A7_data_free_k10_lw_a0.9_topk10_jailbreak_eval_results.json,,,
merged,data_free,0.6,5.0,False,5.0,alpaca,,/mnt/nas/home/hiromi/src/sst_v2/v1/eval/merged/ A7-7ep/data_free/A6_A7_data_free_k5_a0.6_topk5_alpaca_eval_results.json,0.5928679356648588,0.665675878860523,0.45111734649657964
merged,data_free,0.3,10.0,True,10.0,repliqa,,/mnt/nas/home/hiromi/src/sst_v2/v1/eval/merged/ A7-7ep/data_free/A5_A7_data_free_k10_lw_a0.3_topk10_repliqa_eval_results.json,0.7005339289546728,0.7143367309393038,0.6161444821973516
merged,data_free,0.09,10.0,True,10.0,jailbreak,0.798,/mnt/nas/home/hiromi/src/sst_v2/v1/eval/merged/ A7-7ep/data_free/A6_A7_data_free_k10_lw_a0.09_topk10_jailbreak_eval_results.json,,,
merged,data_free,1.0,10.0,True,10.0,jailbreak,0.694,/mnt/nas/home/hiromi/src/sst_v2/v1/eval/merged/ A7-7ep/data_free/A5_A7_data_free_k10_lw_a1.0_topk10_jailbreak_eval_results.json,,,
merged,data_free,0.8,5.0,True,5.0,repliqa,,/mnt/nas/home/hiromi/src/sst_v2/v1/eval/merged/ A7-7ep/data_free/A5_A7_data_free_k5_lw_a0.8_topk5_repliqa_eval_results.json,0.6986129005508614,0.7124556272969714,0.6106211677651721
merged,data_free,0.4,10.0,True,10.0,alpaca,,/mnt/nas/home/hiromi/src/sst_v2/v1/eval/merged/ A7-7ep/data_free/A6_A7_data_free_k10_lw_a0.4_topk10_alpaca_eval_results.json,0.5917111489158582,0.6645594985492382,0.4504211906455453
merged,data_free,0.09,5.0,True,5.0,jailbreak,0.708,/mnt/nas/home/hiromi/src/sst_v2/v1/eval/merged/ A7-7ep/data_free/A5_A7_data_free_k5_lw_a0.09_topk5_jailbreak_eval_results.json,,,
merged,data_free,0.6,10.0,False,10.0,alpaca,,/mnt/nas/home/hiromi/src/sst_v2/v1/eval/merged/ A7-7ep/data_free/A6_A7_data_free_k10_a0.6_topk10_alpaca_eval_results.json,0.5794596509825997,0.6526015160612713,0.43538576993356776
merged,data_free,0.05,20.0,True,20.0,alpaca,,/mnt/nas/home/hiromi/src/sst_v2/v1/eval/merged/ A7-7ep/data_free/A6_A7_data_free_k20_lw_a0.05_topk20_alpaca_eval_results.json,0.5929559157839742,0.6647349692707656,0.45186091143442186
merged,data_free,0.1,10.0,True,10.0,jailbreak,0.724,/mnt/nas/home/hiromi/src/sst_v2/v1/eval/merged/ A7-7ep/data_free/A5_A7_data_free_k10_lw_a0.1_topk10_jailbreak_eval_results.json,,,
merged,data_free,0.4,5.0,True,5.0,jailbreak,0.814,/mnt/nas/home/hiromi/src/sst_v2/v1/eval/merged/ A7-7ep/data_free/A6_A7_data_free_k5_lw_a0.4_topk5_jailbreak_eval_results.json,,,
merged,data_free,0.5,10.0,True,10.0,jailbreak,0.806,/mnt/nas/home/hiromi/src/sst_v2/v1/eval/merged/ A7-7ep/data_free/A6_A7_data_free_k10_lw_a0.5_topk10_jailbreak_eval_results.json,,,
merged,data_free,0.5,5.0,True,5.0,jailbreak,0.712,/mnt/nas/home/hiromi/src/sst_v2/v1/eval/merged/ A7-7ep/data_free/A5_A7_data_free_k5_lw_a0.5_topk5_jailbreak_eval_results.json,,,
merged,data_free,0.8,10.0,True,10.0,alpaca,,/mnt/nas/home/hiromi/src/sst_v2/v1/eval/merged/ A7-7ep/data_free/A6_A7_data_free_k10_lw_a0.8_topk10_alpaca_eval_results.json,0.5776912054657446,0.6526700769652071,0.43200056136099524
merged,data_free,0.05,20.0,True,20.0,repliqa,,/mnt/nas/home/hiromi/src/sst_v2/v1/eval/merged/ A7-7ep/data_free/A5_A7_data_free_k20_lw_a0.05_topk20_repliqa_eval_results.json,0.6954674296161076,0.7102748472325802,0.6088158133841032
merged,data_free,0.5,20.0,True,20.0,jailbreak,0.678,/mnt/nas/home/hiromi/src/sst_v2/v1/eval/merged/ A7-7ep/data_free/A5_A7_data_free_k20_lw_a0.5_topk20_jailbreak_eval_results.json,,,
merged,data_free,0.6,20.0,True,20.0,jailbreak,0.684,/mnt/nas/home/hiromi/src/sst_v2/v1/eval/merged/ A7-7ep/data_free/A5_A7_data_free_k20_lw_a0.6_topk20_jailbreak_eval_results.json,,,
merged,data_free,0.4,10.0,True,10.0,jailbreak,0.786,/mnt/nas/home/hiromi/src/sst_v2/v1/eval/merged/ A7-7ep/data_free/A6_A7_data_free_k10_lw_a0.4_topk10_jailbreak_eval_results.json,,,
merged,data_free,0.4,5.0,True,5.0,alpaca,,/mnt/nas/home/hiromi/src/sst_v2/v1/eval/merged/ A7-7ep/data_free/A6_A7_data_free_k5_lw_a0.4_topk5_alpaca_eval_results.json,0.5896840274180608,0.6618018030592799,0.44542283601119764
merged,data_free,0.8,5.0,False,5.0,repliqa,,/mnt/nas/home/hiromi/src/sst_v2/v1/eval/merged/ A7-7ep/data_free/A5_A7_data_free_k5_a0.8_topk5_repliqa_eval_results.json,0.6952685389190852,0.7101555274710583,0.6091288327940367
merged,data_free,0.4,5.0,True,5.0,jailbreak,0.728,/mnt/nas/home/hiromi/src/sst_v2/v1/eval/merged/ A7-7ep/data_free/A5_A7_data_free_k5_lw_a0.4_topk5_jailbreak_eval_results.json,,,
merged,data_free,0.4,10.0,True,10.0,jailbreak,0.7,/mnt/nas/home/hiromi/src/sst_v2/v1/eval/merged/ A7-7ep/data_free/A5_A7_data_free_k10_lw_a0.4_topk10_jailbreak_eval_results.json,,,
merged,data_free,0.12,20.0,False,20.0,jailbreak,0.812,/mnt/nas/home/hiromi/src/sst_v2/v1/eval/merged/ A7-7ep/data_free/A6_A7_data_free_k20_a0.12_topk20_jailbreak_eval_results.json,,,
merged,data_free,0.05,5.0,True,5.0,jailbreak,0.816,/mnt/nas/home/hiromi/src/sst_v2/v1/eval/merged/ A7-7ep/data_free/A6_A7_data_free_k5_lw_a0.05_topk5_jailbreak_eval_results.json,,,
merged,data_free,0.5,20.0,False,20.0,repliqa,,/mnt/nas/home/hiromi/src/sst_v2/v1/eval/merged/ A7-7ep/data_free/A5_A7_data_free_k20_a0.5_topk20_repliqa_eval_results.json,0.6573676284661006,0.6751760136214076,0.5570942067658115
merged,data_free,0.15,20.0,True,20.0,jailbreak,0.694,/mnt/nas/home/hiromi/src/sst_v2/v1/eval/merged/ A7-7ep/data_free/A5_A7_data_free_k20_lw_a0.15_topk20_jailbreak_eval_results.json,,,
merged,data_free,0.4,20.0,True,20.0,jailbreak,0.668,/mnt/nas/home/hiromi/src/sst_v2/v1/eval/merged/ A7-7ep/data_free/A5_A7_data_free_k20_lw_a0.4_topk20_jailbreak_eval_results.json,,,
merged,data_free,0.12,20.0,True,20.0,alpaca,,/mnt/nas/home/hiromi/src/sst_v2/v1/eval/merged/ A7-7ep/data_free/A6_A7_data_free_k20_lw_a0.12_topk20_alpaca_eval_results.json,0.5886563569722982,0.6605762395987819,0.4447742874273357
merged,data_free,1.0,20.0,True,20.0,repliqa,,/mnt/nas/home/hiromi/src/sst_v2/v1/eval/merged/ A7-7ep/data_free/A5_A7_data_free_k20_lw_a1.0_topk20_repliqa_eval_results.json,0.5459556489193278,0.568629897270333,0.4254758213101277
merged,data_free,0.6,10.0,False,10.0,jailbreak,0.852,/mnt/nas/home/hiromi/src/sst_v2/v1/eval/merged/ A7-7ep/data_free/A6_A7_data_free_k10_a0.6_topk10_jailbreak_eval_results.json,,,
merged,data_free,0.5,10.0,False,10.0,repliqa,,/mnt/nas/home/hiromi/src/sst_v2/v1/eval/merged/ A7-7ep/data_free/A5_A7_data_free_k10_a0.5_topk10_repliqa_eval_results.json,0.6928049797712155,0.7069408683318004,0.6074456669184829
merged,data_free,0.12,20.0,True,20.0,repliqa,,/mnt/nas/home/hiromi/src/sst_v2/v1/eval/merged/ A7-7ep/data_free/A5_A7_data_free_k20_lw_a0.12_topk20_repliqa_eval_results.json,0.7041248683372892,0.7184376834406191,0.61660203597965
merged,data_free,0.05,5.0,False,5.0,jailbreak,0.804,/mnt/nas/home/hiromi/src/sst_v2/v1/eval/merged/ A7-7ep/data_free/A6_A7_data_free_k5_a0.05_topk5_jailbreak_eval_results.json,,,
merged,interpolation,0.3,5.0,False,,jailbreak,0.792,/mnt/nas/home/hiromi/src/sst_v2/v1/eval/merged/ A7-7ep/interpolation/merge_eval_interpolation/A6_A7_sst_interp_k5_a0.3_jailbreak_eval_results.json,,,
merged,interpolation,0.3,5.0,False,,jailbreak,0.868,/mnt/nas/home/hiromi/src/sst_v2/v1/eval/merged/ A7-7ep/interpolation/merge_eval_interpolation/A5_A7_sst_interp_k5_nogevp_a0.3_jailbreak_eval_results.json,,,
merged,interpolation,0.6,5.0,True,,jailbreak,0.848,/mnt/nas/home/hiromi/src/sst_v2/v1/eval/merged/ A7-7ep/interpolation/merge_eval_interpolation/A6_A7_sst_interp_k5_lw_a0.6_jailbreak_eval_results.json,,,
merged,interpolation,0.9,5.0,True,,repliqa,,/mnt/nas/home/hiromi/src/sst_v2/v1/eval/merged/ A7-7ep/interpolation/merge_eval_interpolation/A5_A7_sst_interp_k5_lw_nogevp_a0.9_repliqa_eval_results.json,0.06029352145584157,0.06923272611806502,0.023925368394866777
merged,interpolation,0.1,5.0,False,,repliqa,,/mnt/nas/home/hiromi/src/sst_v2/v1/eval/merged/ A7-7ep/interpolation/merge_eval_interpolation/A5_A7_sst_interp_k5_nogevp_a0.1_repliqa_eval_results.json,0.6251131509118775,0.6428541434231235,0.5210604995144872
merged,interpolation,0.3,5.0,False,,jailbreak,0.788,/mnt/nas/home/hiromi/src/sst_v2/v1/eval/merged/ A7-7ep/interpolation/merge_eval_interpolation/A6_A7_sst_interp_k5_nogevp_a0.3_jailbreak_eval_results.json,,,
merged,interpolation,0.2,5.0,False,,repliqa,,/mnt/nas/home/hiromi/src/sst_v2/v1/eval/merged/ A7-7ep/interpolation/merge_eval_interpolation/A5_A7_sst_interp_k5_nogevp_a0.2_repliqa_eval_results.json,0.46027272109697626,0.48786003483120455,0.32796295397476205
merged,interpolation,0.7,5.0,True,,jailbreak,0.97,/mnt/nas/home/hiromi/src/sst_v2/v1/eval/merged/ A7-7ep/interpolation/merge_eval_interpolation/A6_A7_sst_interp_k5_lw_nogevp_a0.7_jailbreak_eval_results.json,,,
merged,interpolation,0.4,5.0,False,,repliqa,,/mnt/nas/home/hiromi/src/sst_v2/v1/eval/merged/ A7-7ep/interpolation/merge_eval_interpolation/A5_A7_sst_interp_k5_nogevp_a0.4_repliqa_eval_results.json,0.3208102068971956,0.3566349869629065,0.18475843566781297
merged,interpolation,0.9,5.0,True,,alpaca,,/mnt/nas/home/hiromi/src/sst_v2/v1/eval/merged/ A7-7ep/interpolation/merge_eval_interpolation/A6_A7_sst_interp_k5_lw_a0.9_alpaca_eval_results.json,0.4123153206701743,0.4917678638349831,0.2734347870416965
merged,interpolation,0.7,5.0,False,,alpaca,,/mnt/nas/home/hiromi/src/sst_v2/v1/eval/merged/ A7-7ep/interpolation/merge_eval_interpolation/A6_A7_sst_interp_k5_a0.7_alpaca_eval_results.json,0.43912531795193127,0.5205606324532528,0.2971334403824875
merged,interpolation,0.1,5.0,True,,jailbreak,0.76,/mnt/nas/home/hiromi/src/sst_v2/v1/eval/merged/ A7-7ep/interpolation/merge_eval_interpolation/A6_A7_sst_interp_k5_lw_a0.1_jailbreak_eval_results.json,,,
merged,interpolation,1.0,5.0,True,,repliqa,,/mnt/nas/home/hiromi/src/sst_v2/v1/eval/merged/ A7-7ep/interpolation/merge_eval_interpolation/A5_A7_sst_interp_k5_lw_nogevp_a1.0_repliqa_eval_results.json,0.03784295925834812,0.04332841220439223,0.011836064575509323
merged,interpolation,1.0,5.0,True,,jailbreak,0.916,/mnt/nas/home/hiromi/src/sst_v2/v1/eval/merged/ A7-7ep/interpolation/merge_eval_interpolation/A6_A7_sst_interp_k5_lw_a1.0_jailbreak_eval_results.json,,,
merged,interpolation,0.3,5.0,True,,repliqa,,/mnt/nas/home/hiromi/src/sst_v2/v1/eval/merged/ A7-7ep/interpolation/merge_eval_interpolation/A5_A7_sst_interp_k5_lw_nogevp_a0.3_repliqa_eval_results.json,0.39243160498702456,0.42523061461338013,0.2565866807021322
merged,interpolation,0.1,5.0,False,,alpaca,,/mnt/nas/home/hiromi/src/sst_v2/v1/eval/merged/ A7-7ep/interpolation/merge_eval_interpolation/A6_A7_sst_interp_k5_nogevp_a0.1_alpaca_eval_results.json,0.6237415827863427,0.6895220464732283,0.4905539153702923
merged,interpolation,0.9,5.0,False,,repliqa,,/mnt/nas/home/hiromi/src/sst_v2/v1/eval/merged/ A7-7ep/interpolation/merge_eval_interpolation/A5_A7_sst_interp_k5_nogevp_a0.9_repliqa_eval_results.json,0.044618843689429664,0.05184234565204092,0.01604961396575002
merged,interpolation,0.7,5.0,False,,jailbreak,0.992,/mnt/nas/home/hiromi/src/sst_v2/v1/eval/merged/ A7-7ep/interpolation/merge_eval_interpolation/A5_A7_sst_interp_k5_nogevp_a0.7_jailbreak_eval_results.json,,,
merged,interpolation,1.0,5.0,True,,jailbreak,0.922,/mnt/nas/home/hiromi/src/sst_v2/v1/eval/merged/ A7-7ep/interpolation/merge_eval_interpolation/A5_A7_sst_interp_k5_lw_a1.0_jailbreak_eval_results.json,,,
merged,interpolation,0.5,5.0,False,,jailbreak,0.894,/mnt/nas/home/hiromi/src/sst_v2/v1/eval/merged/ A7-7ep/interpolation/merge_eval_interpolation/A6_A7_sst_interp_k5_nogevp_a0.5_jailbreak_eval_results.json,,,
merged,interpolation,1.0,5.0,True,,alpaca,,/mnt/nas/home/hiromi/src/sst_v2/v1/eval/merged/ A7-7ep/interpolation/merge_eval_interpolation/A6_A7_sst_interp_k5_lw_a1.0_alpaca_eval_results.json,0.39024728684991505,0.4690589311216897,0.2514382944892263
merged,interpolation,1.0,5.0,True,,alpaca,,/mnt/nas/home/hiromi/src/sst_v2/v1/eval/merged/ A7-7ep/interpolation/merge_eval_interpolation/A6_A7_sst_interp_k5_lw_nogevp_a1.0_alpaca_eval_results.json,0.23403992650592592,0.29666415130591894,0.14203794710435527
merged,interpolation,0.7,5.0,False,,jailbreak,0.886,/mnt/nas/home/hiromi/src/sst_v2/v1/eval/merged/ A7-7ep/interpolation/merge_eval_interpolation/A6_A7_sst_interp_k5_a0.7_jailbreak_eval_results.json,,,
merged,interpolation,0.9,5.0,True,,jailbreak,1.0,/mnt/nas/home/hiromi/src/sst_v2/v1/eval/merged/ A7-7ep/interpolation/merge_eval_interpolation/A5_A7_sst_interp_k5_lw_nogevp_a0.9_jailbreak_eval_results.json,,,
merged,interpolation,0.8,5.0,True,,alpaca,,/mnt/nas/home/hiromi/src/sst_v2/v1/eval/merged/ A7-7ep/interpolation/merge_eval_interpolation/A6_A7_sst_interp_k5_lw_nogevp_a0.8_alpaca_eval_results.json,0.2841758414944351,0.35690976903245064,0.179756893090554
merged,interpolation,0.8,5.0,True,,jailbreak,0.882,/mnt/nas/home/hiromi/src/sst_v2/v1/eval/merged/ A7-7ep/interpolation/merge_eval_interpolation/A5_A7_sst_interp_k5_lw_a0.8_jailbreak_eval_results.json,,,
merged,interpolation,0.7,5.0,True,,alpaca,,/mnt/nas/home/hiromi/src/sst_v2/v1/eval/merged/ A7-7ep/interpolation/merge_eval_interpolation/A6_A7_sst_interp_k5_lw_nogevp_a0.7_alpaca_eval_results.json,0.3308884812141432,0.40237883543164676,0.21411350792781117
merged,interpolation,1.0,5.0,False,,repliqa,,/mnt/nas/home/hiromi/src/sst_v2/v1/eval/merged/ A7-7ep/interpolation/merge_eval_interpolation/A5_A7_sst_interp_k5_a1.0_repliqa_eval_results.json,0.28873838471608787,0.325347962112395,0.15408096561376294
merged,interpolation,0.5,5.0,False,,jailbreak,0.956,/mnt/nas/home/hiromi/src/sst_v2/v1/eval/merged/ A7-7ep/interpolation/merge_eval_interpolation/A5_A7_sst_interp_k5_nogevp_a0.5_jailbreak_eval_results.json,,,
merged,interpolation,0.2,5.0,True,,jailbreak,0.78,/mnt/nas/home/hiromi/src/sst_v2/v1/eval/merged/ A7-7ep/interpolation/merge_eval_interpolation/A6_A7_sst_interp_k5_lw_a0.2_jailbreak_eval_results.json,,,
merged,interpolation,0.2,5.0,False,,jailbreak,0.704,/mnt/nas/home/hiromi/src/sst_v2/v1/eval/merged/ A7-7ep/interpolation/merge_eval_interpolation/A5_A7_sst_interp_k5_a0.2_jailbreak_eval_results.json,,,
merged,interpolation,0.4,5.0,True,,repliqa,,/mnt/nas/home/hiromi/src/sst_v2/v1/eval/merged/ A7-7ep/interpolation/merge_eval_interpolation/A5_A7_sst_interp_k5_lw_a0.4_repliqa_eval_results.json,0.4265216178201202,0.45836740387110103,0.29048780629861914
merged,interpolation,0.8,5.0,False,,jailbreak,0.88,/mnt/nas/home/hiromi/src/sst_v2/v1/eval/merged/ A7-7ep/interpolation/merge_eval_interpolation/A5_A7_sst_interp_k5_a0.8_jailbreak_eval_results.json,,,
merged,interpolation,0.4,5.0,True,,jailbreak,0.744,/mnt/nas/home/hiromi/src/sst_v2/v1/eval/merged/ A7-7ep/interpolation/merge_eval_interpolation/A5_A7_sst_interp_k5_lw_a0.4_jailbreak_eval_results.json,,,
merged,interpolation,1.0,5.0,False,,jailbreak,0.932,/mnt/nas/home/hiromi/src/sst_v2/v1/eval/merged/ A7-7ep/interpolation/merge_eval_interpolation/A6_A7_sst_interp_k5_a1.0_jailbreak_eval_results.json,,,
merged,interpolation,0.5,5.0,True,,repliqa,,/mnt/nas/home/hiromi/src/sst_v2/v1/eval/merged/ A7-7ep/interpolation/merge_eval_interpolation/A5_A7_sst_interp_k5_lw_nogevp_a0.5_repliqa_eval_results.json,0.2907243231035583,0.3278669695403171,0.16095462593797957
merged,interpolation,0.6,5.0,False,,jailbreak,0.964,/mnt/nas/home/hiromi/src/sst_v2/v1/eval/merged/ A7-7ep/interpolation/merge_eval_interpolation/A5_A7_sst_interp_k5_nogevp_a0.6_jailbreak_eval_results.json,,,
merged,interpolation,0.8,5.0,True,,jailbreak,0.894,/mnt/nas/home/hiromi/src/sst_v2/v1/eval/merged/ A7-7ep/interpolation/merge_eval_interpolation/A6_A7_sst_interp_k5_lw_a0.8_jailbreak_eval_results.json,,,
merged,interpolation,0.2,5.0,True,,alpaca,,/mnt/nas/home/hiromi/src/sst_v2/v1/eval/merged/ A7-7ep/interpolation/merge_eval_interpolation/A6_A7_sst_interp_k5_lw_nogevp_a0.2_alpaca_eval_results.json,0.5716553971640423,0.6434246010191194,0.430002233555928
merged,interpolation,0.5,5.0,False,,jailbreak,0.79,/mnt/nas/home/hiromi/src/sst_v2/v1/eval/merged/ A7-7ep/interpolation/merge_eval_interpolation/A5_A7_sst_interp_k5_a0.5_jailbreak_eval_results.json,,,
merged,interpolation,0.1,5.0,True,,repliqa,,/mnt/nas/home/hiromi/src/sst_v2/v1/eval/merged/ A7-7ep/interpolation/merge_eval_interpolation/A5_A7_sst_interp_k5_lw_a0.1_repliqa_eval_results.json,0.6585021670711114,0.6732429966378072,0.5625528286037862
merged,interpolation,0.3,5.0,True,,alpaca,,/mnt/nas/home/hiromi/src/sst_v2/v1/eval/merged/ A7-7ep/interpolation/merge_eval_interpolation/A6_A7_sst_interp_k5_lw_a0.3_alpaca_eval_results.json,0.5624975395058679,0.6391961077953887,0.422794552821754
merged,interpolation,0.6,5.0,False,,jailbreak,0.85,/mnt/nas/home/hiromi/src/sst_v2/v1/eval/merged/ A7-7ep/interpolation/merge_eval_interpolation/A6_A7_sst_interp_k5_a0.6_jailbreak_eval_results.json,,,
merged,interpolation,0.8,5.0,False,,alpaca,,/mnt/nas/home/hiromi/src/sst_v2/v1/eval/merged/ A7-7ep/interpolation/merge_eval_interpolation/A6_A7_sst_interp_k5_nogevp_a0.8_alpaca_eval_results.json,0.25454171504673373,0.32451433408944486,0.15791181050549624
merged,interpolation,0.1,5.0,False,,jailbreak,0.768,/mnt/nas/home/hiromi/src/sst_v2/v1/eval/merged/ A7-7ep/interpolation/merge_eval_interpolation/A6_A7_sst_interp_k5_a0.1_jailbreak_eval_results.json,,,
merged,interpolation,0.9,5.0,False,,jailbreak,0.906,/mnt/nas/home/hiromi/src/sst_v2/v1/eval/merged/ A7-7ep/interpolation/merge_eval_interpolation/A6_A7_sst_interp_k5_a0.9_jailbreak_eval_results.json,,,
merged,interpolation,0.6,5.0,True,,jailbreak,0.942,/mnt/nas/home/hiromi/src/sst_v2/v1/eval/merged/ A7-7ep/interpolation/merge_eval_interpolation/A6_A7_sst_interp_k5_lw_nogevp_a0.6_jailbreak_eval_results.json,,,
merged,interpolation,0.1,5.0,True,,jailbreak,0.756,/mnt/nas/home/hiromi/src/sst_v2/v1/eval/merged/ A7-7ep/interpolation/merge_eval_interpolation/A5_A7_sst_interp_k5_lw_nogevp_a0.1_jailbreak_eval_results.json,,,
merged,interpolation,0.5,5.0,True,,alpaca,,/mnt/nas/home/hiromi/src/sst_v2/v1/eval/merged/ A7-7ep/interpolation/merge_eval_interpolation/A6_A7_sst_interp_k5_lw_a0.5_alpaca_eval_results.json,0.4900367584266511,0.5744692953441976,0.34694289142840956
merged,interpolation,0.6,5.0,False,,alpaca,,/mnt/nas/home/hiromi/src/sst_v2/v1/eval/merged/ A7-7ep/interpolation/merge_eval_interpolation/A6_A7_sst_interp_k5_a0.6_alpaca_eval_results.json,0.45381145655906835,0.5356807797712289,0.3125098627806254
merged,interpolation,0.5,5.0,False,,alpaca,,/mnt/nas/home/hiromi/src/sst_v2/v1/eval/merged/ A7-7ep/interpolation/merge_eval_interpolation/A6_A7_sst_interp_k5_a0.5_alpaca_eval_results.json,0.4800209324298211,0.5619094138538789,0.33832981071770496
merged,interpolation,0.5,5.0,False,,repliqa,,/mnt/nas/home/hiromi/src/sst_v2/v1/eval/merged/ A7-7ep/interpolation/merge_eval_interpolation/A5_A7_sst_interp_k5_nogevp_a0.5_repliqa_eval_results.json,0.2513675330924006,0.2864509905966492,0.12856218824885574
merged,interpolation,0.1,5.0,True,,repliqa,,/mnt/nas/home/hiromi/src/sst_v2/v1/eval/merged/ A7-7ep/interpolation/merge_eval_interpolation/A5_A7_sst_interp_k5_lw_nogevp_a0.1_repliqa_eval_results.json,0.6308472366590383,0.6479122736727719,0.5292772585464178
merged,interpolation,0.6,5.0,True,,repliqa,,/mnt/nas/home/hiromi/src/sst_v2/v1/eval/merged/ A7-7ep/interpolation/merge_eval_interpolation/A5_A7_sst_interp_k5_lw_a0.6_repliqa_eval_results.json,0.36829338500398606,0.40046068891739867,0.21931056763339354
merged,interpolation,0.9,5.0,True,,jailbreak,0.894,/mnt/nas/home/hiromi/src/sst_v2/v1/eval/merged/ A7-7ep/interpolation/merge_eval_interpolation/A6_A7_sst_interp_k5_lw_a0.9_jailbreak_eval_results.json,,,
merged,interpolation,0.9,5.0,True,,jailbreak,1.0,/mnt/nas/home/hiromi/src/sst_v2/v1/eval/merged/ A7-7ep/interpolation/merge_eval_interpolation/A6_A7_sst_interp_k5_lw_nogevp_a0.9_jailbreak_eval_results.json,,,
merged,interpolation,0.2,5.0,False,,alpaca,,/mnt/nas/home/hiromi/src/sst_v2/v1/eval/merged/ A7-7ep/interpolation/merge_eval_interpolation/A6_A7_sst_interp_k5_a0.2_alpaca_eval_results.json,0.5905233961421732,0.6620877221887174,0.4582668871059706
merged,interpolation,0.3,5.0,False,,alpaca,,/mnt/nas/home/hiromi/src/sst_v2/v1/eval/merged/ A7-7ep/interpolation/merge_eval_interpolation/A6_A7_sst_interp_k5_nogevp_a0.3_alpaca_eval_results.json,0.4968684281378677,0.5769444903218643,0.35217104363848484
merged,interpolation,0.1,5.0,True,,jailbreak,0.678,/mnt/nas/home/hiromi/src/sst_v2/v1/eval/merged/ A7-7ep/interpolation/merge_eval_interpolation/A5_A7_sst_interp_k5_lw_a0.1_jailbreak_eval_results.json,,,
merged,interpolation,0.2,5.0,False,,alpaca,,/mnt/nas/home/hiromi/src/sst_v2/v1/eval/merged/ A7-7ep/interpolation/merge_eval_interpolation/A6_A7_sst_interp_k5_nogevp_a0.2_alpaca_eval_results.json,0.5582733605566014,0.6331708470429566,0.4172271684022146
merged,interpolation,0.8,5.0,True,,jailbreak,1.0,/mnt/nas/home/hiromi/src/sst_v2/v1/eval/merged/ A7-7ep/interpolation/merge_eval_interpolation/A5_A7_sst_interp_k5_lw_nogevp_a0.8_jailbreak_eval_results.json,,,
merged,interpolation,0.5,5.0,True,,jailbreak,0.942,/mnt/nas/home/hiromi/src/sst_v2/v1/eval/merged/ A7-7ep/interpolation/merge_eval_interpolation/A5_A7_sst_interp_k5_lw_nogevp_a0.5_jailbreak_eval_results.json,,,
merged,interpolation,0.4,5.0,True,,alpaca,,/mnt/nas/home/hiromi/src/sst_v2/v1/eval/merged/ A7-7ep/interpolation/merge_eval_interpolation/A6_A7_sst_interp_k5_lw_a0.4_alpaca_eval_results.json,0.5182860185365074,0.6005912897425657,0.3733182576527061
merged,interpolation,0.8,5.0,False,,alpaca,,/mnt/nas/home/hiromi/src/sst_v2/v1/eval/merged/ A7-7ep/interpolation/merge_eval_interpolation/A6_A7_sst_interp_k5_a0.8_alpaca_eval_results.json,0.41453239159470273,0.49395794486670774,0.2729396404938276
merged,interpolation,0.9,5.0,False,,jailbreak,1.0,/mnt/nas/home/hiromi/src/sst_v2/v1/eval/merged/ A7-7ep/interpolation/merge_eval_interpolation/A5_A7_sst_interp_k5_nogevp_a0.9_jailbreak_eval_results.json,,,
merged,interpolation,0.3,5.0,True,,jailbreak,0.85,/mnt/nas/home/hiromi/src/sst_v2/v1/eval/merged/ A7-7ep/interpolation/merge_eval_interpolation/A5_A7_sst_interp_k5_lw_nogevp_a0.3_jailbreak_eval_results.json,,,
merged,interpolation,0.6,5.0,False,,alpaca,,/mnt/nas/home/hiromi/src/sst_v2/v1/eval/merged/ A7-7ep/interpolation/merge_eval_interpolation/A6_A7_sst_interp_k5_nogevp_a0.6_alpaca_eval_results.json,0.3370925298551662,0.4100233726162283,0.21906992663868874
merged,interpolation,0.4,5.0,True,,jailbreak,0.864,/mnt/nas/home/hiromi/src/sst_v2/v1/eval/merged/ A7-7ep/interpolation/merge_eval_interpolation/A5_A7_sst_interp_k5_lw_nogevp_a0.4_jailbreak_eval_results.json,,,
merged,interpolation,0.3,5.0,True,,jailbreak,0.778,/mnt/nas/home/hiromi/src/sst_v2/v1/eval/merged/ A7-7ep/interpolation/merge_eval_interpolation/A5_A7_sst_interp_k5_lw_a0.3_jailbreak_eval_results.json,,,
merged,interpolation,0.7,5.0,False,,jailbreak,0.982,/mnt/nas/home/hiromi/src/sst_v2/v1/eval/merged/ A7-7ep/interpolation/merge_eval_interpolation/A6_A7_sst_interp_k5_nogevp_a0.7_jailbreak_eval_results.json,,,
merged,interpolation,0.1,5.0,False,,jailbreak,0.692,/mnt/nas/home/hiromi/src/sst_v2/v1/eval/merged/ A7-7ep/interpolation/merge_eval_interpolation/A5_A7_sst_interp_k5_a0.1_jailbreak_eval_results.json,,,
merged,interpolation,0.2,5.0,True,,repliqa,,/mnt/nas/home/hiromi/src/sst_v2/v1/eval/merged/ A7-7ep/interpolation/merge_eval_interpolation/A5_A7_sst_interp_k5_lw_nogevp_a0.2_repliqa_eval_results.json,0.48297878488297014,0.5099013451377845,0.3554888916380394
merged,interpolation,0.7,5.0,False,,alpaca,,/mnt/nas/home/hiromi/src/sst_v2/v1/eval/merged/ A7-7ep/interpolation/merge_eval_interpolation/A6_A7_sst_interp_k5_nogevp_a0.7_alpaca_eval_results.json,0.29376297582973876,0.36380658403821475,0.18572577194085255
merged,interpolation,0.8,5.0,False,,jailbreak,0.998,/mnt/nas/home/hiromi/src/sst_v2/v1/eval/merged/ A7-7ep/interpolation/merge_eval_interpolation/A5_A7_sst_interp_k5_nogevp_a0.8_jailbreak_eval_results.json,,,
merged,interpolation,0.7,5.0,False,,repliqa,,/mnt/nas/home/hiromi/src/sst_v2/v1/eval/merged/ A7-7ep/interpolation/merge_eval_interpolation/A5_A7_sst_interp_k5_a0.7_repliqa_eval_results.json,0.3350547224357538,0.3699740340935142,0.18915136468002625
merged,interpolation,0.5,5.0,True,,repliqa,,/mnt/nas/home/hiromi/src/sst_v2/v1/eval/merged/ A7-7ep/interpolation/merge_eval_interpolation/A5_A7_sst_interp_k5_lw_a0.5_repliqa_eval_results.json,0.38561262321079276,0.4196676551166421,0.2413057437628052
merged,interpolation,0.3,5.0,False,,jailbreak,0.764,/mnt/nas/home/hiromi/src/sst_v2/v1/eval/merged/ A7-7ep/interpolation/merge_eval_interpolation/A5_A7_sst_interp_k5_a0.3_jailbreak_eval_results.json,,,
merged,interpolation,0.5,5.0,True,,jailbreak,0.836,/mnt/nas/home/hiromi/src/sst_v2/v1/eval/merged/ A7-7ep/interpolation/merge_eval_interpolation/A6_A7_sst_interp_k5_lw_a0.5_jailbreak_eval_results.json,,,
merged,interpolation,0.8,5.0,True,,alpaca,,/mnt/nas/home/hiromi/src/sst_v2/v1/eval/merged/ A7-7ep/interpolation/merge_eval_interpolation/A6_A7_sst_interp_k5_lw_a0.8_alpaca_eval_results.json,0.4261562842030886,0.5073202412374703,0.2842780299193065
merged,interpolation,0.7,5.0,True,,repliqa,,/mnt/nas/home/hiromi/src/sst_v2/v1/eval/merged/ A7-7ep/interpolation/merge_eval_interpolation/A5_A7_sst_interp_k5_lw_a0.7_repliqa_eval_results.json,0.345355685604165,0.37981835274414116,0.200404732234093
merged,interpolation,0.7,5.0,False,,repliqa,,/mnt/nas/home/hiromi/src/sst_v2/v1/eval/merged/ A7-7ep/interpolation/merge_eval_interpolation/A5_A7_sst_interp_k5_nogevp_a0.7_repliqa_eval_results.json,0.10612598286697804,0.12320777383656203,0.048579688941839796
merged,interpolation,0.2,5.0,True,,jailbreak,0.752,/mnt/nas/home/hiromi/src/sst_v2/v1/eval/merged/ A7-7ep/interpolation/merge_eval_interpolation/A6_A7_sst_interp_k5_lw_nogevp_a0.2_jailbreak_eval_results.json,,,
merged,interpolation,0.5,5.0,True,,jailbreak,0.764,/mnt/nas/home/hiromi/src/sst_v2/v1/eval/merged/ A7-7ep/interpolation/merge_eval_interpolation/A5_A7_sst_interp_k5_lw_a0.5_jailbreak_eval_results.json,,,
merged,interpolation,0.3,5.0,False,,alpaca,,/mnt/nas/home/hiromi/src/sst_v2/v1/eval/merged/ A7-7ep/interpolation/merge_eval_interpolation/A6_A7_sst_interp_k5_a0.3_alpaca_eval_results.json,0.5473912588811964,0.6242436683474717,0.4056297441421991
merged,interpolation,0.7,5.0,True,,repliqa,,/mnt/nas/home/hiromi/src/sst_v2/v1/eval/merged/ A7-7ep/interpolation/merge_eval_interpolation/A5_A7_sst_interp_k5_lw_nogevp_a0.7_repliqa_eval_results.json,0.138950345063081,0.16283969140184576,0.06702233440900783
merged,interpolation,0.8,5.0,False,,repliqa,,/mnt/nas/home/hiromi/src/sst_v2/v1/eval/merged/ A7-7ep/interpolation/merge_eval_interpolation/A5_A7_sst_interp_k5_nogevp_a0.8_repliqa_eval_results.json,0.07007430052866405,0.0806068452067242,0.028556608095083914
merged,interpolation,0.8,5.0,True,,repliqa,,/mnt/nas/home/hiromi/src/sst_v2/v1/eval/merged/ A7-7ep/interpolation/merge_eval_interpolation/A5_A7_sst_interp_k5_lw_a0.8_repliqa_eval_results.json,0.32177628760906896,0.358704921645301,0.1792243283134444
merged,interpolation,0.5,5.0,False,,repliqa,,/mnt/nas/home/hiromi/src/sst_v2/v1/eval/merged/ A7-7ep/interpolation/merge_eval_interpolation/A5_A7_sst_interp_k5_a0.5_repliqa_eval_results.json,0.3763589420840266,0.41085492106015636,0.2317303833055593
merged,interpolation,0.3,5.0,True,,jailbreak,0.794,/mnt/nas/home/hiromi/src/sst_v2/v1/eval/merged/ A7-7ep/interpolation/merge_eval_interpolation/A6_A7_sst_interp_k5_lw_nogevp_a0.3_jailbreak_eval_results.json,,,
merged,interpolation,1.0,5.0,False,,jailbreak,1.0,/mnt/nas/home/hiromi/src/sst_v2/v1/eval/merged/ A7-7ep/interpolation/merge_eval_interpolation/A5_A7_sst_interp_k5_nogevp_a1.0_jailbreak_eval_results.json,,,
merged,interpolation,0.2,5.0,True,,jailbreak,0.792,/mnt/nas/home/hiromi/src/sst_v2/v1/eval/merged/ A7-7ep/interpolation/merge_eval_interpolation/A5_A7_sst_interp_k5_lw_nogevp_a0.2_jailbreak_eval_results.json,,,
merged,interpolation,0.5,5.0,True,,jailbreak,0.876,/mnt/nas/home/hiromi/src/sst_v2/v1/eval/merged/ A7-7ep/interpolation/merge_eval_interpolation/A6_A7_sst_interp_k5_lw_nogevp_a0.5_jailbreak_eval_results.json,,,
merged,interpolation,0.6,5.0,False,,repliqa,,/mnt/nas/home/hiromi/src/sst_v2/v1/eval/merged/ A7-7ep/interpolation/merge_eval_interpolation/A5_A7_sst_interp_k5_a0.6_repliqa_eval_results.json,0.3657575955658417,0.3979484380811748,0.21654960670013781
merged,interpolation,0.6,5.0,True,,jailbreak,0.976,/mnt/nas/home/hiromi/src/sst_v2/v1/eval/merged/ A7-7ep/interpolation/merge_eval_interpolation/A5_A7_sst_interp_k5_lw_nogevp_a0.6_jailbreak_eval_results.json,,,
merged,interpolation,0.9,5.0,False,,alpaca,,/mnt/nas/home/hiromi/src/sst_v2/v1/eval/merged/ A7-7ep/interpolation/merge_eval_interpolation/A6_A7_sst_interp_k5_a0.9_alpaca_eval_results.json,0.3906291904702249,0.47061323289405593,0.25194022104133396
merged,interpolation,0.1,5.0,False,,jailbreak,0.748,/mnt/nas/home/hiromi/src/sst_v2/v1/eval/merged/ A7-7ep/interpolation/merge_eval_interpolation/A5_A7_sst_interp_k5_nogevp_a0.1_jailbreak_eval_results.json,,,
merged,interpolation,0.9,5.0,False,,repliqa,,/mnt/nas/home/hiromi/src/sst_v2/v1/eval/merged/ A7-7ep/interpolation/merge_eval_interpolation/A5_A7_sst_interp_k5_a0.9_repliqa_eval_results.json,0.2935262585931215,0.3304657359856435,0.15981950502605402
merged,interpolation,0.8,5.0,False,,jailbreak,0.894,/mnt/nas/home/hiromi/src/sst_v2/v1/eval/merged/ A7-7ep/interpolation/merge_eval_interpolation/A6_A7_sst_interp_k5_a0.8_jailbreak_eval_results.json,,,
merged,interpolation,0.9,5.0,False,,jailbreak,0.898,/mnt/nas/home/hiromi/src/sst_v2/v1/eval/merged/ A7-7ep/interpolation/merge_eval_interpolation/A5_A7_sst_interp_k5_a0.9_jailbreak_eval_results.json,,,
merged,interpolation,0.1,5.0,False,,jailbreak,0.742,/mnt/nas/home/hiromi/src/sst_v2/v1/eval/merged/ A7-7ep/interpolation/merge_eval_interpolation/A6_A7_sst_interp_k5_nogevp_a0.1_jailbreak_eval_results.json,,,
merged,interpolation,0.2,5.0,True,,jailbreak,0.694,/mnt/nas/home/hiromi/src/sst_v2/v1/eval/merged/ A7-7ep/interpolation/merge_eval_interpolation/A5_A7_sst_interp_k5_lw_a0.2_jailbreak_eval_results.json,,,
merged,interpolation,0.3,5.0,True,,jailbreak,0.784,/mnt/nas/home/hiromi/src/sst_v2/v1/eval/merged/ A7-7ep/interpolation/merge_eval_interpolation/A6_A7_sst_interp_k5_lw_a0.3_jailbreak_eval_results.json,,,
merged,interpolation,0.7,5.0,True,,jailbreak,0.986,/mnt/nas/home/hiromi/src/sst_v2/v1/eval/merged/ A7-7ep/interpolation/merge_eval_interpolation/A5_A7_sst_interp_k5_lw_nogevp_a0.7_jailbreak_eval_results.json,,,
merged,interpolation,0.6,5.0,True,,alpaca,,/mnt/nas/home/hiromi/src/sst_v2/v1/eval/merged/ A7-7ep/interpolation/merge_eval_interpolation/A6_A7_sst_interp_k5_lw_a0.6_alpaca_eval_results.json,0.4721421782214824,0.5527095949770067,0.3284840691524273
merged,interpolation,0.4,5.0,False,,alpaca,,/mnt/nas/home/hiromi/src/sst_v2/v1/eval/merged/ A7-7ep/interpolation/merge_eval_interpolation/A6_A7_sst_interp_k5_a0.4_alpaca_eval_results.json,0.5108888832316155,0.5929475901185376,0.3731419863186494
merged,interpolation,0.4,5.0,False,,alpaca,,/mnt/nas/home/hiromi/src/sst_v2/v1/eval/merged/ A7-7ep/interpolation/merge_eval_interpolation/A6_A7_sst_interp_k5_nogevp_a0.4_alpaca_eval_results.json,0.4455238376700933,0.5235650325871258,0.30275420886888277
merged,interpolation,0.9,5.0,True,,alpaca,,/mnt/nas/home/hiromi/src/sst_v2/v1/eval/merged/ A7-7ep/interpolation/merge_eval_interpolation/A6_A7_sst_interp_k5_lw_nogevp_a0.9_alpaca_eval_results.json,0.2579293025333414,0.32741751453193385,0.16048407133129822
merged,interpolation,0.9,5.0,True,,repliqa,,/mnt/nas/home/hiromi/src/sst_v2/v1/eval/merged/ A7-7ep/interpolation/merge_eval_interpolation/A5_A7_sst_interp_k5_lw_a0.9_repliqa_eval_results.json,0.3051421041569098,0.34051480323117983,0.1661524368535916
merged,interpolation,0.2,5.0,False,,jailbreak,0.76,/mnt/nas/home/hiromi/src/sst_v2/v1/eval/merged/ A7-7ep/interpolation/merge_eval_interpolation/A6_A7_sst_interp_k5_nogevp_a0.2_jailbreak_eval_results.json,,,
merged,interpolation,0.1,5.0,False,,repliqa,,/mnt/nas/home/hiromi/src/sst_v2/v1/eval/merged/ A7-7ep/interpolation/merge_eval_interpolation/A5_A7_sst_interp_k5_a0.1_repliqa_eval_results.json,0.6458148304450433,0.6618304503544815,0.5450919905172161
merged,interpolation,0.4,5.0,False,,jailbreak,0.788,/mnt/nas/home/hiromi/src/sst_v2/v1/eval/merged/ A7-7ep/interpolation/merge_eval_interpolation/A6_A7_sst_interp_k5_a0.4_jailbreak_eval_results.json,,,
merged,interpolation,0.6,5.0,False,,jailbreak,0.824,/mnt/nas/home/hiromi/src/sst_v2/v1/eval/merged/ A7-7ep/interpolation/merge_eval_interpolation/A5_A7_sst_interp_k5_a0.6_jailbreak_eval_results.json,,,
merged,interpolation,0.3,5.0,False,,repliqa,,/mnt/nas/home/hiromi/src/sst_v2/v1/eval/merged/ A7-7ep/interpolation/merge_eval_interpolation/A5_A7_sst_interp_k5_nogevp_a0.3_repliqa_eval_results.json,0.37282834361058326,0.4039602523798286,0.23688226981324048
merged,interpolation,0.1,5.0,True,,jailbreak,0.778,/mnt/nas/home/hiromi/src/sst_v2/v1/eval/merged/ A7-7ep/interpolation/merge_eval_interpolation/A6_A7_sst_interp_k5_lw_nogevp_a0.1_jailbreak_eval_results.json,,,
merged,interpolation,0.2,5.0,False,,jailbreak,0.758,/mnt/nas/home/hiromi/src/sst_v2/v1/eval/merged/ A7-7ep/interpolation/merge_eval_interpolation/A6_A7_sst_interp_k5_a0.2_jailbreak_eval_results.json,,,
merged,interpolation,0.4,5.0,False,,repliqa,,/mnt/nas/home/hiromi/src/sst_v2/v1/eval/merged/ A7-7ep/interpolation/merge_eval_interpolation/A5_A7_sst_interp_k5_a0.4_repliqa_eval_results.json,0.42237155171440577,0.45320396199353996,0.28693937572809775
merged,interpolation,0.4,5.0,True,,alpaca,,/mnt/nas/home/hiromi/src/sst_v2/v1/eval/merged/ A7-7ep/interpolation/merge_eval_interpolation/A6_A7_sst_interp_k5_lw_nogevp_a0.4_alpaca_eval_results.json,0.45808510125839574,0.5393923792751943,0.31464207522768006
merged,interpolation,0.3,5.0,True,,alpaca,,/mnt/nas/home/hiromi/src/sst_v2/v1/eval/merged/ A7-7ep/interpolation/merge_eval_interpolation/A6_A7_sst_interp_k5_lw_nogevp_a0.3_alpaca_eval_results.json,0.5132866408753155,0.5936384879282084,0.37265632256512093
merged,interpolation,0.9,5.0,False,,alpaca,,/mnt/nas/home/hiromi/src/sst_v2/v1/eval/merged/ A7-7ep/interpolation/merge_eval_interpolation/A6_A7_sst_interp_k5_nogevp_a0.9_alpaca_eval_results.json,0.2282008125265068,0.29531534810927224,0.13489358020750597
merged,interpolation,0.7,5.0,True,,jailbreak,0.852,/mnt/nas/home/hiromi/src/sst_v2/v1/eval/merged/ A7-7ep/interpolation/merge_eval_interpolation/A5_A7_sst_interp_k5_lw_a0.7_jailbreak_eval_results.json,,,
merged,interpolation,0.7,5.0,False,,jailbreak,0.868,/mnt/nas/home/hiromi/src/sst_v2/v1/eval/merged/ A7-7ep/interpolation/merge_eval_interpolation/A5_A7_sst_interp_k5_a0.7_jailbreak_eval_results.json,,,
merged,interpolation,0.9,5.0,True,,jailbreak,0.898,/mnt/nas/home/hiromi/src/sst_v2/v1/eval/merged/ A7-7ep/interpolation/merge_eval_interpolation/A5_A7_sst_interp_k5_lw_a0.9_jailbreak_eval_results.json,,,
merged,interpolation,0.1,5.0,True,,alpaca,,/mnt/nas/home/hiromi/src/sst_v2/v1/eval/merged/ A7-7ep/interpolation/merge_eval_interpolation/A6_A7_sst_interp_k5_lw_a0.1_alpaca_eval_results.json,0.6452092105618651,0.7058519750464584,0.5087639465761972
merged,interpolation,0.4,5.0,False,,jailbreak,0.882,/mnt/nas/home/hiromi/src/sst_v2/v1/eval/merged/ A7-7ep/interpolation/merge_eval_interpolation/A5_A7_sst_interp_k5_nogevp_a0.4_jailbreak_eval_results.json,,,
merged,interpolation,0.9,5.0,False,,jailbreak,1.0,/mnt/nas/home/hiromi/src/sst_v2/v1/eval/merged/ A7-7ep/interpolation/merge_eval_interpolation/A6_A7_sst_interp_k5_nogevp_a0.9_jailbreak_eval_results.json,,,
merged,interpolation,1.0,5.0,True,,jailbreak,0.998,/mnt/nas/home/hiromi/src/sst_v2/v1/eval/merged/ A7-7ep/interpolation/merge_eval_interpolation/A6_A7_sst_interp_k5_lw_nogevp_a1.0_jailbreak_eval_results.json,,,
merged,interpolation,0.3,5.0,False,,repliqa,,/mnt/nas/home/hiromi/src/sst_v2/v1/eval/merged/ A7-7ep/interpolation/merge_eval_interpolation/A5_A7_sst_interp_k5_a0.3_repliqa_eval_results.json,0.477876213217809,0.5063645237474848,0.3469737422081358
merged,interpolation,0.2,5.0,False,,repliqa,,/mnt/nas/home/hiromi/src/sst_v2/v1/eval/merged/ A7-7ep/interpolation/merge_eval_interpolation/A5_A7_sst_interp_k5_a0.2_repliqa_eval_results.json,0.5654832344453252,0.588461673910671,0.44967579058126206
merged,interpolation,0.4,5.0,False,,jailbreak,0.76,/mnt/nas/home/hiromi/src/sst_v2/v1/eval/merged/ A7-7ep/interpolation/merge_eval_interpolation/A5_A7_sst_interp_k5_a0.4_jailbreak_eval_results.json,,,
merged,interpolation,1.0,5.0,False,,jailbreak,1.0,/mnt/nas/home/hiromi/src/sst_v2/v1/eval/merged/ A7-7ep/interpolation/merge_eval_interpolation/A6_A7_sst_interp_k5_nogevp_a1.0_jailbreak_eval_results.json,,,
merged,interpolation,0.2,5.0,True,,repliqa,,/mnt/nas/home/hiromi/src/sst_v2/v1/eval/merged/ A7-7ep/interpolation/merge_eval_interpolation/A5_A7_sst_interp_k5_lw_a0.2_repliqa_eval_results.json,0.5696742902596463,0.5918766488067194,0.45394965530628145
merged,interpolation,1.0,5.0,True,,jailbreak,1.0,/mnt/nas/home/hiromi/src/sst_v2/v1/eval/merged/ A7-7ep/interpolation/merge_eval_interpolation/A5_A7_sst_interp_k5_lw_nogevp_a1.0_jailbreak_eval_results.json,,,
merged,interpolation,1.0,5.0,False,,alpaca,,/mnt/nas/home/hiromi/src/sst_v2/v1/eval/merged/ A7-7ep/interpolation/merge_eval_interpolation/A6_A7_sst_interp_k5_nogevp_a1.0_alpaca_eval_results.json,0.2074574386568208,0.26897802866493215,0.11995394312388973
merged,interpolation,1.0,5.0,False,,repliqa,,/mnt/nas/home/hiromi/src/sst_v2/v1/eval/merged/ A7-7ep/interpolation/merge_eval_interpolation/A5_A7_sst_interp_k5_nogevp_a1.0_repliqa_eval_results.json,0.022930007939236583,0.026224988388834646,0.004606862012873304
merged,interpolation,0.6,5.0,True,,alpaca,,/mnt/nas/home/hiromi/src/sst_v2/v1/eval/merged/ A7-7ep/interpolation/merge_eval_interpolation/A6_A7_sst_interp_k5_lw_nogevp_a0.6_alpaca_eval_results.json,0.3638452801245042,0.4386611952062033,0.23944689918369183
merged,interpolation,0.8,5.0,True,,jailbreak,0.992,/mnt/nas/home/hiromi/src/sst_v2/v1/eval/merged/ A7-7ep/interpolation/merge_eval_interpolation/A6_A7_sst_interp_k5_lw_nogevp_a0.8_jailbreak_eval_results.json,,,
merged,interpolation,0.6,5.0,False,,jailbreak,0.952,/mnt/nas/home/hiromi/src/sst_v2/v1/eval/merged/ A7-7ep/interpolation/merge_eval_interpolation/A6_A7_sst_interp_k5_nogevp_a0.6_jailbreak_eval_results.json,,,
merged,interpolation,0.4,5.0,True,,repliqa,,/mnt/nas/home/hiromi/src/sst_v2/v1/eval/merged/ A7-7ep/interpolation/merge_eval_interpolation/A5_A7_sst_interp_k5_lw_nogevp_a0.4_repliqa_eval_results.json,0.3446596791685633,0.3798287483798834,0.20737769549127577
merged,interpolation,0.8,5.0,False,,jailbreak,0.996,/mnt/nas/home/hiromi/src/sst_v2/v1/eval/merged/ A7-7ep/interpolation/merge_eval_interpolation/A6_A7_sst_interp_k5_nogevp_a0.8_jailbreak_eval_results.json,,,
merged,interpolation,0.4,5.0,False,,jailbreak,0.852,/mnt/nas/home/hiromi/src/sst_v2/v1/eval/merged/ A7-7ep/interpolation/merge_eval_interpolation/A6_A7_sst_interp_k5_nogevp_a0.4_jailbreak_eval_results.json,,,
merged,interpolation,0.1,5.0,False,,alpaca,,/mnt/nas/home/hiromi/src/sst_v2/v1/eval/merged/ A7-7ep/interpolation/merge_eval_interpolation/A6_A7_sst_interp_k5_a0.1_alpaca_eval_results.json,0.6392804284818963,0.7007482585689113,0.5056117111768672
merged,interpolation,1.0,5.0,True,,repliqa,,/mnt/nas/home/hiromi/src/sst_v2/v1/eval/merged/ A7-7ep/interpolation/merge_eval_interpolation/A5_A7_sst_interp_k5_lw_a1.0_repliqa_eval_results.json,0.2969714499040448,0.3338455630746191,0.15995130087404746
merged,interpolation,0.2,5.0,True,,alpaca,,/mnt/nas/home/hiromi/src/sst_v2/v1/eval/merged/ A7-7ep/interpolation/merge_eval_interpolation/A6_A7_sst_interp_k5_lw_a0.2_alpaca_eval_results.json,0.6017853538261663,0.6699467148820197,0.46982520386857
merged,interpolation,0.7,5.0,True,,alpaca,,/mnt/nas/home/hiromi/src/sst_v2/v1/eval/merged/ A7-7ep/interpolation/merge_eval_interpolation/A6_A7_sst_interp_k5_lw_a0.7_alpaca_eval_results.json,0.44825795028008203,0.5303614105653198,0.3052488020260216
merged,interpolation,0.5,5.0,False,,jailbreak,0.842,/mnt/nas/home/hiromi/src/sst_v2/v1/eval/merged/ A7-7ep/interpolation/merge_eval_interpolation/A6_A7_sst_interp_k5_a0.5_jailbreak_eval_results.json,,,
merged,interpolation,0.7,5.0,True,,jailbreak,0.874,/mnt/nas/home/hiromi/src/sst_v2/v1/eval/merged/ A7-7ep/interpolation/merge_eval_interpolation/A6_A7_sst_interp_k5_lw_a0.7_jailbreak_eval_results.json,,,
merged,interpolation,0.1,5.0,True,,alpaca,,/mnt/nas/home/hiromi/src/sst_v2/v1/eval/merged/ A7-7ep/interpolation/merge_eval_interpolation/A6_A7_sst_interp_k5_lw_nogevp_a0.1_alpaca_eval_results.json,0.6340493910011574,0.6999441963349877,0.5056284718656795
merged,interpolation,0.2,5.0,False,,jailbreak,0.802,/mnt/nas/home/hiromi/src/sst_v2/v1/eval/merged/ A7-7ep/interpolation/merge_eval_interpolation/A5_A7_sst_interp_k5_nogevp_a0.2_jailbreak_eval_results.json,,,
merged,interpolation,0.8,5.0,True,,repliqa,,/mnt/nas/home/hiromi/src/sst_v2/v1/eval/merged/ A7-7ep/interpolation/merge_eval_interpolation/A5_A7_sst_interp_k5_lw_nogevp_a0.8_repliqa_eval_results.json,0.09635131039510592,0.11261962567296985,0.04250574209506871
merged,interpolation,0.3,5.0,True,,repliqa,,/mnt/nas/home/hiromi/src/sst_v2/v1/eval/merged/ A7-7ep/interpolation/merge_eval_interpolation/A5_A7_sst_interp_k5_lw_a0.3_repliqa_eval_results.json,0.4876291631671614,0.514672647742016,0.3558554200826884
merged,interpolation,0.6,5.0,True,,jailbreak,0.818,/mnt/nas/home/hiromi/src/sst_v2/v1/eval/merged/ A7-7ep/interpolation/merge_eval_interpolation/A5_A7_sst_interp_k5_lw_a0.6_jailbreak_eval_results.json,,,
merged,interpolation,1.0,5.0,False,,alpaca,,/mnt/nas/home/hiromi/src/sst_v2/v1/eval/merged/ A7-7ep/interpolation/merge_eval_interpolation/A6_A7_sst_interp_k5_a1.0_alpaca_eval_results.json,0.36969973304028236,0.4471530889372445,0.23840648484247334
merged,interpolation,0.6,5.0,False,,repliqa,,/mnt/nas/home/hiromi/src/sst_v2/v1/eval/merged/ A7-7ep/interpolation/merge_eval_interpolation/A5_A7_sst_interp_k5_nogevp_a0.6_repliqa_eval_results.json,0.1729710024418047,0.20163652204292165,0.08294922204588635
merged,interpolation,0.6,5.0,True,,repliqa,,/mnt/nas/home/hiromi/src/sst_v2/v1/eval/merged/ A7-7ep/interpolation/merge_eval_interpolation/A5_A7_sst_interp_k5_lw_nogevp_a0.6_repliqa_eval_results.json,0.21873951680072748,0.25588602461859,0.10652875062502373
merged,interpolation,0.5,5.0,False,,alpaca,,/mnt/nas/home/hiromi/src/sst_v2/v1/eval/merged/ A7-7ep/interpolation/merge_eval_interpolation/A6_A7_sst_interp_k5_nogevp_a0.5_alpaca_eval_results.json,0.3868691303117725,0.46523120525868944,0.25527195963639493
merged,interpolation,0.5,5.0,True,,alpaca,,/mnt/nas/home/hiromi/src/sst_v2/v1/eval/merged/ A7-7ep/interpolation/merge_eval_interpolation/A6_A7_sst_interp_k5_lw_nogevp_a0.5_alpaca_eval_results.json,0.41556389305330405,0.49488856175924234,0.2788473047195816
merged,interpolation,0.8,5.0,False,,repliqa,,/mnt/nas/home/hiromi/src/sst_v2/v1/eval/merged/ A7-7ep/interpolation/merge_eval_interpolation/A5_A7_sst_interp_k5_a0.8_repliqa_eval_results.json,0.3168435603600567,0.3524762514983504,0.17626980870475348
merged,interpolation,0.4,5.0,True,,jailbreak,0.838,/mnt/nas/home/hiromi/src/sst_v2/v1/eval/merged/ A7-7ep/interpolation/merge_eval_interpolation/A6_A7_sst_interp_k5_lw_nogevp_a0.4_jailbreak_eval_results.json,,,
merged,interpolation,1.0,5.0,False,,jailbreak,0.91,/mnt/nas/home/hiromi/src/sst_v2/v1/eval/merged/ A7-7ep/interpolation/merge_eval_interpolation/A5_A7_sst_interp_k5_a1.0_jailbreak_eval_results.json,,,
merged,interpolation,0.4,5.0,True,,jailbreak,0.798,/mnt/nas/home/hiromi/src/sst_v2/v1/eval/merged/ A7-7ep/interpolation/merge_eval_interpolation/A6_A7_sst_interp_k5_lw_a0.4_jailbreak_eval_results.json,,,
